ISO_A3,ISO_A2,Country,ECONOMY,INCOME_GRP,CONTINENT,REGION_UN,SUBREGION,REGION_WB,Long,Lat,temp_dec19,temp_jan20,temp_fev20,temp_mar20,temp_mean,Population,confirmed_31aou,deaths_31aou,recovered_31aou,condirmed_p_million,deaths_p_million,recovered_p_million,AUC_confirmed,AUC_deaths,AUC_recovered,cumul_tests,cumul_tests_p_million,type_test,date_testing,date_first_cases,days_since_first_cases,AUC_confirmed_pmillion,AUC_deaths_pmillion,AUC_recovered_pmillion
ABW,AW,Aruba,6. Developing region,2. High income: nonOECD,North America,Americas,Caribbean,Latin America & Caribbean,-69.98493643434237,12.52704498950007,30.200006103515648,28.950006103515648,30.200006103515648,29.679986572265648,29.757501220703148,106766,2006,10,768,18788.752973793155,93.66277653934773,7193.301238221906,44494,457,19251,NA,NA,NA,NA,2020-03-13,171,416743.1579341738,4280.388887848191,180310.2111158983
AFG,AF,Afghanistan,7. Least developed region,5. Low income,Asia,Asia,Southern Asia,South Asia,65.17783584231378,33.93282653800006,-3.5700134277343523,-11.280004882812477,-5.179998779296852,-1.7900146484374773,-5.45500793457029,38928341,38165,1402,29089,980.3911242968202,36.01489208081074,747.244790113198,3226413.5,95507,1728860.5,NA,NA,NA,NA,2020-02-24,189,82880.83738271816,2453.4053480470698,44411.35829548965
AGO,AO,Angola,7. Least developed region,3. Upper middle income,Africa,Africa,Middle Africa,Sub-Saharan Africa,18.86364162779072,-11.931491794999943,25.749993896484398,25.369989013671898,25.309991455078148,25.879998779296898,25.577493286132835,32866268,2654,108,1071,80.75148660018229,3.2860439159079453,32.586602166087125,84830,3849,29719.5,NA,NA,NA,NA,2020-03-20,164,2581.0657906154725,117.11095400305261,904.2553903595017
AIA,AI,Anguilla,6. Developing region,3. Upper middle income,North America,Americas,Caribbean,Latin America & Caribbean,-63.04297045025042,18.223903713000055,27.629998779296898,26.850000000000023,27.110009765625023,26.570001220703148,27.040002441406273,15002,3,0,3,199.97333688841488,0,199.97333688841488,464.5,0,393.5,NA,NA,NA,NA,2020-03-28,156,30962.538328222905,0,26229.83602186375
ALB,AL,Albania,6. Developing region,4. Lower middle income,Europe,Europe,Southern Europe,Europe & Central Asia,20.006494492517476,41.14563914300005,3.6199890136718977,1.6799865722656477,3.9099975585937727,5.379998779296898,3.647492980957054,2877800,9513,284,5214,3305.6501494196955,98.68649662936966,1811.8006810758218,442798.5,13120,248018,NA,NA,NA,NA,2020-03-09,175,153867.0164709153,4559.038154145527,86183.19549655987
AND,AD,Andorra,2. Developed region: nonG7,2. High income: nonOECD,Europe,Europe,Southern Europe,Europe & Central Asia,1.5617361337659112,42.536035258000055,4.439996337890648,2.2099853515625227,6.020013427734398,5.219995117187523,4.472497558593773,77265,1176,53,908,15220.345563968162,685.9509480359801,11751.763411635282,128870,7236.5,98517,NA,NA,NA,NA,2020-03-02,182,1667896.2013848445,93658.1893483466,1275053.3876917104
ARE,AE,United Arab Emirates,6. Developing region,2. High income: nonOECD,Asia,Asia,Western Asia,Middle East & North Africa,55.13711463566297,24.352618310000047,22.309991455078148,19.570001220703148,21.730004882812523,23.850000000000023,21.86499938964846,9890400,70231,384,60931,7100.926150610693,38.82552778451832,6160.62039957939,5873124.5,37900,4370397.5,7094658,717327.7117204561,tests performed,2020-08-31,2020-01-29,215,593820.7251476179,3831.998705815741,441882.78532718593
ARG,AR,Argentina,5. Emerging region: G20,3. Upper middle income,South America,Americas,South America,Latin America & Caribbean,-63.96988168085082,-37.090499776499954,23.350000000000023,24.260003662109398,22.749993896484398,22.890008544921898,23.31250152587893,45195777,417735,8660,301195,9242.788325112764,191.6108224005088,6664.228828281899,14214979.5,290844,7876610.5,1383480,30610.82454672701,tests performed,2020-08-31,2020-03-03,181,314520.08226343803,6435.203005802954,174277.5768629888
ARM,AM,Armenia,6. Developing region,4. Lower middle income,Asia,Asia,Western Asia,Europe & Central Asia,44.83659190504394,40.078872579000034,0.8500000000000227,-4.350012207031227,-1.3599914550781023,6.550012207031273,0.4225021362304915,2963234,43781,879,37722,14774.735981026137,296.63536527996104,12730.010522287474,3003683.5,54951.5,2010795,NA,NA,NA,NA,2020-03-01,183,1013650.4575743935,18544.434897817722,678581.2392811368
ATG,AG,Antigua and Barbuda,6. Developing region,3. Upper middle income,North America,Americas,Caribbean,Latin America & Caribbean,-61.78821511445005,17.079169012500074,27.330010986328148,26.649987792968773,26.390008544921898,26.279992675781273,26.662500000000023,97928,94,3,91,959.8888979658525,30.63475206273997,929.2541459031125,7680,429.5,5378.5,NA,NA,NA,NA,2020-03-13,171,78424.96528061433,4385.8753369822725,54923.00465648231
AUS,AU,Australia,2. Developed region: nonG7,1. High income: OECD,Oceania,Oceania,Australia and New Zealand,East Asia & Pacific,133.08112633550004,-24.922906182999924,31.290002441406273,30.679986572265648,29.360009765625023,25.640008544921898,29.24250183105471,25459700,25819,657,21348,1014.1124993617364,25.80548867425775,838.5016319909504,1724491.5,24826.5,1214640,6214453,244089.79681614472,tests performed,2020-08-31,2020-01-26,218,67734.1641888946,975.1293220265753,47708.339061340084
AUT,AT,Austria,2. Developed region: nonG7,1. High income: OECD,Europe,Europe,Western Europe,Europe & Central Asia,14.763600225864185,47.69458343500007,-0.38999023437497726,-1.4299987792968523,1.5599914550781477,2.7300048828125227,0.6175018310547102,9006400,27438,733,23226,3046.500266477172,81.38656955054185,2578.8328299875643,2840850,96411.5,2346066,1180711,131096.88665837626,tests performed,2020-08-31,2020-02-25,188,315425.69728193287,10704.776603304317,260488.76354592288
AZE,AZ,Azerbaijan,6. Developing region,3. Upper middle income,Asia,Asia,Western Asia,Europe & Central Asia,47.72575533429071,40.137038476000065,11.170007324218773,7.290002441406273,9.689996337890648,14.320001220703148,10.61750183105471,10139175,36435,534,33847,3593.487635828359,52.66700693103729,3338.2400441850546,2307382.5,31334,1757869.5,NA,NA,NA,NA,2020-03-01,183,227571.03018736732,3090.389504077008,173374.01711677725
BDI,BI,Burundi,7. Least developed region,5. Low income,Africa,Africa,Eastern Africa,Sub-Saharan Africa,29.917829757667086,-3.3845868454999035,18.860009765625023,18.700006103515648,19.010003662109398,18.779992675781273,18.837503051757835,11890781,445,1,357,37.423950537815806,0.08409876525351867,30.023259195506167,25574.5,140.5,18503.5,NA,NA,NA,NA,2020-03-31,153,2150.783871976113,11.815876518119374,1556.1215028684826
BEL,BE,Belgium,2. Developed region: nonG7,1. High income: OECD,Europe,Europe,Western Europe,Europe & Central Asia,4.842477667351959,50.49821075450008,4.309991455078148,3.9800048828125227,5.550012207031273,6.040002441406273,4.970002746582054,11589616,85236,9895,18422,7354.514593063308,853.7815230461475,1589.5263484139596,8919031,1305313.5,2246365,2312632,199543.4533810266,tests performed,2020-08-31,2020-02-04,209,769570.8813820924,112627.8472039108,193825.66255862144
BEN,BJ,Benin,7. Least developed region,5. Low income,Africa,Africa,Western Africa,Sub-Saharan Africa,2.2810286684567584,9.306791977000088,27.390008544921898,27.499993896484398,29.550012207031273,30.869989013671898,28.827500915527366,12123198,2145,40,1738,176.9335120980454,3.299459433063784,143.3615123666214,133373.5,2413,78762,NA,NA,NA,NA,2020-03-16,168,11001.511317393315,199.0398902995728,6496.800596674244
BFA,BF,Burkina Faso,7. Least developed region,5. Low income,Africa,Africa,Western Africa,Sub-Saharan Africa,-1.210976298277318,12.222614237500053,26.839990234375023,25.980004882812523,28.640008544921898,33.27999267578127,28.68499908447268,20903278,1368,55,1058,65.44428103573038,2.631166269711382,50.614071151902586,138765,7454.5,109307,NA,NA,NA,NA,2020-03-10,174,6638.432498481817,356.61870831933635,5229.1798444244005
BGD,BD,Bangladesh,7. Least developed region,5. Low income,Asia,Asia,Southern Asia,South Asia,89.85933761798253,23.677716064500075,20.499993896484398,19.540002441406273,22.249993896484398,27.540002441406273,22.457498168945335,164689383,312996,4281,204887,1900.523241379804,25.9943896929895,1244.0814111253303,18098105,239822.5,9239809.5,1550203,9412.8897185801,samples tested,2020-08-31,2020-03-08,176,109892.36021365141,1456.2110539936868,56104.46363746472
BGR,BG,Bulgaria,2. Developed region: nonG7,3. Upper middle income,Europe,Europe,Eastern Europe,Europe & Central Asia,25.189682654828538,42.73222483350001,1.5700012207031477,-0.5900024414062273,1.3500000000000227,2.6100097656250227,1.2350021362304915,6948445,16266,629,11483,2340.9554224002636,90.52385101990446,1652.599970209162,891548,34461.5,483998.5,NA,NA,tests performed,2020-08-31,2020-03-08,176,128308.9957537262,4959.598874280505,69655.65676924837
BHR,BH,Bahrain,6. Developing region,2. High income: nonOECD,Asia,Asia,Western Asia,Middle East & North Africa,50.54478707919914,26.00208161000006,19.850000000000023,17.070001220703148,19.350000000000023,22.890008544921898,19.790002441406273,1701583,51972,190,49047,30543.323481722608,111.66073003785299,28824.335927192504,3338782,10909,2804806.5,NA,NA,units unclear,2020-08-31,2020-02-24,189,1962162.2924065413,6411.088968331254,1648351.2705521858
BHS,BS,"Bahamas, The",6. Developing region,2. High income: nonOECD,North America,Americas,Caribbean,Latin America & Caribbean,-78.33549223099914,26.652820196500073,23.209985351562523,22.240014648437523,22.959985351562523,24.270013427734398,23.16999969482424,393248,2217,50,801,5637.6637643420945,127.14622833428268,2036.8825779152087,54784.5,2020,15589.5,NA,NA,NA,NA,2020-03-16,168,139312.8509235902,5136.707624705021,39642.922532346
BIH,BA,Bosnia and Herzegovina,6. Developing region,3. Upper middle income,Europe,Europe,Southern Europe,Europe & Central Asia,17.935681641172945,43.91899993900003,2.7600036621093977,0.8399902343750227,2.9999938964843977,4.010003662109398,2.652497863769554,3280815,19964,609,13095,6085.0733735367585,185.62460851952946,3991.3862866391432,926851,32158.5,523118.5,NA,NA,NA,NA,2020-03-05,179,282506.3284580203,9801.985177463528,159447.7286893653
BLM,BL,Saint Barthelemy,2. Developed region: nonG7,1. High income: OECD,North America,Americas,Caribbean,Latin America & Caribbean,-62.829163060551835,17.91044749550005,27.520013427734398,26.790002441406273,26.700006103515648,26.439996337890648,26.86250457763674,9885,18,0,13,1820.9408194233688,0,1315.1239251390998,1240,0,915.5,NA,NA,NA,NA,2020-03-04,180,125442.58978249872,0,92615.07334344968
BLR,BY,Belarus,6. Developing region,3. Upper middle income,Europe,Europe,Eastern Europe,Europe & Central Asia,28.018728501007523,53.69943654400008,1.8399902343750227,1.0899902343750227,1.9099975585937727,3.8699890136718977,2.177491760253929,9449321,71843,681,70468,7602.980150637279,72.06867033091585,7457.467049748865,6820880.5,49333.5,5051816,NA,NA,tests performed,2020-08-31,2020-02-28,185,721838.1617049521,5220.851318311654,534622.1172928722
BLZ,BZ,Belize,6. Developing region,4. Lower middle income,North America,Americas,Central America,Latin America & Caribbean,-88.72441197535376,17.19755687050005,22.679986572265648,23.110009765625023,23.950006103515648,25.159997558593773,23.725000000000023,397621,1007,13,173,2532.562414962992,32.694450242819165,435.0876840005935,16185.5,386.5,3133.5,NA,NA,NA,NA,2020-03-23,161,40705.848031165355,972.0311552961236,7880.619987374913
BMU,BM,Bermuda,2. Developed region: nonG7,2. High income: nonOECD,North America,Americas,Northern America,North America,-64.7280248205746,32.31919878402023,19.57560975609756,18.471395881006863,19.059683313032885,18.673372781065087,19.57560975609756,62273,172,9,155,2762.0316991312443,144.5249144894256,2489.040193984552,20132,1195.5,15693.5,NA,NA,NA,NA,2020-03-19,165,323286.1753890129,19197.726141345367,252011.3050599778
BOL,BO,Bolivia,5. Emerging region: G20,4. Lower middle income,South America,Americas,South America,Latin America & Caribbean,-64.2857951496387,-16.287841898999936,31.529992675781273,32.49001464843752,31.179986572265648,30.920007324218773,31.530000305175804,11673029,116598,5027,60408,9988.66703749301,430.65086191424695,5175.006418642496,5495598,213153.5,1825481,238965,20471.55027199881,tests performed,2020-08-31,2020-03-11,173,470794.51271816425,18260.34185300148,156384.51682078405
BRA,BR,Brazil,3. Emerging region: BRIC,3. Upper middle income,South America,Americas,South America,Latin America & Caribbean,-49.72801131635676,-14.238862402999942,27.999993896484398,27.999993896484398,27.740014648437523,27.860009765625023,27.900003051757835,212559409,3908272,121381,3268591,18386.72782534882,571.045057807815,15377.305645406646,200782770,7585159.5,143002358.5,5183751,24387.304351227285,tests performed,2020-08-31,2020-02-26,187,944596.0117437098,35684.89174713503,672764.1894224499
BRB,BB,Barbados,6. Developing region,2. High income: nonOECD,North America,Americas,Caribbean,Latin America & Caribbean,-59.56615985926206,13.193670966000042,28.059991455078148,27.409997558593773,27.189996337890648,27.050012207031273,27.42749938964846,287371,174,7,146,605.4890716182217,24.358755754756046,508.05404859919753,15659,979.5,11471,NA,NA,NA,NA,2020-03-17,167,54490.53662338928,3408.4858945405067,39917.0410375438
BRN,BN,Brunei Darussalam,6. Developing region,2. High income: nonOECD,Asia,Asia,South-Eastern Asia,East Asia & Pacific,114.46843639661012,4.537941182500113,26.540002441406273,26.850000000000023,26.719995117187523,27.179986572265648,26.822496032714866,437483,144,3,139,329.1556471908623,6.857409316476298,317.72663166340175,23076,329.5,20037.5,NA,NA,NA,NA,2020-03-09,175,52747.19246233568,753.1721232596466,45801.77972629794
BTN,BT,Bhutan,7. Least developed region,4. Lower middle income,Asia,Asia,Southern Asia,South Asia,90.29573163660544,27.523971394248804,-5.470007324218727,-7.540014648437477,-6.220007324218727,-2.4700073242187273,-5.425009155273415,771612,225,0,142,291.5973313012239,0,184.0303157545502,9654.5,0,6410,NA,NA,NA,NA,2020-03-06,178,12512.117489100741,0,8307.28397173709
BWA,BW,Botswana,6. Developing region,3. Upper middle income,Africa,Africa,Southern Africa,Sub-Saharan Africa,24.47144057784943,-22.345301614999933,28.570001220703148,28.689996337890648,28.520013427734398,26.719995117187523,28.12500152587893,2351625,1633,6,224,694.4134375166109,2.551427204592569,95.25328230478924,54724.5,212,6312,NA,NA,NA,NA,2020-03-30,154,23270.929676287673,90.15042789560411,2684.101419231383
CAF,CF,Central African Republic,7. Least developed region,5. Low income,Africa,Africa,Middle Africa,Sub-Saharan Africa,20.63311793054073,6.614791158000109,24.089990234375023,23.820001220703148,26.309991455078148,28.469995117187523,25.67249450683596,4829764,4711,62,1790,975.4099786242143,12.837066158926191,370.61852297544976,359205.5,4089,102294,NA,NA,NA,NA,2020-03-15,169,74373.3027120994,846.6252181266,21179.916865503157
CAN,CA,Canada,1. Developed region: G7,1. High income: OECD,North America,Americas,Northern America,North America,-110.43087557719753,56.83692047750006,-13.149999999999977,-14.250006103515602,-10.989996337890602,-8.470007324218727,-11.715002441406227,37855702,130918,9173,116020,3458.3429465922995,242.31488297324404,3064.795892571217,13617079,1012359.5,9273771,NA,NA,people tested,2020-08-31,2020-01-26,218,359710.11711789155,26742.589531162306,244976.8597607832
CHE,CH,Switzerland,2. Developed region: nonG7,1. High income: OECD,Europe,Europe,Western Europe,Europe & Central Asia,8.427000513045153,46.811949971500056,-1.8299926757812273,-2.7099975585937273,-0.20999755859372726,-0.19998779296872726,-1.2374938964843523,8654618,42177,2006,36100,4873.352006986328,231.78377139233643,4171.183523062485,5003337.5,276563,4095533,1029248,118924.71741675948,tests performed,2020-08-31,2020-02-25,188,578111.882003342,31955.540960906652,473219.3841484396
CHL,CL,Chile,5. Emerging region: G20,3. Upper middle income,South America,Americas,South America,Latin America & Caribbean,-71.49639560656101,-35.71034107849994,16.649987792968773,18.629998779296898,17.140008544921898,16.990014648437523,17.352502441406273,19116209,411726,11289,383879,21538.05704886361,590.5459602371998,20081.335164310036,30076418,677972.5,25508750.5,2424413,126824.98920157235,tests performed,2020-08-31,2020-02-23,190,1573346.367995872,35465.844718479486,1334404.248248175
CHN,CN,China,3. Emerging region: BRIC,3. Upper middle income,Asia,Asia,Eastern Asia,East Asia & Pacific,98.60391567500659,36.90367259350006,-14.190008544921852,-13.959997558593727,-11.549993896484352,-6.459997558593727,-11.539999389648415,1404676330,89914,4723,84594,64.01047563747302,3.3623404190202306,60.22312627706911,17199051,834342,14571533,NA,NA,NA,NA,2019-12-10,265,12244.138121128588,593.9745564019008,10373.587629258336
CIV,CI,Cote d'Ivoire,6. Developing region,4. Lower middle income,Africa,Africa,Western Africa,Sub-Saharan Africa,-5.692673938906793,7.519516296500086,27.290002441406273,27.649987792968773,29.800012207031273,29.629998779296898,28.592500305175804,26378275,18067,117,16699,684.9196924362946,4.435468202526511,633.0588334529077,1194344.5,8433.5,782329.5,127804,4845.047676544429,samples tested,2020-08-31,2020-03-11,173,45277.581646260034,319.71385543596006,29658.09932605525
CMR,CM,Cameroon,6. Developing region,4. Lower middle income,Africa,Africa,Middle Africa,Sub-Saharan Africa,13.610935592869085,7.37244517000007,21.059991455078148,21.179986572265648,22.510003662109398,24.029992675781273,22.194993591308616,26545864,19142,411,17651,721.0916171347823,15.482637897941466,664.9246752714472,1474415,36167.5,1141829.5,NA,NA,NA,NA,2020-03-06,178,55542.17410290356,1362.4532996929388,43013.461532086505
COD,CD,"Congo, Dem. Rep.",7. Least developed region,5. Low income,Africa,Africa,Middle Africa,Sub-Saharan Africa,22.433579673677876,-4.0421294149998985,26.580010986328148,26.480004882812523,26.820001220703148,27.100000000000023,26.74500427246096,89561404,10097,258,9133,112.73829517009358,2.8807051751890804,101.97473009690647,756861.5,18951,419781.5,NA,NA,NA,NA,2020-03-11,173,8450.755193609963,211.5978440891793,4687.080385653623
COG,CG,"Congo, Rep.",6. Developing region,4. Lower middle income,Africa,Africa,Middle Africa,Sub-Saharan Africa,16.06791810785963,-0.6542225134998816,28.110009765625023,28.469995117187523,28.619989013671898,29.179986572265648,28.594995117187523,5518092,3979,78,1742,721.0825770936766,14.135320686933092,315.68882867483904,228932.5,4982,81008,NA,NA,NA,NA,2020-03-15,169,41487.61927129885,902.848303362829,14680.436643680461
COL,CO,Colombia,6. Developing region,3. Upper middle income,South America,Americas,South America,Latin America & Caribbean,-72.58618845025387,4.11346893650007,24.670007324218773,24.760003662109398,25.890008544921898,25.559991455078148,25.220002746582054,50882884,615094,19662,459460,12088.42643431925,386.41677621889517,9029.75546747704,22134368,731921,12370505,2625052,51590.07889568524,samples tested,2020-08-31,2020-03-06,178,435006.16042125283,14384.424436319294,243117.21403212915
COM,KM,Comoros,7. Least developed region,5. Low income,Africa,Africa,Eastern Africa,Sub-Saharan Africa,44.418786382751804,-12.225844007999939,28.189996337890648,26.659997558593773,27.390008544921898,26.929986572265648,27.29249725341799,869595,423,7,399,486.4333396581167,8.04972429694283,458.8342849257413,29679.5,578.5,24273.5,NA,NA,NA,NA,2020-04-30,123,34130.25603873067,665.2522151116325,27913.56896026311
CPV,CV,Cabo Verde,6. Developing region,4. Lower middle income,Africa,Africa,Western Africa,Sub-Saharan Africa,-25.180217083349614,17.062404689500084,23.149987792968773,22.320001220703148,23.379998779296898,23.020013427734398,22.967500305175804,555988,3884,40,2916,6985.7622826391935,71.94399879134083,5244.717511888746,189086,1967,116265,NA,NA,NA,NA,2020-03-20,164,340090.07388648676,3537.8461405641847,209114.225486881
CRI,CR,Costa Rica,5. Emerging region: G20,3. Upper middle income,North America,Americas,Central America,Latin America & Caribbean,-83.63340003806532,9.62101878450008,18.610009765625023,19.540002441406273,20.110009765625023,18.469995117187523,19.18250427246096,5094114,41287,436,16056,8104.844139726751,85.58897582582564,3151.8729262831575,1285303.5,11522,426545,131623,25838.251754868463,people tested (incl. non-PCR),2020-08-31,2020-03-06,178,252311.4912622686,2261.826099690741,83732.91214134588
CUB,CU,Cuba,5. Emerging region: G20,3. Upper middle income,North America,Americas,Caribbean,Latin America & Caribbean,-77.95216345490337,21.519761460500064,24.459985351562523,23.730004882812523,24.580010986328148,24.499993896484398,24.317498779296898,11326616,4032,94,3378,355.9756947706182,8.299036534830881,298.23558951764585,327299,11213,263799,403181,35595.89201223031,tests performed,2020-08-31,2020-03-12,172,28896.450625676727,989.9691134580709,23290.186583530332
CUW,CW,Curacao,6. Developing region,2. High income: nonOECD,North America,Americas,Caribbean,Latin America & Caribbean,-69.03453338997173,12.212062893000052,28.909997558593773,27.640008544921898,29.189996337890648,28.570001220703148,28.577500915527366,164100,68,1,35,414.38147471054236,6.0938452163315056,213.2845825716027,3681,165.5,2850.5,NA,NA,NA,NA,2020-03-14,170,22431.444241316272,1008.531383302864,17370.505789152958
CYM,KY,Cayman Islands,5. Emerging region: G20,2. High income: nonOECD,North America,Americas,Caribbean,Latin America & Caribbean,-81.18109224895916,19.329474188000063,28.010003662109398,27.480004882812523,26.909997558593773,26.730004882812523,27.282502746582054,65720,205,1,202,3119.2939744370055,15.216068167985393,3073.6457699330495,22916.5,168.5,17889,NA,NA,NA,NA,2020-03-13,171,348699.02617163723,2563.9074863055384,272200.2434570907
CYP,CY,Cyprus,6. Developing region,2. High income: nonOECD,Asia,Asia,Western Asia,Europe & Central Asia,32.97994680942456,34.904893296500035,13.570001220703148,10.839990234375023,11.350000000000023,13.580010986328148,12.335000610351585,1207361,1488,20,1139,1232.4400075867948,16.56505386541391,943.3798176353221,152155,2638,95661.5,NA,NA,NA,NA,2020-03-09,175,126022.78854460263,2184.9306048480944,79231.89501731461
CZE,CZ,Czechia,2. Developed region: nonG7,1. High income: OECD,Europe,Europe,Eastern Europe,Europe & Central Asia,15.512591981692708,49.800449728000046,2.2799926757812727,0.5800109863281477,4.589990234375023,5.510003662109398,3.2399993896484602,10708982,24618,424,17807,2298.8179455339455,39.59293236275867,1662.8097796784045,1827833,47090,1138957.5,NA,NA,NA,NA,2020-03-01,183,170682.23664957136,4397.243360760155,106355.34731499222
DEU,DE,Germany,1. Developed region: G7,1. High income: OECD,Europe,Europe,Western Europe,Europe & Central Asia,10.481226124629371,51.08512583450006,2.4399963378906477,2.1499877929687727,3.5400024414062727,4.300012207031273,3.1074996948242415,83783945,244802,9303,216795,2921.824700424407,111.0355927976416,2587.548246862809,28797671,1189477.5,24056785.5,NA,NA,tests performed,2020-08-31,2020-01-27,217,343713.4763706818,14196.962198425963,287128.8228311522
DJI,DJ,Djibouti,7. Least developed region,4. Lower middle income,Africa,Africa,Eastern Africa,Middle East & North Africa,42.496292089694684,11.819934594000067,33.83001098632815,32.45998535156252,33.08999023437502,34.64998779296877,33.50749359130862,988002,5387,60,5323,5452.418112513942,60.728622006838044,5387.640915706648,519475.5,5052,433081.5,NA,NA,NA,NA,2020-03-18,166,525783.8546885533,5113.349972975763,438340.71186090715
DMA,DM,Dominica,6. Developing region,3. Upper middle income,North America,Americas,Caribbean,Latin America & Caribbean,-61.345434712556894,15.425340074000047,26.249993896484398,25.589990234375023,25.379998779296898,25.270013427734398,25.62249908447268,71991,20,0,18,277.81250434082034,0,250.03125390673836,2697,0,2280,NA,NA,NA,NA,2020-03-22,162,37463.01621035963,0,31670.62549485352
DNK,DK,Denmark,2. Developed region: nonG7,1. High income: OECD,Europe,Europe,Northern Europe,Europe & Central Asia,9.260474062589893,56.27433909750005,4.420007324218773,5.209985351562523,4.469995117187523,4.480004882812523,4.644998168945335,5792203,16985,624,15205,2932.390318502304,107.73103083576318,2625.0806472079794,1807984.5,81977,1499350.5,2482586,428608.25147184933,tests performed,2020-08-31,2020-02-27,186,312141.0800001312,14152.991530165638,258856.69062358484
DOM,DO,Dominican Republic,6. Developing region,3. Upper middle income,North America,Americas,Caribbean,Latin America & Caribbean,-70.12527861038691,18.77654775300008,24.409997558593773,23.640008544921898,24.939996337890648,23.809991455078148,24.199998474121116,10847904,94715,1710,68082,8731.179774452281,157.6341383552067,6276.051115496597,5347299.5,110011,2938522,373001,34384.614760602606,samples tested,2020-08-31,2020-03-01,183,492933.88842674124,10141.221751224937,270883.8500045723
DZA,DZ,Algeria,6. Developing region,3. Upper middle income,Africa,Africa,Northern Africa,Middle East & North Africa,0.5875031639466028,28.050989177000062,15.409997558593773,12.770013427734398,18.580010986328148,20.839990234375023,16.900003051757835,43851043,44494,1510,31244,1014.6622966299799,34.43475677420033,712.5030070550431,2460653,124415,1646710,NA,NA,NA,NA,2020-02-25,188,56113.899046825405,2837.218717921943,37552.35650837313
ECU,EC,Ecuador,6. Developing region,3. Upper middle income,South America,Americas,South America,Latin America & Caribbean,-78.28143049175695,-1.7887190374999165,15.029992675781273,15.779992675781273,15.550012207031273,17.129998779296898,15.872499084472679,17643060,113767,6556,101669,6448.25784189364,371.59086915761776,5762.549126965504,8078599.5,555546,4385479.5,258893,14673.928445519088,people tested,2020-08-31,2020-03-01,183,457891.06311490183,31488.075197839833,248566.83024373322
EGY,EG,"Egypt, Arab Rep.",5. Emerging region: G20,4. Lower middle income,Africa,Africa,Northern Africa,Middle East & North Africa,29.464138424000097,26.824387925000053,15.290002441406273,12.290002441406273,14.010003662109398,18.379998779296898,14.99250183105471,102334403,98939,5421,72929,966.8205129412833,52.973387649508254,712.65378857978,7458553.5,362583.5,3137000.5,NA,NA,NA,NA,2020-02-14,199,72884.12578123898,3543.124202327149,30654.407589596238
ERI,ER,Eritrea,7. Least developed region,5. Low income,Africa,Africa,Eastern Africa,Sub-Saharan Africa,38.083834080325104,15.181809800500048,28.379998779296898,26.179986572265648,27.089990234375023,29.279992675781273,27.73249206542971,3546427,319,0,284,89.94968738958957,0,80.08059943148413,21892.5,0,14347,NA,NA,NA,NA,2020-03-21,163,6173.114517794952,0,4045.48014099825
ESH,EH,Western Sahara,7. Least developed region,5. Low income,Africa,Africa,Northern Africa,Middle East & North Africa,-12.592972810803229,24.200255228500055,19.570001220703148,18.240014648437523,22.350000000000023,22.390008544921898,20.637506103515648,597330,10,1,8,16.74116485025028,1.674116485025028,13.392931880200225,1246,97.5,924,NA,NA,NA,NA,2020-04-05,148,2085.949140341185,163.22635728994024,1546.8836321631259
ESP,ES,Spain,2. Developed region: nonG7,1. High income: OECD,Europe,Europe,Southern Europe,Europe & Central Asia,-3.476525438180909,39.899476626500025,10.320001220703148,8.029992675781273,12.200006103515648,13.330010986328148,10.970002746582054,46754783,462858,29094,150376,9899.69304316951,622.2678864748448,3216.269873394557,39475223,4022140,20281555,NA,NA,tests performed,2020-08-31,2020-02-01,212,844303.4159735059,86026.27885151345,433785.67279416096
EST,EE,Estonia,2. Developed region: nonG7,1. High income: OECD,Europe,Europe,Northern Europe,Europe & Central Asia,25.493169966336133,58.58848704650006,2.0100036621093977,2.3600097656250227,1.0599914550781477,2.3099914550781477,1.934999084472679,1326539,2375,64,2088,1790.3732947165518,48.245848783940765,1574.0208165760675,291993.5,9037,205772,150334,113327.99111070237,tests performed,2020-08-31,2020-02-27,186,220116.78510771264,6812.464616569886,155119.44993701653
ETH,ET,Ethiopia,7. Least developed region,5. Low income,Africa,Africa,Eastern Africa,Sub-Saharan Africa,38.96906518513181,9.129095052000068,12.649987792968773,13.459985351562523,14.260003662109398,14.730004882812523,13.774995422363304,114963583,52131,809,18994,453.456639395103,7.037011015914492,165.21753675683544,1395574.5,23327.5,529564,910293,7918.098725228492,tests performed,2020-08-31,2020-03-13,171,12139.27457358388,202.91208216779395,4606.363042808087
FIN,FI,Finland,2. Developed region: nonG7,1. High income: OECD,Europe,Europe,Northern Europe,Europe & Central Asia,27.41572814067535,64.94389476100005,-2.6699890136718523,-3.1600097656249773,-4.459997558593727,-1.9499877929687273,-3.059996032714821,5540718,8086,336,7200,1459.377647445692,60.64196012141387,1299.470574030297,979158,41809,787572,688699,124297.78956445717,samples tested,2020-08-31,2020-01-29,215,176720.41782310524,7545.772948560096,142142.58874030405
FJI,FJ,Fiji,6. Developing region,4. Lower middle income,Oceania,Oceania,Melanesia,East Asia & Pacific,177.9857743717401,-17.792006117999932,25.469995117187523,25.189996337890648,26.089990234375023,25.459985351562523,25.55249176025393,896444,28,2,23,31.23452217874178,2.231037298481556,25.656928932537895,3216,36,2254.5,8408,9379.280802816462,tests performed,2020-08-31,2020-03-19,165,3587.5079759583423,40.15867137266801,2514.9367947133337
FLK,FK,Falkland Islands,2. Developed region: nonG7,1. High income: OECD,South America,Americas,South America,Latin America & Caribbean,-58.61388627007456,-51.794244073499925,8.540002441406273,9.740014648437523,9.700006103515648,9.550012207031273,9.382508850097679,3483,13,0,13,3732.4145851277635,0,3732.4145851277635,1831.5,0,1705.5,NA,NA,NA,NA,2020-04-04,149,525839.7932816538,0,489664.0826873385
FRA,FR,France,1. Developed region: G7,1. High income: OECD,Europe,Europe,Western Europe,Europe & Central Asia,2.187589111263552,46.70584981650007,6.969995117187523,6.429986572265648,8.339990234375023,8.490014648437523,7.557496643066429,65273512,302175,30495,73537,4629.3663500134635,467.18797664816935,1126.5978763330522,28981358.5,4086116.5,9316924.5,NA,NA,people tested,2020-08-31,2020-01-24,220,443998.7617029094,62599.9180188129,142736.68161137094
FRO,FO,Faroe Islands,2. Developed region: nonG7,2. High income: nonOECD,Europe,Europe,Northern Europe,Europe & Central Asia,-6.788306838430438,62.19918447500004,2.9900146484375227,3.2199951171875227,1.9399963378906477,2.3200012207031477,2.6175018310547102,48865,411,0,374,8410.928067123707,0,7653.739895630819,35265.5,0,30053,NA,NA,NA,NA,2020-03-04,180,721692.4178860125,0,615020.976158805
GAB,GA,Gabon,6. Developing region,3. Upper middle income,Africa,Africa,Middle Africa,Sub-Saharan Africa,11.733800096774832,-0.8151994769999362,27.409997558593773,27.980004882812523,27.790002441406273,28.159997558593773,27.835000610351585,2225728,8533,53,7264,3833.8017942893293,23.812433504902664,3263.6512637662827,608338.5,4275.5,357572,NA,NA,NA,NA,2020-03-14,170,273321.1335796647,1920.944517928516,160653.9523248124
GBR,GB,United Kingdom,1. Developed region: G7,1. High income: OECD,Europe,Europe,Northern Europe,Europe & Central Asia,-1.9116522003551153,54.314093328500064,4.050012207031273,4.679986572265648,4.420007324218773,4.779992675781273,4.4824996948242415,67886004,335873,41501,0,4947.603043478594,611.3336704867766,0,37507373.5,5206670.5,4115,14330417,211095.3091302885,tests performed,2020-08-31,2020-01-31,213,552505.2483572314,76697.26001253513,60.616323800705665
GEO,GE,Georgia,6. Developing region,4. Lower middle income,Asia,Asia,Western Asia,Europe & Central Asia,43.63696267478848,42.286955366000065,3.2799926757812727,-0.23999633789060226,0.7199951171875227,6.610009765625023,2.592500305175804,3989175,1487,19,1240,372.75877844416453,4.762889569898538,310.8412140354835,130120.5,1865.5,96828,NA,NA,NA,NA,2020-02-26,187,32618.398541051723,467.6405522445117,24272.68796179661
GHA,GH,Ghana,6. Developing region,4. Lower middle income,Africa,Africa,Western Africa,Sub-Saharan Africa,-1.077205749669392,7.951841329000096,27.529992675781273,27.890008544921898,29.740014648437523,30.029992675781273,28.79750213623049,31072945,44298,276,42963,1425.6131821428578,8.882325122385407,1382.6497617139285,2660864,14754,2141628.5,445653,14342.155209298637,samples tested,2020-08-31,2020-03-14,170,85632.82302337291,474.8182059988199,68922.61097234266
GIB,GI,Gibraltar,2. Developed region: nonG7,1. High income: OECD,Europe,Europe,Southern Europe,Europe & Central Asia,-5.346275913136466,36.12683746950006,14.589990234375023,12.350000000000023,15.469995117187523,15.469995117187523,14.469995117187523,33691,288,0,232,8548.276987919622,0,6886.112018046363,26537,0,23999,NA,NA,NA,NA,2020-03-04,180,787658.425098691,0,712326.7341426493
GIN,GN,Guinea,7. Least developed region,5. Low income,Africa,Africa,Western Africa,Sub-Saharan Africa,-9.675994339015546,9.932263082500093,25.149987792968773,24.939996337890648,28.100000000000023,28.999993896484398,26.79749450683596,13132792,9409,59,8447,716.4508506645045,4.492570962823443,643.1991003893156,689105.5,4126.5,526667.5,NA,NA,NA,NA,2020-03-13,171,52472.12473935474,314.2134589506938,40103.239280725684
GLP,NA,Guadeloupe,NA,NA,NA,NA,NA,NA,-61.565542,16.253345,26.290002441406273,25.640008544921898,25.420007324218773,25.309991455078148,25.665002441406273,400127,1269,16,336,3171.4930509563214,39.987304030970165,839.7333846503734,38585.5,1995,22800,NA,NA,NA,NA,2020-03-13,171,96433.13248043746,4985.916971361593,56981.908244132486
GMB,GM,"Gambia, The",7. Least developed region,5. Low income,Africa,Africa,Western Africa,Sub-Saharan Africa,-14.340472268841513,13.442775783500082,27.499993896484398,27.570001220703148,31.439996337890648,32.42000732421877,29.73249969482424,2416664,2963,96,1032,1226.0703184224203,39.72418176461436,427.0349539696044,61604.5,1912,14073,NA,NA,NA,NA,2020-03-17,167,25491.5453699811,791.1732868119027,5823.3167705564365
GNB,GW,Guinea-Bissau,7. Least developed region,5. Low income,Africa,Africa,Western Africa,Sub-Saharan Africa,-14.35413482940563,11.801784572500054,26.980004882812523,27.129998779296898,30.390008544921898,30.749993896484398,28.81250152587893,1967998,2205,34,1127,1120.4279679146016,17.276440321585692,572.6631836007963,194998.5,2337,59547.5,NA,NA,NA,NA,2020-03-25,159,99084.70435437435,1187.5012068101696,30257.90676616541
GNQ,GQ,Equatorial Guinea,7. Least developed region,2. High income: nonOECD,Africa,Africa,Middle Africa,Sub-Saharan Africa,10.473700997270438,1.6306013045000611,27.459985351562523,28.240014648437523,28.089990234375023,27.800012207031273,27.897500610351585,1402985,4941,83,3884,3521.776783073233,59.15957761487115,2768.383125977826,315633.5,5013.5,123845,NA,NA,NA,NA,2020-03-15,169,224972.8257964269,3573.4523177368255,88272.504695346
GRC,GR,Greece,2. Developed region: nonG7,1. High income: OECD,Europe,Europe,Southern Europe,Europe & Central Asia,21.95267610558723,39.070318914500064,8.830010986328148,5.670007324218773,7.490014648437523,8.679986572265648,7.667504882812523,10423056,10317,266,1347,989.8248651834932,25.520346431986933,129.2327317439338,597355.5,27009,179141.5,949367,91083.36365073737,samples tested,2020-08-31,2020-02-26,187,57310.97482350666,2591.2745743666733,17187.0418809992
GRD,GD,Grenada,6. Developing region,3. Upper middle income,North America,Americas,Caribbean,Latin America & Caribbean,-61.677480845699094,12.123317775500084,27.059991455078148,26.450006103515648,26.369989013671898,26.379998779296898,26.564996337890648,112519,24,0,24,213.2973097876803,0,213.2973097876803,3292,0,2656,NA,NA,NA,NA,2020-03-22,162,29257.28099254348,0,23604.902283169955
GRL,GL,Greenland,2. Developed region: nonG7,2. High income: nonOECD,North America,Americas,Northern America,Europe & Central Asia,-40.33342360593008,71.81100088100004,-26.480001831054665,-29.720007324218727,-26.730001831054665,-28.470007324218727,-27.850004577636696,56772,14,0,14,246.60043683505953,0,246.60043683505953,1990,0,1846,NA,NA,NA,NA,2020-03-16,168,35052.49066441203,0,32516.02902839428
GTM,GT,Guatemala,6. Developing region,4. Lower middle income,North America,Americas,Central America,Latin America & Caribbean,-90.2868304692596,15.77389150600004,22.170007324218773,22.520013427734398,23.360009765625023,24.640008544921898,23.172509765625023,17915567,74074,2760,62068,4134.616560000585,154.05596708158888,3464.4731031956735,3368055,129037,2094582,NA,NA,NA,NA,2020-03-14,170,187996.0036989061,7202.507182719922,116914.0781310466
GUF,NA,French Guiana,NA,NA,NA,NA,NA,NA,-53.09714,4.097024,26.170007324218773,25.860009765625023,25.589990234375023,26.260003662109398,25.970002746582054,298682,9115,59,8654,30517.406472435567,197.53450157692797,28973.95892621584,517719.5,2744.5,387479,NA,NA,NA,NA,2020-03-07,177,1733346.837104345,9188.70236572676,1297296.1209580759
GUY,GY,Guyana,6. Developing region,4. Lower middle income,South America,Americas,South America,Latin America & Caribbean,-58.956256135627406,4.8624950155000946,27.189996337890648,27.020013427734398,27.480004882812523,28.420007324218773,27.527505493164085,786559,1306,39,718,1660.396740740364,49.583057342170136,912.836799273799,44137,2221.5,20027,NA,NA,NA,NA,2020-03-12,172,56114.03594644521,2824.3272278366912,25461.5356254267
HND,HN,Honduras,6. Developing region,4. Lower middle income,North America,Americas,Central America,Latin America & Caribbean,-87.2304544066036,14.504658406500049,20.719995117187523,20.420007324218773,21.149987792968773,21.399987792968773,20.92249450683596,9904608,61014,1873,10396,6160.163027148576,189.10389992213726,1049.6124632090437,2947436,91414.5,389317,NA,NA,NA,NA,2020-03-11,173,297582.29704800027,9229.4919697983,39306.65403416268
HRV,HR,Croatia,2. Developed region: nonG7,2. High income: nonOECD,Europe,Europe,Southern Europe,Europe & Central Asia,15.321580257748094,44.74512420950004,5.980004882812523,4.540002441406273,6.279992675781273,5.520013427734398,5.5800033569336165,4105268,10269,186,7434,2501.420126530107,45.307638867913134,1810.8440179788506,531562.5,15972,395099,168229,40978.810640377196,people tested,2020-08-31,2020-02-25,188,129483.0203533606,3890.610795689831,96241.95058641725
HTI,HT,Haiti,7. Least developed region,5. Low income,North America,Americas,Caribbean,Latin America & Caribbean,-72.28342338838975,18.982046611000072,25.499993896484398,24.670007324218773,25.589990234375023,25.119989013671898,25.219995117187523,11402533,8224,201,5828,721.24325358234,17.627662204529468,511.11450411939177,602053,13041.5,264982,NA,NA,NA,NA,2020-03-20,164,52799.9348916596,1143.7370977132887,23238.87157353546
HUN,HU,Hungary,2. Developed region: nonG7,1. High income: OECD,Europe,Europe,Eastern Europe,Europe & Central Asia,19.119192289394935,47.15798828150007,4.149987792968773,0.35000000000002274,6.619989013671898,7.790002441406273,4.7274948120117415,9660350,6139,615,3761,635.4842215861744,63.662289668593786,389.32336820094514,565783.5,71949.5,327195.5,428150,44320.34036033891,tests performed,2020-08-31,2020-03-04,180,58567.59848245664,7447.918553675591,33869.942600423376
IDN,ID,Indonesia,4. Emerging region: MIKT,4. Lower middle income,Asia,Asia,South-Eastern Asia,East Asia & Pacific,113.32522975833626,0.10490550300005452,23.339990234375023,23.350000000000023,23.429986572265648,23.619989013671898,23.434991455078148,273523621,174796,7417,125959,639.052668873523,27.11648804912538,460.5050179560178,8727830,429233.5,4804795.5,1282618,4689.240349008102,people tested,2020-08-31,2020-03-02,182,31908.87122688391,1569.2739750619198,17566.290920081086
IMN,IM,Isle of Man,2. Developed region: nonG7,2. High income: nonOECD,Europe,Europe,Northern Europe,Europe & Central Asia,-4.509970617310316,54.23865387600006,7.170007324218773,7.309991455078148,6.420007324218773,6.529992675781273,6.8574996948242415,85032,336,24,312,3951.4535704205473,282.2466836014677,3669.20688681908,48464,3151,41801,NA,NA,NA,NA,2020-03-20,164,569950.1364192304,37056.637501176025,491591.40088437294
IND,IN,India,3. Emerging region: BRIC,4. Lower middle income,Asia,Asia,Southern Asia,South Asia,80.2265066120594,21.78674957900006,20.369989013671898,19.920007324218773,21.700006103515648,26.339990234375023,22.082498168945335,1380004385,3691166,65288,2839882,2674.7494719011347,47.30999459831427,2057.878968261394,128217039,2802716,86838087,43324834,31394.70748855628,samples tested,2020-08-31,2020-01-30,214,92910.60259928087,2030.9471697801885,62925.950050513784
IRL,IE,Ireland,2. Developed region: nonG7,1. High income: OECD,Europe,Europe,Northern Europe,Europe & Central Asia,-7.958241972373972,53.41606273000005,6.089990234375023,6.149987792968773,5.719995117187523,6.420007324218773,6.094995117187523,4937796,28811,1777,23364,5834.789448571792,359.8771597692574,4731.665706724214,3509156.5,223073.5,2803588,839814,170078.71528106873,tests performed,2020-08-31,2020-02-29,184,710672.6361315858,45176.734721321016,567781.2530124777
IRN,IR,"Iran, Islamic Rep.",5. Emerging region: G20,3. Upper middle income,Asia,Asia,Southern Asia,Middle East & North Africa,54.07557963013381,32.421665548000064,8.369989013671898,5.149987792968773,10.029992675781273,12.490014648437523,9.009996032714866,83992953,375212,21571,323233,4467.184288662884,256.8191643410847,3848.334752559539,30975319,1684159.5,25268466.5,NA,NA,NA,NA,2020-02-19,194,368784.7360242233,20051.200009600805,300840.3157345831
IRQ,IQ,Iraq,6. Developing region,4. Lower middle income,Asia,Asia,Western Asia,Middle East & North Africa,42.49210705194626,33.221448771500064,12.679986572265648,10.209985351562523,12.360009765625023,17.709985351562523,13.239991760253929,40222503,234934,7042,176602,5840.859779412534,175.07612591886686,4390.626809077496,8972203,319428,6017677,1605904,39925.51134870946,samples tested,2020-08-31,2020-02-24,189,223064.26330554317,7941.5246733899185,149609.70976868345
ISL,IS,Iceland,2. Developed region: nonG7,1. High income: OECD,Europe,Europe,Northern Europe,Europe & Central Asia,-18.46764827264562,64.96470774950004,-2.6399902343749773,-2.6499999999999773,-2.9100097656249773,-2.4700073242187273,-2.6675018310546648,341250,2107,10,1997,6174.358974358975,29.304029304029307,5852.014652014653,289900.5,1486,255013.5,90081,263973.62637362635,tests performed,2020-08-31,2020-02-28,185,849525.2747252748,4354.578754578755,747292.3076923077
ISR,IL,Israel,2. Developed region: nonG7,1. High income: OECD,Asia,Asia,Western Asia,Middle East & North Africa,34.66271931433034,31.44616440850004,16.089990234375023,12.929986572265648,14.459985351562523,17.689996337890648,15.29248962402346,8655541,116596,939,95009,13470.677338366255,108.48541991771513,10976.668009544406,5799826,55340.5,3774723.5,2469909,285355.8200463726,tests performed,2020-08-31,2020-02-21,192,670070.8829176594,6393.650032967322,436104.86045875127
ITA,IT,Italy,1. Developed region: G7,1. High income: OECD,Europe,Europe,Southern Europe,Europe & Central Asia,12.692034589438354,42.49248678850006,9.499993896484398,7.700006103515648,9.050012207031273,8.520013427734398,8.692506408691429,60461828,269214,35483,207653,4452.627532200979,586.8661463560117,3434.4479296921027,35518119,4925646.5,22687561.5,8644859,142980.44379339638,tests performed,2020-08-31,2020-01-31,213,587446.9921749637,81467.0456209164,375237.7698537332
JAM,JM,Jamaica,6. Developing region,3. Upper middle income,North America,Americas,Caribbean,Latin America & Caribbean,-77.17582601888913,18.119147039500064,26.270013427734398,25.450006103515648,25.980004882812523,25.719995117187523,25.855004882812523,2961161,2459,21,890,830.417528800359,7.091812974708231,300.55778797572975,104543.5,1501.5,62844,NA,NA,NA,NA,2020-03-11,173,35304.90236768618,507.06462769163846,21222.756884884002
JOR,JO,Jordan,6. Developing region,3. Upper middle income,Asia,Asia,Western Asia,Middle East & North Africa,36.29970486933047,31.269849549000057,10.830010986328148,7.510003662109398,9.129998779296898,13.179986572265648,10.162500000000023,10203140,2034,15,1508,199.3503960545479,1.4701356641190848,147.79763876610534,142368,1449.5,110440,78885,7731.443457602268,tests performed,2020-05-01,2020-03-03,181,13953.351615287058,142.0641096760409,10824.11884968745
JPN,JP,Japan,1. Developed region: G7,1. High income: OECD,Asia,Asia,Eastern Asia,East Asia & Pacific,143.3376546590435,43.462123927500045,-4.940008544921852,-7.229986572265602,-6.880010986328102,-0.9199890136718523,-4.992498779296852,126476458,68396,1298,56338,540.7804826412834,10.262779496876801,445.4425818914062,3757088,123801,2623957,NA,NA,tests performed,2020-08-31,2020-01-15,229,29705.828732174017,978.846197606198,20746.60408342555
KAZ,KZ,Kazakhstan,6. Developing region,3. Upper middle income,Asia,Asia,Central Asia,Europe & Central Asia,66.32589922993681,48.010869039000056,-6.070013427734352,-8.320013427734352,-5.889990234374977,0.29000244140627274,-4.997503662109352,18776707,105872,1523,96297,5638.475372705128,81.11113413017522,5128.535051433672,5875762,56265.5,4067923.5,2523160,134377.13013256263,tests performed,2020-08-31,2020-03-13,171,312928.2466835106,2996.5584487205347,216647.33331568737
KEN,KE,Kenya,5. Emerging region: G20,5. Low income,Africa,Africa,Eastern Africa,Sub-Saharan Africa,37.44792128384599,0.15482371000009465,17.550012207031273,17.939996337890648,18.469995117187523,19.010003662109398,18.24250183105471,53771300,34201,577,19893,636.0456228508516,10.730631396302488,369.955719872869,1428330.5,26329.5,661085.5,454406,8450.716274295022,samples tested,2020-08-31,2020-03-13,171,26563.064311258982,489.65712192191745,12294.39310561582
KGZ,KG,Kyrgyz Republic,6. Developing region,5. Low income,Asia,Asia,Central Asia,Europe & Central Asia,75.06974736111012,41.22466827400005,-8.600012207031227,-12.410009765624977,-6.639990234374977,0.33999023437502274,-6.82750549316404,6524191,43898,1058,38459,6728.497065766469,162.1656999312252,5894.83048549621,1989855,60800,1421522.5,NA,NA,NA,NA,2020-03-18,166,304996.4355733914,9319.16309623676,217884.8687906286
KHM,KH,Cambodia,7. Least developed region,5. Low income,Asia,Asia,South-Eastern Asia,East Asia & Pacific,105.10262759628262,12.558769429500082,26.459985351562523,27.860009765625023,28.020013427734398,30.290002441406273,28.157502746582054,16718971,274,0,266,16.388568411297562,0,15.91007006352245,26040,0,21753,NA,NA,NA,NA,2020-01-27,217,1557.5121220079873,0,1301.0968198939995
KNA,KN,St. Kitts and Nevis,6. Developing region,2. High income: nonOECD,North America,Americas,Caribbean,Latin America & Caribbean,-62.74947264704154,17.317409572500083,26.920007324218773,26.240014648437523,26.010003662109398,25.869989013671898,26.260003662109398,53192,17,0,17,319.59693186945407,0,319.59693186945407,2358.5,0,1865.5,NA,NA,NA,NA,2020-03-25,159,44339.37434200632,0,35071.06331779215
KOR,KR,"Korea, Rep.",4. Emerging region: MIKT,1. High income: OECD,Asia,Asia,Eastern Asia,East Asia & Pacific,128.01105070332005,36.460451240000054,1.2300048828125227,1.3999877929687727,2.5599914550781477,7.230004882812523,3.1049972534179915,51269183,20182,324,15198,393.6477786275627,6.319585783139942,296.43538497580505,2200055.5,44115,1726224,1879813,36665.55404247421,people tested,2020-08-31,2020-01-20,224,42911.85018493468,860.4584161210449,33669.81681763878
KWT,KW,Kuwait,6. Developing region,2. High income: nonOECD,Asia,Asia,Western Asia,Middle East & North Africa,47.41774213931983,29.314304746500056,15.939996337890648,13.749993896484398,13.520013427734398,20.689996337890648,15.975000000000023,4270563,85109,531,77224,19929.222446782776,124.33957770907489,18082.86167421017,5704769.5,39987.5,4499422,617619,144622.3835124315,tests performed,2020-08-31,2020-02-24,189,1335835.4624437105,9363.51951721588,1053589.8896702847
LAO,LA,Lao PDR,7. Least developed region,4. Lower middle income,Asia,Asia,South-Eastern Asia,East Asia & Pacific,104.68352242341693,18.205504862500035,19.490014648437523,21.279992675781273,21.390008544921898,25.290002441406273,21.86250457763674,7275556,22,0,21,3.0238238837004343,0,2.8863773435322333,2954,0,2212.5,NA,NA,NA,NA,2020-03-24,160,406.01707965686745,0,304.10047012214596
LBN,LB,Lebanon,6. Developing region,3. Upper middle income,Asia,Asia,Western Asia,Middle East & North Africa,35.90693488661094,33.86919993100011,9.749993896484398,6.980004882812523,7.879998779296898,11.580010986328148,9.047502136230491,6825442,17308,167,4811,2535.806472313441,24.467279921212427,704.8627766524131,477970,6895.5,177437.5,NA,NA,NA,NA,2020-02-21,192,70027.69930504134,1010.2642436929359,25996.484916288206
LBR,LR,Liberia,7. Least developed region,5. Low income,Africa,Africa,Western Africa,Sub-Saharan Africa,-9.685195635859714,6.455679423500079,28.070001220703148,27.730004882812523,28.920007324218773,29.040002441406273,28.44000396728518,5057677,1304,82,872,257.82587539694606,16.21297682710857,172.41116821022774,94951,6092,49565,NA,NA,NA,NA,2020-03-16,168,18773.638569643732,1204.5055467164077,9799.953615068736
LBY,LY,Libya,6. Developing region,3. Upper middle income,Africa,Africa,Northern Africa,Middle East & North Africa,17.23161442025011,26.342579244000035,14.469995117187523,12.010003662109398,14.040002441406273,19.179986572265648,14.92499694824221,6871287,13966,237,1459,2032.5158882171565,34.49135511295046,212.33285700335324,325882,6618.5,44784.5,131626,19155.945603785724,samples tested,2020-08-31,2020-03-24,160,47426.63201231443,963.2111131437241,6517.629084624176
LCA,LC,St. Lucia,6. Developing region,3. Upper middle income,North America,Americas,Caribbean,Latin America & Caribbean,-60.97770079175078,13.913153387500074,27.719995117187523,27.070001220703148,26.879998779296898,26.740014648437523,27.102502441406273,183629,26,0,25,141.58983602807834,0,136.1440731039215,3110,0,2692.5,NA,NA,NA,NA,2020-03-14,170,16936.322694127834,0,14662.716673292345
LIE,LI,Liechtenstein,2. Developed region: nonG7,2. High income: nonOECD,Europe,Europe,Western Europe,Europe & Central Asia,9.535102854074388,47.15735524550004,0.7300048828125227,-0.13001098632810226,1.8600097656250227,2.3900085449218977,1.2125030517578352,38137,107,1,97,2805.67427957102,26.221254949261873,2543.4617300784016,13600.5,150.5,12512.5,NA,NA,NA,NA,2020-03-04,180,356622.1779374361,3946.298869863912,328093.4525526392
LKA,LK,Sri Lanka,6. Developing region,4. Lower middle income,Asia,Asia,Southern Asia,South Asia,80.6673312903979,7.878892320000091,25.330010986328148,25.820001220703148,26.240014648437523,27.270013427734398,26.165010070800804,21413250,3049,12,2868,142.38847442588116,0.560400686490841,133.93576407131098,266682.5,1494,200619,228052,10650.041446300771,tests performed,2020-08-31,2020-01-27,217,12454.088006257807,69.76988546810969,9368.918776925502
LSO,LS,Lesotho,7. Least developed region,4. Lower middle income,Africa,Africa,Southern Africa,Sub-Saharan Africa,28.164362679073385,-29.615297139499944,13.439996337890648,15.189996337890648,13.969995117187523,12.490014648437523,13.772500610351585,2142252,1085,31,528,506.47636225803507,14.470753207372429,246.4696030158917,36349.5,947.5,11541,NA,NA,NA,NA,2020-05-13,110,16967.891732625292,442.2915698059799,5387.3213795575875
LTU,LT,Lithuania,2. Developed region: nonG7,3. Upper middle income,Europe,Europe,Northern Europe,Europe & Central Asia,24.146872869298555,55.172731628500046,3.0100036621093977,2.9500061035156477,2.9599853515625227,4.080010986328148,3.250001525878929,2722291,2906,86,1840,1067.4832337909502,31.591038577433494,675.9012904939259,271323,9848,179611,639044,234744.926240435,samples tested,2020-08-31,2020-02-28,185,99667.15534819753,3617.541254774012,65977.88406896984
LUX,LU,Luxembourg,2. Developed region: nonG7,1. High income: OECD,Europe,Europe,Western Europe,Europe & Central Asia,6.0651099967775846,49.80703847300009,3.6799865722656477,3.0299926757812727,4.899987792968773,5.580010986328148,4.29749450683596,625976,6625,124,5984,10583.472848799316,198.09066162280982,9559.471928636243,750040.5,15797,590740,385819,616347.911102023,people tested,2020-08-31,2020-02-29,184,1198193.7007169602,25235.79178754457,943710.3019924087
LVA,LV,Latvia,2. Developed region: nonG7,3. Upper middle income,Europe,Europe,Northern Europe,Europe & Central Asia,24.383287890141787,56.86802866650007,2.5400024414062727,3.0599914550781477,2.6100097656250227,3.8999877929687727,3.027497863769554,1886202,1396,34,1163,740.1116105273985,18.02564094407704,616.5829534694587,163342,3577,112202.5,251717,133451.77239765413,tests performed,2020-08-31,2020-03-02,182,86598.36009080682,1896.4034604989286,59485.94053022953
MAF,MF,St. Martin (French part),6. Developing region,2. High income: nonOECD,North America,Americas,Caribbean,Latin America & Caribbean,-63.05869987109074,18.076727606500043,27.629998779296898,26.850000000000023,27.110009765625023,26.570001220703148,27.040002441406273,38659,213,5,79,5509.713132776326,129.33598903230813,2043.5086267104684,8701.5,468.5,5153.5,NA,NA,NA,NA,2020-03-09,175,225083.42171292583,12118.782172327272,133306.60389559998
MAR,MA,Morocco,6. Developing region,4. Lower middle income,Africa,Africa,Northern Africa,Middle East & North Africa,-9.90629658184228,28.679754950000046,15.100000000000023,13.390008544921898,17.080010986328148,15.339990234375023,15.227502441406273,36910558,62590,1141,47595,1695.7207745274402,30.912564367084347,1289.4684496506393,2385264,45667.5,1690555.5,1934334,52405.98096620484,people tested,2020-08-31,2020-03-02,182,64622.81063320691,1237.247618960407,45801.40728297849
MCO,MC,Monaco,2. Developed region: nonG7,2. High income: nonOECD,Europe,Europe,Western Europe,Europe & Central Asia,7.402929288656744,43.74160654441735,10.719995117187523,9.270013427734398,10.610009765625023,10.010003662109398,10.152505493164085,39244,154,4,116,3924.1667516053412,101.92640913260625,2955.8658648455817,16801,563,12557,NA,NA,NA,NA,2020-02-29,184,428116.39995922946,14346.14208541433,319972.4798695342
MDA,MD,Moldova,6. Developing region,4. Lower middle income,Europe,Europe,Eastern Europe,Europe & Central Asia,28.82301042277575,46.97301249250006,3.3699890136718977,1.3999877929687727,4.740014648437523,7.990014648437523,4.375001525878929,4033963,36920,995,25872,9152.290192051836,246.65570804690077,6413.544199587353,2183368,68505.5,1365625,NA,NA,NA,NA,2020-03-08,176,541246.412027081,16982.183525233126,338531.86060457176
MDG,MG,Madagascar,7. Least developed region,5. Low income,Africa,Africa,Eastern Africa,Sub-Saharan Africa,46.728566758426965,-18.769016208999943,19.320001220703148,18.629998779296898,18.790002441406273,17.189996337890648,18.48249969482424,27691019,14863,192,13832,536.7444224425255,6.9336559987192965,499.51213424106925,662514.5,6983,490725,NA,NA,NA,NA,2020-03-20,164,23925.24811022664,252.1756241617544,17721.449687351702
MDV,MV,Maldives,6. Developing region,3. Upper middle income,Seven seas (open ocean),Asia,Southern Asia,South Asia,73.53386351755016,4.199474744041979,31.760003662109398,31.570001220703148,31.879998779296898,31.640008544921898,31.712503051757835,540542,7804,28,5155,14437.361019125248,51.79986014037762,9536.724250844522,367012,1463,224614.5,112927,208914.385931158,samples tested,2020-08-31,2020-03-08,176,678970.3667800097,2706.5426923347304,415535.7030536018
MEX,MX,Mexico,4. Emerging region: MIKT,3. Upper middle income,North America,Americas,Central America,Latin America & Caribbean,-102.25814951864535,23.629266424000065,11.610009765625023,11.309991455078148,13.080010986328148,18.029992675781273,13.507501220703148,127792286,599560,64414,496222,4691.675990521055,504.05233380049253,3883.035631743844,32406410,3628937,25199683,1328050,10392.25481888633,people tested,2020-08-31,2020-02-28,185,253586.58972576796,28397.152234994843,197192.52068156915
MKD,MK,North Macedonia,6. Developing region,3. Upper middle income,Europe,Europe,Southern Europe,Europe & Central Asia,21.73102113910222,41.60514892600008,3.2700134277343977,0.6299987792968977,4.619989013671898,7.119989013671898,3.9099975585937727,2083380,14341,603,11157,6883.525809021878,289.43351668922617,5355.240042623045,869075.5,39753.5,513095.5,NA,NA,NA,NA,2020-02-26,187,417146.8959095316,19081.252579942207,246280.3233207576
MLI,ML,Mali,7. Least developed region,5. Low income,Africa,Africa,Western Africa,Sub-Saharan Africa,-0.7540599773650434,17.6056706750001,23.339990234375023,22.149987792968773,24.360009765625023,29.619989013671898,24.86749420166018,20250834,2776,126,2169,137.0807740560216,6.221965969401556,107.10669990184107,241979,12537,164001.5,NA,NA,NA,NA,2020-03-25,159,11949.088121506502,619.0856139554548,8098.505967704837
MLT,MT,Malta,2. Developed region: nonG7,2. High income: nonOECD,Europe,Europe,Southern Europe,Middle East & North Africa,14.438141309500068,35.895005601000065,17.320001220703148,14.409997558593773,15.969995117187523,15.610009765625023,15.827500915527366,441539,1883,12,1400,4264.628945574456,27.177667204935464,3170.7278405758043,111521.5,1089,81478,192494,435961.4892455706,tests performed,2020-08-31,2020-03-07,177,252574.51776626756,2466.3732988478937,184531.83071031098
MMR,MM,Myanmar,7. Least developed region,5. Low income,Asia,Asia,South-Eastern Asia,East Asia & Pacific,95.90827772555866,19.26183573400006,22.839990234375023,22.879998779296898,24.290002441406273,28.369989013671898,24.594995117187523,54409794,882,6,354,16.210316841118715,0.11027426422529737,6.506181589292545,40017,846,26586,162168,2980.492813481337,samples tested,2020-08-31,2020-03-27,157,735.4742052506208,15.548671255766932,488.6252647822927
MNE,ME,Montenegro,6. Developing region,3. Upper middle income,Europe,Europe,Southern Europe,Europe & Central Asia,19.289448884507905,42.701410074500046,4.429986572265648,1.5599914550781477,3.6400085449218977,4.610009765625023,3.559999084472679,628062,4835,100,4021,7698.2845642627635,159.21994962280792,6402.234174333107,206308.5,3838,121409.5,NA,NA,NA,NA,2020-03-17,167,328484.28976757074,6110.861666523369,193308.14473730302
MNG,MN,Mongolia,6. Developing region,4. Lower middle income,Asia,Asia,Eastern Asia,East Asia & Pacific,105.4084256652674,46.85869130500005,-14.840002441406227,-15.399999999999977,-11.100012207031227,-4.609991455078102,-11.487501525878884,3278292,304,0,295,92.7312149131316,0,89.98588289267704,27215,0,19114.5,NA,NA,NA,NA,2020-03-10,174,8301.57899296341,0,5830.62765610873
MOZ,MZ,Mozambique,7. Least developed region,5. Low income,Africa,Africa,Eastern Africa,Sub-Saharan Africa,34.67106170272021,-18.637465921999897,31.149987792968773,30.360009765625023,28.679986572265648,29.809991455078148,29.999993896484398,31255435,3916,23,2170,125.2902095267591,0.7358720171387791,69.42792509526744,151750,962.5,57714,96387,3083.8476572154573,units unclear,2020-08-31,2020-03-22,162,4855.155591339554,30.79464419548152,1846.5268520498914
MRT,MR,Mauritania,7. Least developed region,5. Low income,Africa,Africa,Western Africa,Sub-Saharan Africa,-11.48264830117821,21.011440334000042,22.330010986328148,20.839990234375023,24.869989013671898,25.820001220703148,23.464997863769554,4649660,7048,159,6464,1515.8097581328527,34.196048743348975,1390.2091765849548,448915,12148.5,293251,NA,NA,NA,NA,2020-03-14,170,96547.91963283336,2612.7716865319185,63069.342704627874
MSR,MS,Montserrat,6. Developing region,4. Lower middle income,North America,Americas,Caribbean,Latin America & Caribbean,-62.188130927251976,16.752305405500067,26.990014648437523,26.330010986328148,26.070001220703148,25.950006103515648,26.335008239746116,4999,13,1,12,2600.520104020804,200.0400080016003,2400.4800960192038,1752.5,129.5,1256,NA,NA,NA,NA,2020-03-18,166,350570.1140228046,25905.181036207243,251250.25005001
MTQ,NA,Martinique,NA,NA,NA,NA,NA,NA,-60.997992000000004,14.652649,27.550012207031273,26.899987792968773,26.659997558593773,26.529992675781273,26.909997558593773,375265,615,16,98,1638.8418850678854,42.63653684729458,261.1487881896793,37791.5,2072,13570,NA,NA,NA,NA,2020-03-07,177,100706.1676415333,5521.4315217246485,36161.11281361171
MUS,MU,Mauritius,6. Developing region,3. Upper middle income,Seven seas (open ocean),Africa,Eastern Africa,Sub-Saharan Africa,57.58300305380429,-20.253635349499916,25.899987792968773,25.659997558593773,26.129998779296898,23.860009765625023,25.387498474121116,1271767,356,10,335,279.9254894961105,7.863075547643554,263.41303084605903,51396,1506,44121.5,NA,NA,NA,NA,2020-03-18,166,40413.063084668815,1184.1791774751193,34693.06877753551
MWI,MW,Malawi,7. Least developed region,5. Low income,Africa,Africa,Eastern Africa,Sub-Saharan Africa,33.73626569800993,-13.275364277999927,23.800012207031273,24.040002441406273,22.939996337890648,23.140008544921898,23.480004882812523,19129955,5566,175,3160,290.95729707675736,9.14795669932313,165.1859609706348,257151,6787.5,114020,45505,2378.730112015423,samples tested,2020-08-31,2020-04-02,151,13442.321218215096,354.8100348380328,5960.285844896133
MYS,MY,Malaysia,6. Developing region,3. Upper middle income,Asia,Asia,South-Eastern Asia,East Asia & Pacific,102.11153133544167,3.989447332500049,27.080010986328148,27.779992675781273,27.800012207031273,28.689996337890648,27.837503051757835,32365998,9340,127,9054,288.5744477893127,3.9238709710109974,279.7380139490832,1192393,17282.5,1007708,1253855,38739.88375084248,people tested,2020-08-31,2020-01-25,219,36840.915580604065,533.970866586595,31134.77297996496
MYT,NA,Mayotte,NA,NA,NA,NA,NA,NA,45.153713,-12.835302,29.659997558593773,27.670007324218773,28.469995117187523,28.219995117187523,28.504998779296898,272813,3301,40,2964,12099.863276310147,146.6205789313559,10864.584898813473,297039.5,3752,248589,NA,NA,NA,NA,2020-03-15,169,1088802.5863870124,13753.010303761184,911206.5773991708
NAM,"NA",Namibia,6. Developing region,3. Upper middle income,Africa,Africa,Southern Africa,Sub-Saharan Africa,17.233769414966503,-22.957492771499915,21.110009765625023,21.809991455078148,17.640008544921898,18.580010986328148,19.785005187988304,2540916,7550,75,3327,2971.369380176283,29.51691437261208,1309.3703215690718,170625,1189.5,53185.5,61410,24168.44948829477,samples tested,2020-08-31,2020-03-14,170,67150.98019769248,468.13826194962763,20931.62465819413
NCL,NC,New Caledonia,6. Developing region,2. High income: nonOECD,Oceania,Oceania,Melanesia,East Asia & Pacific,165.24243222858826,-21.233819268999923,23.510003662109398,24.279992675781273,25.689996337890648,24.140008544921898,24.405000305175804,285491,23,0,23,80.56295995320343,0,80.56295995320343,3217.5,0,2737.5,NA,NA,NA,NA,2020-03-19,165,11270.057549975305,0,9588.743603125842
NER,NE,Niger,7. Least developed region,5. Low income,Africa,Africa,Western Africa,Sub-Saharan Africa,9.883110821183887,17.60355194100009,20.619989013671898,19.369989013671898,20.909997558593773,27.149987792968773,22.012490844726585,24206636,1176,69,1088,48.58171949212604,2.8504580314257626,44.94635272740913,142236,8328.5,115800,NA,NA,NA,NA,2020-03-20,164,5875.909399389489,344.0585465902821,4783.812174479758
NGA,NG,Nigeria,5. Emerging region: G20,4. Lower middle income,Africa,Africa,Western Africa,Sub-Saharan Africa,7.932629166883327,9.07621714300005,25.520013427734398,25.709985351562523,27.969995117187523,29.050012207031273,27.06250152587893,206139587,54008,1013,41638,261.9972261805298,4.914145869517047,201.98934423983297,3300696,72424.5,1747140,403347,1956.6692932202297,samples tested,2020-08-31,2020-02-28,185,16011.946312864206,351.3371742614387,8475.519066602184
NIC,NI,Nicaragua,6. Developing region,4. Lower middle income,North America,Americas,Central America,Latin America & Caribbean,-85.55804296674714,12.845729885000083,23.779992675781273,23.490014648437523,24.010003662109398,23.779992675781273,23.765000915527366,6624554,4494,137,2913,678.3852920513592,20.680637519144685,439.72771600925887,278756,9257.5,184400.5,NA,NA,NA,NA,2020-03-19,165,42079.210162676616,1397.4525681276052,27835.911670430945
NLD,NL,Netherlands,2. Developed region: nonG7,1. High income: OECD,Europe,Europe,Western Europe,Europe & Central Asia,5.5164067455820485,52.105632019500035,5.770013427734398,5.850000000000023,6.999993896484398,7.110009765625023,6.43250427246096,17134873,70667,6224,0,4124.162460964841,363.2358407325225,0,7267418.5,833371,0,NA,NA,people tested,2020-08-31,2020-02-27,186,424130.28097727953,48635.96012646257,0
NOR,NO,Norway,2. Developed region: nonG7,1. High income: OECD,Europe,Europe,Northern Europe,Europe & Central Asia,22.696975966612783,79.85177236550004,-11.370001220703102,-14.040014648437477,-15.750006103515602,-17.349996948242165,-14.627504730224587,5421242,10782,264,9348,1988.8431470131752,48.697328029259715,1724.3281152178781,1349969,34615,853312,729063,134482.65176134915,people tested,2020-08-31,2020-02-26,187,249014.7091754989,6385.0682186849435,157401.56960342298
NPL,NP,Nepal,7. Least developed region,5. Low income,Asia,Asia,Southern Asia,South Asia,83.10310653068723,28.376628215000096,3.9999938964843977,3.2199951171875227,5.839990234375023,9.679986572265648,5.684991455078148,29136808,39460,228,21410,1354.3007181843666,7.8251536681712,734.8093861208133,1604110,5405,896801,693472,23800.548090236927,tests performed,2020-08-31,2020-01-25,219,55054.41776600924,185.50419112484798,30778.972082322813
NZL,NZ,New Zealand,2. Developed region: nonG7,1. High income: OECD,Oceania,Oceania,Australia and New Zealand,East Asia & Pacific,171.2343512602775,-43.595472914499936,11.679986572265648,13.760003662109398,14.409997558593773,11.290002441406273,12.784997558593773,4822233,1752,22,1598,363.31716032800574,4.5622017849407115,331.3817478334207,232036,2940,202495,766626,158977.3866173617,tests performed,2020-08-31,2020-02-28,185,48117.9569713865,609.6760567148042,41991.95683825315
OMN,OM,Oman,6. Developing region,2. High income: nonOECD,Asia,Asia,Western Asia,Middle East & North Africa,56.9646495795195,20.81732819250007,23.339990234375023,20.869989013671898,22.619989013671898,23.170007324218773,22.499993896484398,5106622,85722,685,80810,16786.439254755882,134.13955448435385,15824.550945811145,5396348,30601.5,3972298,NA,NA,units unclear,2020-08-05,2020-02-24,189,1056735.352646035,5992.513250442269,777871.9474439267
PAK,PK,Pakistan,5. Emerging region: G20,4. Lower middle income,Asia,Asia,Southern Asia,South Asia,70.08668451867175,30.380058899000048,10.869989013671898,8.920007324218773,15.589990234375023,17.959985351562523,13.334992980957054,220892331,295849,6294,280682,1339.3357689724412,28.493519768234957,1270.6733580533403,22727661.5,476015,16053314,2621146,11866.170220278042,tests performed,2020-08-31,2020-02-25,188,102890.22437813833,2154.9639041112746,72674.8363210491
PAN,PA,Panama,6. Developing region,3. Upper middle income,North America,Americas,Central America,Latin America & Caribbean,-81.46730691536595,8.417209170500058,25.879998779296898,26.409997558593773,27.080010986328148,24.999993896484398,26.092500305175804,4314768,92982,2002,66173,21549.710204581104,463.98786678681216,15336.398156285575,5081982,110765,3023393.5,336345,77952.04747972546,tests performed,2020-08-31,2020-03-10,174,1177811.1824320564,25671.1368954252,700708.242019038
PER,PE,Peru,5. Emerging region: G20,3. Upper middle income,South America,Americas,South America,Latin America & Caribbean,-75.7676500549991,-9.18341753599993,23.869989013671898,24.020013427734398,24.350000000000023,24.290002441406273,24.132501220703148,32971846,647166,28788,455457,19627.83642747816,873.1085302290929,13813.512291668474,36949403,1471967,23016210.5,595226,18052.553078162502,people tested,2020-08-31,2020-03-06,178,1120634.9501935681,44643.147975396954,698056.4721793253
PHL,PH,Philippines,5. Emerging region: G20,4. Lower middle income,Asia,Asia,South-Eastern Asia,East Asia & Pacific,125.24432776280042,7.698004461500062,23.649987792968773,23.800012207031273,23.339990234375023,24.010003662109398,23.699998474121116,109581085,220819,3558,157562,2015.1196714286957,32.46910723689221,1437.857637565826,8194648.5,199599,3950182,2479196,22624.306010476168,people tested,2020-08-31,2020-01-30,214,74781.596659679,1821.4731128095693,36048.0278142893
PNG,PG,Papua New Guinea,6. Developing region,4. Lower middle income,Oceania,Oceania,Melanesia,East Asia & Pacific,144.36178692522117,-6.639903666499926,28.510003662109398,28.510003662109398,28.499993896484398,28.420007324218773,28.48500213623049,8947027,459,5,232,51.30195762234763,0.5588448542739393,25.930401238310782,10397.5,108.5,4573,NA,NA,NA,NA,2020-03-20,164,1162.1178744626566,12.126933337744482,511.1195037189449
POL,PL,Poland,2. Developed region: nonG7,1. High income: OECD,Europe,Europe,Eastern Europe,Europe & Central Asia,19.156272106756546,51.91991984050007,3.3099914550781477,2.1599975585937727,4.350000000000023,5.020013427734398,3.7100006103515852,37846605,67372,2039,46638,1780.1332510538264,53.8753740262832,1232.2901882480608,4659152,182079.5,2801796,2714027,71711.24067799476,samples tested,2020-08-31,2020-03-04,180,123106.20728067947,4810.986348709481,74030.31262645619
PRT,PT,Portugal,2. Developed region: nonG7,1. High income: OECD,Europe,Europe,Southern Europe,Europe & Central Asia,-8.291572554048631,39.56507707500006,11.779992675781273,10.089990234375023,13.050012207031273,12.580010986328148,11.875001525878929,10196707,58012,1822,41961,5689.2877278909755,178.68513825100592,4115.152078018914,5710731,207682,3159443.5,2059499,201976.8735141649,samples tested,2020-08-31,2020-03-02,182,560056.3986000578,20367.555917807582,309849.39549601654
PRY,PY,Paraguay,5. Emerging region: G20,4. Lower middle income,South America,Americas,South America,Latin America & Caribbean,-58.47196395355526,-23.438619893499904,28.089990234375023,29.469995117187523,29.110009765625023,29.580010986328148,29.06250152587893,7132530,17662,326,9421,2476.260176963854,45.706081853143274,1320.8496844738122,489781,6369,280742.5,192465,26984.113631488406,tests performed,2020-08-31,2020-03-08,176,68668.62109237535,892.9510285971458,39360.85792839287
PSE,PS,West Bank and Gaza,6. Developing region,4. Lower middle income,Asia,Asia,Western Asia,Middle East & North Africa,35.262730438001256,31.940583801500054,26.979649122807018,27.98743532889874,27.849624060150376,28.3041345480028,26.979649122807018,5101416,22729,152,15056,4455.429629734176,29.795648894346197,2951.3374325873447,787284.5,5140,380379,NA,NA,NA,NA,2020-03-05,179,154326.66146026907,1007.5633902430227,74563.41533409548
PYF,PF,French Polynesia,6. Developing region,2. High income: nonOECD,Oceania,Oceania,Polynesia,East Asia & Pacific,-139.0149287160565,-9.782159112499926,NA,NA,NA,NA,NA,280904,573,0,205,2039.8427932674508,0,729.7866886907982,13668.5,0,8686.5,NA,NA,NA,NA,2020-03-13,171,48658.972460342324,0,30923.37595762253
QAT,QA,Qatar,6. Developing region,2. High income: nonOECD,Asia,Asia,Western Asia,Middle East & North Africa,51.137942225788606,25.363653876000086,20.230004882812523,17.480004882812523,19.559991455078148,22.980004882812523,20.06250152587893,2881060,118778,197,115667,41227.1872158164,68.37761101816693,40147.376312884844,10323622,13557.5,8510020.5,629831,218610.8585034675,people tested,2020-08-31,2020-02-29,184,3583272.1290080734,4705.733306491361,2953781.0736326217
REU,NA,Reunion,NA,NA,NA,NA,NA,NA,55.550615,-21.140234,21.999993896484398,22.320001220703148,22.080010986328148,21.700006103515648,22.025003051757835,895308,1679,9,880,1875.3322878830527,10.052406546127143,982.9019733990983,89790.5,299.5,65557,NA,NA,NA,NA,2020-03-11,173,100290.06777555881,334.5217511738977,73222.84621605078
ROU,RO,Romania,2. Developed region: nonG7,3. Upper middle income,Europe,Europe,Eastern Europe,Europe & Central Asia,24.24782496175107,45.96169179300003,2.5899902343750227,-0.8700012207031023,3.9999938964843977,6.820001220703148,3.1349960327148665,19237682,87540,3621,37869,4550.444279097658,188.22434012580104,1968.4804021607179,4685309,240015.5,2507365.5,1802946,93719.50321249722,tests performed,2020-08-31,2020-02-26,187,243548.5210744205,12476.321211671966,130336.154844435
RUS,RU,Russian Federation,3. Emerging region: BRIC,3. Upper middle income,Europe,Europe,Eastern Europe,Europe & Central Asia,88.3874712890128,59.46461281850006,-14.759985351562477,-12.750006103515602,-10.470007324218727,-3.7299865722656023,-10.427496337890602,145934460,992402,17128,807339,6800.326667190189,117.36775536086542,5532.202606567359,76741277,1149807,49834417.5,36901215,252861.55853799026,tests performed,2020-08-31,2020-01-31,213,525861.2462060024,7878.927293800244,341484.92069659213
RWA,RW,Rwanda,7. Least developed region,5. Low income,Africa,Africa,Eastern Africa,Sub-Saharan Africa,29.98074693651025,-1.9473218784999204,18.040002441406273,17.939996337890648,18.429986572265648,18.339990234375023,18.187493896484398,12952209,4063,16,2013,313.6916644875017,1.2353105173024925,155.41750445811985,160881.5,479,89059.5,409707,31632.210382028272,samples tested,2020-08-31,2020-03-14,170,12421.16306183756,36.98210861174337,6876.008563481334
SAU,SA,Saudi Arabia,2. Developed region: nonG7,2. High income: nonOECD,Asia,Asia,Western Asia,Middle East & North Africa,44.662977330923255,24.24413656650006,17.869989013671898,14.339990234375023,18.070001220703148,21.179986572265648,17.86499176025393,34813867,315772,3897,290796,9070.293742433152,111.93815383967544,8352.878466503018,22531479,220016.5,17498483,5160518,148231.68020949812,tests performed,2020-08-31,2020-03-02,182,647198.3994194038,6319.794925395676,502629.6848896447
SDN,SD,Sudan,6. Developing region,4. Lower middle income,Africa,Africa,Northern Africa,Sub-Saharan Africa,29.77731872509782,15.450595499500054,20.059991455078148,17.559991455078148,20.640008544921898,25.100000000000023,20.839997863769554,43849269,13189,823,6612,300.7803847311571,18.768841961766796,150.78928681798547,1009760.5,62569.5,459364,NA,NA,NA,NA,2020-03-13,171,23027.989360552394,1426.9223051358051,10475.978516312325
SEN,SN,Senegal,7. Least developed region,4. Lower middle income,Africa,Africa,Western Africa,Sub-Saharan Africa,-14.657244664139437,14.48857829100006,27.409997558593773,26.860009765625023,30.800012207031273,31.610009765625023,29.170007324218773,16743930,13611,284,9439,812.8915971340061,16.961370478734683,563.7266758759741,873195.5,15580,553599.5,152330,9097.62522896357,tests performed,2020-08-31,2020-03-02,182,52149.9731544506,930.4864509108673,33062.697944867185
SGP,SG,Singapore,6. Developing region,2. High income: nonOECD,Asia,Asia,South-Eastern Asia,East Asia & Pacific,103.83054143996654,1.3645490580000512,27.679986572265648,28.369989013671898,28.610009765625023,29.379998779296898,28.509996032714866,5850343,56812,27,55658,9710.88361827674,4.615114019810463,9513.630226467065,5400319,3372.5,4129357,2068284,353532.09204998746,samples tested,2020-08-31,2020-01-23,221,923077.3306795858,576.4619271041031,705831.6067963878
SLE,SL,Sierra Leone,7. Least developed region,5. Low income,Africa,Africa,Western Africa,Sub-Saharan Africa,-11.890191469164126,8.45963948850008,29.439996337890648,28.649987792968773,31.059991455078148,31.619989013671898,30.192491149902366,7976985,2022,70,1594,253.47922805420848,8.775245283775764,199.82487117626522,162331,6547,109467,NA,NA,NA,NA,2020-03-31,153,20349.919173722905,820.736155326856,13722.853935415449
SLV,SV,El Salvador,6. Developing region,4. Lower middle income,North America,Americas,Central America,Latin America & Caribbean,-88.91182721845908,13.806225586500119,24.520013427734398,24.260003662109398,24.939996337890648,25.469995117187523,24.79750213623049,6486201,25729,717,14292,3966.728752315878,110.54236524585038,2203.4469792101727,1196433.5,31458.5,608282,317809,48997.7106784079,tests performed,2020-08-31,2020-03-19,165,184458.2830535162,4850.065546843213,93780.93586677316
SMR,SM,San Marino,2. Developed region: nonG7,2. High income: nonOECD,Europe,Europe,Southern Europe,Europe & Central Asia,12.43819486581894,43.934181740500065,5.809991455078148,3.8600097656250227,6.469995117187523,6.350000000000023,5.622499084472679,33938,715,42,660,21067.82957157169,1237.5508279804349,19447.227296835405,99171.5,6535,64484,NA,NA,NA,NA,2020-02-27,186,2922137.4270728976,192557.01573457482,1900053.0378926278
SOM,SO,Somalia,7. Least developed region,5. Low income,Africa,Africa,Eastern Africa,Sub-Saharan Africa,46.75712810601149,5.127952884000088,27.249993896484398,28.600000000000023,30.209985351562523,30.999993896484398,29.264993286132835,15893219,3310,98,2481,208.26492103330358,6.166151740563066,156.10431090139764,318656,10234,129702.5,NA,NA,NA,NA,2020-03-16,168,20049.80866368229,643.9224174788002,8160.870368677359
SPM,PM,Saint Pierre and Miquelon,2. Developed region: nonG7,3. Upper middle income,North America,Americas,Northern America,North America,-56.19375478337921,46.78162262600006,1.6199890136718977,-0.8700012207031023,-1.4799865722656023,-1.2299865722656023,-0.48999633789060226,5795,5,0,1,862.8127696289905,0,172.56255392579808,305.5,0,112.5,NA,NA,NA,NA,2020-04-05,148,52717.86022433132,0,19413.287316652284
SRB,RS,Serbia,6. Developing region,3. Upper middle income,Europe,Europe,Southern Europe,Europe & Central Asia,20.997240659009243,44.20567494700006,4.209985351562523,0.7400146484375227,5.860009765625023,7.399987792968773,4.55249938964846,8737370,31406,713,0,3594.4454681443044,81.60350311363717,0,2367268,51380.5,735730,931037,106558.03748725302,people tested,2020-08-31,2020-03-06,178,270935.9910362043,5880.545289944228,84204.97243449689
SSD,SS,South Sudan,7. Least developed region,5. Low income,Africa,Africa,Eastern Africa,Sub-Saharan Africa,29.117792957310872,7.857841899000107,30.839990234375023,31.390008544921898,33.17000732421877,33.83001098632815,32.30750427246096,11193729,2527,47,1290,225.7514006279766,4.19877951306486,115.24309727348232,203677.5,3620.5,65096,NA,NA,NA,NA,2020-04-05,148,18195.67902706953,323.440026107475,5815.3989613291515
STP,ST,Sao Tome and Principe,7. Least developed region,4. Lower middle income,Africa,Africa,Middle Africa,Sub-Saharan Africa,6.601187028326013,0.2155215515000748,27.850000000000023,28.570001220703148,28.610009765625023,28.149987792968773,28.29499969482424,219161,896,15,851,4088.318633333485,68.44283426339541,3882.990130543299,77348,1466.5,43872.5,NA,NA,NA,NA,2020-04-06,147,352927.75630700716,6691.4277631512905,200183.88308138764
SUR,SR,Suriname,6. Developing region,3. Upper middle income,South America,Americas,South America,Latin America & Caribbean,-56.11870050032598,3.9260276290000604,24.189996337890648,23.929986572265648,23.839990234375023,24.629998779296898,24.147492980957054,586634,4034,71,3140,6876.519260731563,121.02946641347074,5352.570768145044,128692,2217.5,85369,NA,NA,NA,NA,2020-03-14,170,219373.57875608982,3780.040024955935,145523.4439190364
SVK,SK,Slovak Republic,2. Developed region: nonG7,1. High income: OECD,Europe,Europe,Eastern Europe,Europe & Central Asia,19.64503936036953,48.67465281200006,-0.7500061035156023,-2.7099975585937273,0.11998901367189774,1.1799865722656477,-0.540007019042946,5459643,3917,33,2377,717.446177341632,6.044351251537876,435.37645226986456,275913.5,3763.5,189205.5,334932,61346.868284244956,tests performed,2020-08-31,2020-03-06,178,50536.91239518775,689.330785914024,34655.28790069241
SVN,SI,Slovenia,2. Developed region: nonG7,1. High income: OECD,Europe,Europe,Southern Europe,Europe & Central Asia,14.615937513284802,46.15020741850006,3.4900146484375227,2.4200073242187727,5.420007324218773,6.189996337890648,4.380006408691429,2078932,2883,133,2296,1386.7697452345724,63.97515647457445,1104.4132275610746,269394.5,15714.5,178815,158871,76419.52694941442,tests performed,2020-08-31,2020-03-05,179,129583.12248789283,7558.929296388723,86012.91432331601
SWE,SE,Sweden,2. Developed region: nonG7,1. High income: OECD,Europe,Europe,Northern Europe,Europe & Central Asia,14.905117514485955,62.194525458000044,-3.5000061035156023,-0.5799926757812273,-3.3899902343749773,-1.7800048828124773,-2.312498474121071,10099270,84379,5808,0,8354.960309012433,575.0910709387906,0,7745840.5,684750,0,NA,NA,samples tested,2020-08-31,2020-02-01,212,766970.335479693,67801.93023852218,0
SWZ,SZ,Eswatini,6. Developing region,4. Lower middle income,Africa,Africa,Southern Africa,Sub-Saharan Africa,31.447852212760555,-26.539567566499905,22.129998779296898,22.600000000000023,23.390008544921898,22.020013427734398,22.535005187988304,1160164,4577,91,3529,3945.131895145859,78.43718646674091,3041.811330122293,186753.5,3064.5,103311.5,NA,NA,NA,NA,2020-03-14,170,160971.638492489,2641.436900300302,89049.04823800773
SXM,SX,Sint Maarten (Dutch part),6. Developing region,2. High income: nonOECD,North America,Americas,Caribbean,Latin America & Caribbean,-63.06954008400763,18.039496161000073,27.629998779296898,26.850000000000023,27.110009765625023,26.570001220703148,27.040002441406273,42882,476,17,200,11100.228534116879,396.4367333613171,4663.961568956672,18023,2136.5,9354,NA,NA,NA,NA,2020-03-20,164,420292.8967865305,49822.76946037965,218133.48258010353
SYC,SC,Seychelles,6. Developing region,3. Upper middle income,Seven seas (open ocean),Africa,Eastern Africa,Sub-Saharan Africa,46.34959858311478,-9.341607354999923,29.550012207031273,26.909997558593773,28.080010986328148,26.959985351562523,27.87500152587893,98340,136,0,127,1382.9570876550742,0,1291.4378686190767,8337,0,5044.5,NA,NA,NA,NA,2020-03-14,170,84777.30323367908,0,51296.522269676636
SYR,SY,Syrian Arab Republic,6. Developing region,4. Lower middle income,Asia,Asia,Western Asia,Middle East & North Africa,38.56182381124654,34.8081326325001,8.290002441406273,6.110009765625023,7.939996337890648,13.540002441406273,8.970002746582054,17500657,2765,112,629,157.99406845125873,6.39975973473453,35.941507795964455,75476.5,3274,21260.5,NA,NA,NA,NA,2020-03-22,162,4312.780943024025,187.07869081715046,1214.8401057171739
TCA,TC,Turks and Caicos Islands,6. Developing region,2. High income: nonOECD,North America,Americas,Caribbean,Latin America & Caribbean,-71.75743699435418,21.803778387500046,25.659997558593773,24.800012207031273,26.059991455078148,25.089990234375023,25.402497863769554,38718,508,4,200,13120.512423162354,103.31112144222325,5165.556072111162,12330,217,3455,NA,NA,NA,NA,2020-03-28,156,318456.5318456532,5604.628338240611,89234.98114572035
TCD,TD,Chad,7. Least developed region,5. Low income,Africa,Africa,Middle Africa,Sub-Saharan Africa,18.539819901056717,15.444342651500065,25.170007324218773,23.580010986328148,25.490014648437523,30.939996337890648,26.295007324218773,16425859,1013,77,880,61.67105172399203,4.6877304864238765,53.57406270198716,97391.5,8142.5,77401,NA,NA,NA,NA,2020-03-19,165,5929.157190500661,495.71227903514824,4712.143212723305
TGO,TG,Togo,7. Least developed region,5. Low income,Africa,Africa,Western Africa,Sub-Saharan Africa,1.0151236955528673,8.63447408050012,27.559991455078148,27.740014648437523,29.559991455078148,30.439996337890648,28.824998474121116,8278737,1400,28,1005,169.10792068886838,3.382158413777367,121.39532878022335,86422,2130,55927.5,65197,7875.23507510868,tests performed,2020-08-31,2020-03-06,178,10439.031944123844,257.2856221909211,6755.559453090489
THA,TH,Thailand,5. Emerging region: G20,3. Upper middle income,Asia,Asia,South-Eastern Asia,East Asia & Pacific,101.69302334735606,13.03238067950008,26.300012207031273,27.950006103515648,27.899987792968773,29.760003662109398,27.977502441406273,69799978,3417,58,3274,48.954170157474834,0.8309458206419491,46.905458910030035,482519.5,8290,422116,845781,12117.210122902905,tests performed,2020-08-31,2020-01-14,230,6912.888998331776,118.7679457434786,6047.509069415466
TJK,TJ,Tajikistan,6. Developing region,5. Low income,Asia,Asia,Central Asia,Europe & Central Asia,70.9280424859689,38.86113037150005,-8.720007324218727,-13.229986572265602,-8.239996337890602,-3.0300048828124773,-8.304998779296852,9537642,8583,68,7376,899.9079646730293,7.129644832548758,773.3567688952888,657373.5,6114,496531,NA,NA,NA,NA,2020-04-30,123,68924.11143131605,641.0389486206338,52060.1423286804
TLS,TL,Timor-Leste,7. Least developed region,4. Lower middle income,Asia,Asia,South-Eastern Asia,East Asia & Pacific,125.76397844261078,-8.881076755999942,27.809991455078148,26.600000000000023,26.520013427734398,26.330010986328148,26.81500396728518,1318442,27,0,25,20.47871654574111,0,18.961774579389918,3356.5,0,2942.5,NA,NA,NA,NA,2020-03-22,162,2545.80785502889,0,2231.800867994193
TTO,TT,Trinidad and Tobago,6. Developing region,2. High income: nonOECD,North America,Americas,Caribbean,Latin America & Caribbean,-61.25956020265515,10.439988511000053,27.300012207031273,26.820001220703148,26.779992675781273,26.950006103515648,26.962503051757835,1399491,1759,22,676,1256.8855390995727,15.720001057527345,483.0327597676584,36737.5,1333,17542,NA,NA,NA,NA,2020-03-14,170,26250.615402314128,952.4891549856341,12534.557206870211
TUN,TN,Tunisia,6. Developing region,3. Upper middle income,Africa,Africa,Northern Africa,Middle East & North Africa,8.862725378794753,33.79141398150004,15.399987792968773,13.110009765625023,16.580010986328148,18.580010986328148,15.917504882812523,11818618,3803,77,1573,321.78043151915057,6.515144156448749,133.095087767453,202988.5,7267.5,131514.5,150795,12759.106013918039,tests performed,2020-08-31,2020-03-04,180,17175.31609871814,614.9196124284582,11127.739300821804
TUR,TR,Turkey,4. Emerging region: MIKT,3. Upper middle income,Asia,Asia,Western Asia,Europe & Central Asia,35.478535707628204,38.96104675350006,2.9699951171875227,-0.07999267578122726,1.3099914550781477,7.010003662109398,2.8024993896484602,84339067,270133,6370,244926,3202.9403408031535,75.5284617981368,2904.0634276876694,26430830.5,671286,21220727,7138492,84640.39565436501,tests performed,2020-08-31,2020-03-11,173,313387.7506612683,7959.371900568926,251612.067276011
TWN,TW,Taiwan,2. Developed region: nonG7,2. High income: nonOECD,Asia,Asia,Eastern Asia,East Asia & Pacific,120.82791786090533,23.616649110000083,16.640008544921898,15.390008544921898,15.830010986328148,18.420007324218773,16.57000885009768,23816775,488,7,462,20.48975984363962,0.2939104895604044,19.398092310986687,72170.5,1081.5,57687,87499,3673.8391322922603,people tested,2020-08-31,2020-01-21,223,3030.238140974166,45.409170637082475,2422.1163444672925
TZA,TZ,Tanzania,7. Least developed region,5. Low income,Africa,Africa,Eastern Africa,Sub-Saharan Africa,34.20886378960233,-6.354117733999942,21.679986572265648,20.879998779296898,21.379998779296898,20.999993896484398,21.23499450683596,59734213,509,21,183,8.52107987092757,0.3515573227691139,3.0635709555594213,66887.5,2709.5,23042.5,NA,NA,NA,NA,2020-03-16,168,1119.7519250818623,45.35926504966258,385.75045761463366
UGA,UG,Uganda,7. Least developed region,5. Low income,Africa,Africa,Eastern Africa,Sub-Saharan Africa,32.68410357683846,1.3801679885000553,24.830010986328148,25.439996337890648,26.050012207031273,25.920007324218773,25.56000671386721,45741000,2972,32,1288,64.97453050873395,0.6995911764062877,28.158544850353074,114728,466,79469,381749,8345.88225006012,samples tested,2020-08-31,2020-03-21,163,2508.2092652106426,10.187796506416563,1737.369099932227
UKR,UA,Ukraine,6. Developing region,4. Lower middle income,Europe,Europe,Eastern Europe,Europe & Central Asia,31.061414922712466,48.7912606810001,2.3999877929687727,0.35000000000002274,2.1799865722656477,6.689996337890648,2.9049926757812727,43733759,124132,2605,59162,2838.356519959787,59.56496902084269,1352.7764672595374,6383818,156544.5,3049808,1550280,35448.13058488752,tests performed,2020-08-31,2020-03-03,181,145970.02741063258,3579.4887880550127,69735.78466008377
URY,UY,Uruguay,5. Emerging region: G20,3. Upper middle income,South America,Americas,South America,Latin America & Caribbean,-55.81865573863259,-32.52663217849994,22.550012207031273,24.059991455078148,23.700006103515648,23.700006103515648,23.50250396728518,3473727,1595,44,1409,459.1610106378538,12.666510638285622,405.6162156669191,143521.5,3798,113180.5,173187,49856.24949801755,tests performed,2020-08-31,2020-03-13,171,41316.28651301614,1093.3501682774727,32581.863802192864
USA,US,United States,1. Developed region: G7,1. High income: OECD,North America,Americas,Northern America,North America,-99.6984278025896,37.246364650500055,3.4599853515625227,2.9299865722656477,2.8099914550781477,10.070001220703148,4.8174911499023665,329466283,6030587,183597,2184825,18304.109741026215,557.2558087833224,6631.406953408948,405516385,16943242.5,117735608.5,79667581,241807.9940520044,units unclear (incl. non-PCR),2020-08-31,2020-01-22,222,1230828.1785544653,51426.33214458549,357352.5261156997
UZB,UZ,Uzbekistan,6. Developing region,4. Lower middle income,Asia,Asia,Central Asia,Europe & Central Asia,63.38958017939959,41.37142934200003,3.9399963378906477,0.9900146484375227,6.020013427734398,10.700006103515648,5.412507629394554,33469199,41893,320,39275,1251.6881566242444,9.561029530464712,1173.4669837781298,1816758.5,10519,1344009.5,NA,NA,NA,NA,2020-03-15,169,54281.50521319617,314.2889675967447,40156.60787101597
VAT,VA,Vatican,2. Developed region: nonG7,2. High income: nonOECD,Europe,Europe,Southern Europe,Europe & Central Asia,12.453376649639557,41.90322763100001,14.600000000000023,12.540002441406273,13.740014648437523,13.929986572265648,13.702500915527366,809,12,0,12,14833.127317676144,0,14833.127317676144,1770,0,1156,NA,NA,NA,NA,2020-03-06,178,2187886.279357231,0,1428924.5982694684
VCT,VC,St. Vincent and the Grenadines,6. Developing region,3. Upper middle income,North America,Americas,Caribbean,Latin America & Caribbean,-61.1970480760872,13.263169663500065,26.679986572265648,25.999993896484398,25.869989013671898,25.770013427734398,26.079995727539085,110947,60,0,57,540.7987597681777,0,513.7588217797687,4730,0,3769.5,NA,NA,NA,NA,2020-03-14,170,42632.968895058,0,33975.68208243576
VEN,VE,"Venezuela, RB",5. Emerging region: G20,3. Upper middle income,South America,Americas,South America,Latin America & Caribbean,-65.41033057136809,6.420629883000103,22.939996337890648,24.300012207031273,25.580010986328148,25.149987792968773,24.49250183105471,28435943,46728,386,38112,1643.272389454431,13.574369592736911,1340.2755800994537,1482773,13151,890992,NA,NA,NA,NA,2020-03-14,170,52144.32311951111,462.4780686893345,31333.302363139497
VGB,VG,British Virgin Islands,2. Developed region: nonG7,1. High income: OECD,North America,Americas,Caribbean,Latin America & Caribbean,-64.64193284691947,18.41846344600006,27.240014648437523,26.459985351562523,27.309991455078148,26.270013427734398,26.820001220703148,30237,47,1,8,1554.38700929325,33.07206402751596,264.57651222012765,1331.5,134.5,860,NA,NA,NA,NA,2020-03-28,156,44035.4532526375,4448.192611700897,28441.975063663725
VNM,VN,Vietnam,5. Emerging region: G20,4. Lower middle income,Asia,Asia,South-Eastern Asia,East Asia & Pacific,107.85285441102994,15.962429103500057,20.100000000000023,21.179986572265648,21.010003662109398,23.499993896484398,21.447496032714866,97338583,1044,34,707,10.725448920907345,0.34929622922495185,7.263306884177675,70216,623,49382.5,261004,2681.4033239008627,samples tested,2020-04-29,2020-01-23,221,721.3583538605652,6.400339729621912,507.327089402976
XKX,XK,Kosovo,6. Developing region,4. Lower middle income,Europe,Europe,Southern Europe,Europe & Central Asia,20.89630090797798,42.555530192500015,1.7499938964843977,-0.9899963378906023,2.4500061035156477,4.379998779296898,1.8975006103515852,1810366,12683,488,8788,7005.765684949894,269.558752208117,4854.267037715025,598085.5,17690,351735,NA,NA,NA,NA,2020-03-14,170,330367.17437247495,9771.504767544242,194289.4420244304
YEM,YE,"Yemen, Rep.",7. Least developed region,4. Lower middle income,Asia,Asia,Western Asia,Middle East & North Africa,47.485854502637956,15.802394924000083,21.999993896484398,19.980004882812523,21.980004882812523,23.459985351562523,21.85499725341799,29825968,1958,566,1131,65.64749214509986,18.976752070544702,37.919976310576075,130680,35890,57613.5,NA,NA,NA,NA,2020-04-10,143,4381.416891481947,1203.3138371234088,1931.6556632797299
ZAF,ZA,South Africa,5. Emerging region: G20,3. Upper middle income,Africa,Africa,Southern Africa,Sub-Saharan Africa,26.12089165407147,-28.474591572999913,22.480004882812523,23.540002441406273,22.300012207031273,20.249993896484398,22.142503356933616,59308690,627041,14149,540923,10572.497891961533,238.56537718165754,9120.46784375106,30714046.5,565244.5,20993954.5,3693721,62279.59174279519,people tested,2020-08-31,2020-03-05,179,517867.5587000826,9530.551087875992,353977.7138898195
ZMB,ZM,Zambia,7. Least developed region,4. Lower middle income,Africa,Africa,Eastern Africa,Sub-Saharan Africa,25.415240122954742,-13.125502624499951,24.520013427734398,23.749993896484398,23.999993896484398,22.890008544921898,23.790002441406273,18383956,12097,288,11469,658.0194164955574,15.665833839027902,623.8591954854548,436111.5,10704,344944.5,115570,6286.4597804738005,tests performed,2020-08-31,2020-03-18,166,23722.39685517089,582.2468243505369,18763.344516272777
ZWE,ZW,Zimbabwe,5. Emerging region: G20,5. Low income,Africa,Africa,Eastern Africa,Sub-Saharan Africa,29.328271790517974,-19.00762420649992,23.969995117187523,22.570001220703148,21.219995117187523,20.499993896484398,22.064996337890648,14862927,6497,202,5221,437.12789546769625,13.590862688082908,351.276703438024,222795.5,5117,108080.5,99824,6716.308301857366,tests performed,2020-08-31,2020-03-20,164,14990.015089221659,344.27942759861503,7271.817993858142
