id,country,date,vaccines,tests,confirmed,confirmed_per_million,auc_confirmed_per_million,recovered,recovered_per_million,auc_recovered_per_million,deaths,deaths_per_million,auc_deaths_per_million,active_cases,active_cases_per_million,new_cases,new_cases_per_million,new_deaths,new_deaths_per_million,new_recovered,new_recovered_per_million,auc_active_cases_per_million,hosp,vent,icu,population,school_closing,workplace_closing,cancel_events,gatherings_restrictions,transport_closing,stay_home_restrictions,internal_movement_restrictions,international_movement_restrictions,information_campaigns,testing_policy,contact_tracing,stringency_index,iso_alpha_3,iso_alpha_2,iso_numeric,currency,administrative_area_level,administrative_area_level_2,administrative_area_level_3,latitude,longitude,key,key_apple_mobility,key_google_mobility
AFG,Afghanistan,2021-04-30,NA,NA,59745,1607.241461443987,407485.77452090377,53206,1431.3313113664535,318572.25952619774,2625,70.61693591581665,15824.63659986744,3914,1431.3313113664535,169,4.5463855884849576,7,0.18831182910884442,103,2.7708740568872816,318572.25952619774,NA,NA,NA,37172386,0,0,0,0,0,0,0,1,1,3,0,8.33,AFG,AF,4,AFN,1,NA,NA,33,65,NA,NA,AF
AGO,Angola,2021-04-30,NA,NA,26652,865.0504992541,125682.47038065402,23876,774.9491865597664,94919.52583080648,596,19.344518143307955,3139.9788158051983,2180,774.9491865597664,221,7.173051190723252,2,0.06491449041378508,270,8.763456205860987,94919.52583080648,NA,NA,NA,30809762,0,2,1,3,1,1,2,3,2,3,0,58.33,AGO,AO,24,AOA,1,NA,NA,-11.2027,17.8739,NA,NA,AO
ALB,Albania,2021-04-30,476903,615752,131085,45731.96258969514,5539676.057851448,109338,38145.03051937359,3612306.6199270436,2394,835.2009645629184,106194.02339399995,19353,38145.03051937359,108,37.67823900283843,5,1.7443629167980754,732,255.37473101923825,3612306.6199270436,NA,NA,NA,2866376,2,1,2,4,0,2,0,1,2,2,2,54.63,ALB,AL,8,ALL,1,NA,NA,41.1533,20.1683,NA,Albania,AL
AND,Andorra,2021-04-30,NA,NA,13232,171830.7664337844,25736332.233851906,12684,164714.43783601277,23061995.169207595,125,1623.2501363530114,368237.53993195336,423,164714.43783601277,34,441.5240370880191,0,0,34,441.5240370880191,23061995.169207595,NA,NA,NA,77006,1,2,2,4,1,2,1,1,2,3,2,65.74,AND,AD,20,EUR,1,NA,NA,42.5063,1.5218,NA,NA,AD
ARE,United Arab Emirates,2021-04-30,NA,44054915,520236,54017.05063846705,7028173.933665381,500779,51996.794919384454,6485758.323755713,1587,164.78109812325025,24949.69607907167,17870,51996.794919384454,1974,204.96401241039445,3,0.31149545959026514,1836,190.63522126924224,6485758.323755713,NA,NA,NA,9630959,1,2,2,4,0,0,2,3,2,3,2,56.48,ARE,AE,784,AED,1,NA,NA,24,54,NA,United Arab Emirates,AE
ARG,Argentina,2021-04-30,7865213,8788354,2977363,66915.30113091276,9147749.591623703,2634306,59205.202476476756,7912344.945449664,63865,1435.3458771153344,225646.18208335043,279192,59205.202476476756,22420,503.8824796825459,357,8.023463213499952,26229,589.4885619800847,7912344.945449664,NA,NA,NA,44494502,3,2,2,4,2,2,2,3,2,2,2,77.31,ARG,AR,32,ARS,1,NA,NA,-38.4161,-63.6167,NA,Argentina,AR
ARM,Armenia,2021-04-30,NA,983656,216064,73197.96624134081,12210128.410827922,198135,67123.99585876436,10500791.218574852,4108,1391.704519584142,218193.72472707956,13821,67123.99585876436,536,181.58559457086173,21,7.114360981321076,964,326.58304695207227,10500791.218574852,NA,NA,NA,2951776,NA,NA,NA,NA,NA,NA,NA,NA,NA,NA,NA,NA,ARM,AM,51,AMD,1,NA,NA,40.0691,45.0382,NA,NA,AM
ATG,Antigua and Barbuda,2021-04-30,NA,NA,1232,12795.214257524458,1112934.3829840268,1014,10531.126020397565,793552.5413871176,32,332.34322746816775,30980.620235548264,186,10531.126020397565,0,0,0,0,0,0,793552.5413871176,NA,NA,NA,96286,NA,NA,NA,NA,NA,NA,NA,NA,NA,NA,NA,NA,ATG,AG,28,XCD,1,NA,NA,17.0608,-61.7964,NA,NA,AG
AUS,Australia,2021-04-30,2179544,16840781,29801,1192.866035872521,342468.17235999583,26090,1044.3231729107772,292120.44756753155,910,36.42522373893474,9642.15700087997,2801,1044.3231729107772,22,0.8806098046775431,0,0,9,0.360249465549904,292120.44756753155,72.24,1,2,24982688,2,2,1,3,1,0,2,4,2,2,2,54.17,AUS,AU,36,AUD,1,NA,NA,-31.9961875,141.2327875,NA,Australia,AU
AUT,Austria,2021-04-30,3150119,31892904,616156,69696.79728151769,8977580.167503703,569212,64386.703000875175,7867074.350029823,10002,1131.381283976363,158517.46746600117,36942,64386.703000875175,1672,189.1291248558767,15,1.6967325794486545,2757,311.8594481026627,7867074.350029823,1154,NA,506,8840521,2,3,2,4,1,2,2,3,2,3,2,75.46,AUT,AT,40,EUR,1,NA,NA,47.5162,14.5501,NA,Austria,AT
AZE,Azerbaijan,2021-04-30,1488218,3229867,319109,32104.167085856858,4293373.558824121,289460,29121.31028793336,3770948.912452967,4517,454.43570293164856,56904.816998329945,25132,29121.31028793336,1196,120.32435260266806,27,2.716352441699028,2162,217.50940662789995,3770948.912452967,NA,NA,NA,9939800,3,2,2,4,2,1,0,4,2,2,2,73.15,AZE,AZ,31,AZM,1,NA,NA,40.1431,47.5769,NA,NA,AZ
BDI,Burundi,2021-04-30,NA,NA,3995,357.4823151395863,32703.010135317123,773,69.16991980047565,15615.087024349423,6,0.5368945909480646,64.51683334559243,3216,69.16991980047565,10,0.8948243182467742,0,0,0,0,15615.087024349423,NA,NA,NA,11175378,0,2,0,0,0,0,0,1,1,1,0,15.74,BDI,BI,108,BIF,1,NA,NA,-3.3731,29.9189,NA,NA,BI
BEL,Belgium,2021-04-30,3901196,0,995260,87049.56838192025,13191708.993483571,0,0,332172.2176080025,24260,2121.8802412890955,490803.7570399893,971000,0,3470,303.50059510606604,33,2.8863168987032215,0,0,332172.2176080025,2707,511,855,11433256,1,2,2,4,0,2,0,3,2,3,2,60.19,BEL,BE,56,EUR,1,NA,NA,50.8333,4,NA,Belgium,BE
BEN,Benin,2021-04-30,NA,NA,7821,680.9723389924013,98427.14632102539,7580,659.9885346582791,83447.36565315182,99,8.61990302522027,1399.515265412909,142,659.9885346582791,0,0,0,0,0,0,83447.36565315182,NA,NA,NA,11485048,0,0,1,3,1,0,0,3,2,2,0,38.89,BEN,BJ,204,XOF,1,NA,NA,9.3077,2.3158,NA,NA,BJ
BFA,Burkina Faso,2021-04-30,NA,NA,13310,673.8716763026266,93888.75345637693,13043,660.3537395954289,83207.27983926312,157,7.94874929973797,1587.9525312842775,110,660.3537395954289,1,0.05062897643145203,0,0,12,0.6075477171774245,83207.27983926312,NA,NA,NA,19751535,0,0,0,0,0,2,0,3,2,3,2,25,BFA,BF,854,XOF,1,NA,NA,12.2383,-1.5616,NA,NA,BF
BGD,Bangladesh,2021-04-30,NA,5465301,759132,4704.701507949138,858369.2179007939,681426,4223.1205241720145,693090.5263483817,11450,70.96108748678444,12473.09374023491,66256,4223.1205241720145,2177,13.491902834823554,57,0.3532560687115033,4325,26.80407889784652,693090.5263483817,NA,NA,NA,161356039,NA,NA,NA,NA,NA,NA,NA,NA,NA,NA,NA,NA,BGD,BD,50,BDT,1,NA,NA,23.685,90.3563,NA,NA,BD
BGR,Bulgaria,2021-04-30,815463,2509499,404380,57562.686146706415,6313304.684373904,339534,48331.98743294875,4478002.179917344,16399,2334.364929323504,239123.22454671768,48447,48331.98743294875,652,92.81089907426822,31,4.412788146169194,1222,173.94926176189534,4478002.179917344,6824,NA,682,7025037,2,2,1,3,0,0,0,4,2,1,2,50.93,BGR,BG,100,BGN,1,NA,NA,42.7339,25.4858,NA,Bulgaria,BG
BHR,Bahrain,2021-04-30,1235170,4079066,176934,112737.0990525914,17832147.665503405,165928,105724.40215898803,16668847.27600117,646,411.6120473621466,65041.0751867387,10360,105724.40215898803,1182,753.1353560093767,7,4.460192463676512,1024,652.4624404006782,16668847.27600117,NA,NA,NA,1569439,1,2,2,2,0,1,1,2,2,3,2,53.7,BHR,BH,48,BHD,1,NA,NA,26.0275,50.55,NA,NA,BH
BHS,Bahamas,2021-04-30,NA,NA,10453,27105.590706358264,4701100.767555233,9494,24618.815475573072,3653220.6202676073,199,516.0253085779484,102197.64547246136,760,24618.815475573072,104,269.68156830204333,1,2.593092002904263,73,189.2957162120112,3653220.6202676073,NA,NA,NA,385640,2,2,2,4,1,2,1,1,2,1,2,59.72,BHS,BS,44,BSD,1,NA,NA,25.034300000000002,-77.3963,NA,NA,BS
BIH,Bosnia and Herzegovina,2021-04-30,NA,907054,198461,59706.75065562472,7613039.418110315,159223,47902.0460424997,5633789.259638217,8551,2572.5579577662456,278970.00808380684,30687,47902.0460424997,595,179.00502688234315,39,11.733102602372073,582,175.09399268155246,5633789.259638217,NA,NA,NA,3323929,1,2,1,4,0,2,0,1,2,2,0,45.37,BIH,BA,70,BAM,1,NA,NA,43.9159,17.6791,NA,NA,BA
BLR,Belarus,2021-04-30,NA,NA,358738,37827.59928587539,5732226.048634581,349013,36802.13389593862,5238727.235590999,2542,268.04452660352473,43177.83974037431,7183,36802.13389593862,1505,158.69670044779886,10,1.0544631258989956,1459,153.8461700686635,5238727.235590999,NA,NA,NA,9483499,0,0,0,0,0,0,0,3,2,3,2,19.44,BLR,BY,112,BYR,1,NA,NA,53.7098,27.9534,NA,NA,BY
BLZ,Belize,2021-04-30,NA,NA,12668,33069.58762213794,5283516.632686891,12218,31894.870663662874,4505658.220016655,323,843.1857279720991,125322.7208533144,127,31894.870663662874,22,57.43060685878075,0,0,10,26.104821299445792,4505658.220016655,NA,NA,NA,383071,3,2,1,0,0,2,1,1,2,2,2,50.93,BLZ,BZ,84,BZD,1,NA,NA,13.1939,-59.5432,NA,NA,BZ
BMU,Bermuda,2021-04-30,NA,NA,2393,37406.40582745846,2723719.3816141183,1820,28449.50213371266,2090788.301314617,28,437.684648210964,60978.85045253466,545,28449.50213371266,11,171.947540368593,1,15.631594578963,15,234.47391868444498,2090788.301314617,NA,NA,NA,63973,NA,NA,NA,NA,NA,NA,NA,NA,NA,NA,NA,NA,BMU,BM,60,BMD,1,NA,NA,32.3333333,-64.75,NA,NA,BM
BOL,Bolivia,2021-04-30,NA,1170951,303732,26753.122615748132,4542491.497067507,250380,22053.806778775426,3334527.9218739625,12951,1140.7414793191172,228102.00911782836,40401,22053.806778775426,1901,167.44263394221616,31,2.730521647663704,1277,112.47987561504999,3334527.9218739625,NA,NA,NA,11353142,2,0,0,0,0,0,0,4,2,1,1,27.78,BOL,BO,68,BOV,1,NA,NA,-17,-65,NA,NA,BO
BRA,Brazil,2021-04-30,47399150,43957543,14675104,70058.48440831192,10491337.574460125,13007565,62097.70572955422,9131823.766775444,404530,1931.2134822141243,286088.73261653056,1263009,62097.70572955422,72008,343.7639246218443,2861,13.658323913219316,47036,224.5483829367996,9131823.766775444,NA,NA,NA,209469333,2,3,2,4,1,2,2,1,2,1,0,63.43,BRA,BR,76,BRL,1,NA,NA,-14.235,-51.9253,NA,Brazil,BR
BRB,Barbados,2021-04-30,74218,NA,3855,13448.87856238291,1249292.669227361,3768,13145.363015060651,1072526.2610722124,44,153.5021158871201,18343.502848510856,43,13145.363015060651,17,59.307635683660045,0,0,9,31.39816006782003,1072526.2610722124,NA,NA,NA,286641,2,2,2,4,1,2,1,2,2,3,2,72.22,BRB,BB,52,BBD,1,NA,NA,13.1939,-59.5432,NA,NA,BB
BRN,Brunei,2021-04-30,NA,NA,224,522.1907768054047,150059.9120668031,215,501.2098973801875,138512.2691520461,3,6.993626475072384,2460.590914812967,6,501.2098973801875,0,0,0,0,0,0,138512.2691520461,NA,NA,NA,428962,1,1,1,2,0,0,0,4,2,3,2,40.74,BRN,BN,96,BND,1,NA,NA,4.5,114.6666667,NA,NA,BN
BTN,Bhutan,2021-04-30,480422,701154,1074,1423.659254978168,209417.09504582486,961,1273.8701527318615,184703.88152609908,1,1.3255672765159852,149.12631860804834,112,1273.8701527318615,8,10.604538212127881,0,0,0,0,184703.88152609908,NA,NA,NA,754394,3,3,2,3,2,2,1,3,2,3,NA,69.91,BTN,BT,64,BTN,1,NA,NA,27.5142,90.4336,NA,NA,BT
BWA,Botswana,2021-04-30,49882,NA,46934,20821.37378300947,2034025.6046024046,44960,19945.64633920198,1656458.8669843655,712,315.86521782721996,19999.769311919565,1262,19945.64633920198,0,0,0,0,0,0,1656458.8669843655,NA,NA,NA,2254126,1,1,2,4,0,2,2,1,2,2,2,62.04,BWA,BW,72,BWP,1,NA,NA,-22.3285,24.6849,NA,NA,BW
CAC,Costa Atlantica,2021-04-30,NA,NA,149,239165.3290529695,88875601.92616372,149,239165.3290529695,81898073.83627608,0,0,0,0,239165.3290529695,0,0,0,0,0,0,81898073.83627608,NA,NA,NA,623,NA,NA,NA,NA,NA,NA,NA,NA,NA,NA,NA,NA,CAC,NA,NA,NA,1,NA,NA,NA,NA,NA,NA,NA
CAF,Central African Republic,2021-04-30,NA,NA,6411,1373.8709924208868,337624.13538383204,5112,1095.4965704656954,194666.01176887337,88,18.85831341959726,4225.762299102708,1211,1095.4965704656954,0,0,0,0,0,0,194666.01176887337,NA,NA,NA,4666377,0,0,0,0,0,0,1,2,0,1,1,11.11,CAF,CF,140,XAF,1,NA,NA,6.6111,20.9394,NA,NA,CF
CAN,Canada,2021-04-30,13420198,31479292,1219418,32905.87006528861,4138484.7143371976,1111887,30004.157023501015,3611661.645002066,24219,653.5472390199462,132037.76590412293,83312,30004.157023501015,8340,225.05404737711515,50,1.3492448883520094,8425,227.34776368731357,3611661.645002066,4303,NA,1456,37057765,3,3,2,4,1,2,2,4,2,2,1,75.46,CAN,CA,124,CAD,1,NA,NA,44.78404667,-82.50859333,NA,Canada,CA
CHE,Switzerland,2021-04-30,2724816,6542774,662302,77796.82134635902,11421671.476632774,317600,37306.652342290414,6885753.545629642,10079,1183.9223833688447,210117.91415875554,334623,37306.652342290414,1685,197.92729595956973,8,0.9397141647932095,0,0,6885753.545629642,54,NA,NA,8513227,1,2,1,4,0,1,0,3,2,3,2,50.93,CHE,CH,756,CHF,1,NA,NA,46.8182,8.2275,NA,Switzerland,CH
CHL,Chile,2021-04-30,14880764,13051622,1198245,63977.50886852374,10394309.22155612,1129948,60330.94917230671,9557158.51645242,26353,1407.0572305431745,261678.55365643735,41944,60330.94917230671,7254,387.31048269116184,106,5.659623816551303,3592,191.78649763256865,9557158.51645242,8064,NA,3345,18729160,3,3,2,4,2,3,2,4,2,3,2,84.72,CHL,CL,152,CLF,1,NA,NA,-35.6751,-71.543,NA,Chile,CL
CHN,China,2021-04-30,NA,NA,103595,74.3826872401686,29202.331751308582,0,0,0,4857,3.487395259669857,1431.5621118235408,98738,0,33,0.023694470572185565,0,0,0,0,0,NA,NA,NA,1392730000,3,2,2,4,2,3,2,3,2,3,2,78.24,CHN,CN,156,CNY,1,NA,NA,32.82838485,111.6490818,NA,NA,CN
CIV,Cote d'Ivoire,2021-04-30,149037,594288,46036,1836.354839632284,314233.3575555914,45526,1816.0111744960327,286661.1095219562,286,11.408408292093865,1904.326614911053,224,1816.0111744960327,38,1.515802500348136,0,0,28,1.116907105519679,286661.1095219562,NA,NA,NA,25069229,0,0,0,0,0,1,0,4,NA,NA,NA,14.81,CIV,CI,384,XOF,1,NA,NA,8,-5,NA,NA,CI
CMR,Cameroon,2021-04-30,NA,NA,72250,2865.2173597511796,361514.48766919505,35261,1398.3450425216101,297174.6934326482,1107,43.90028535978624,6469.898740244233,35882,1398.3450425216101,0,0,0,0,0,0,297174.6934326482,NA,NA,NA,25216237,1,1,1,3,0,0,0,2,2,1,0,37.96,CMR,CM,120,XAF,1,NA,NA,3.848,11.5021,NA,NA,CM
COD,"Congo, the Democratic Republic of the",2021-04-30,NA,NA,29853,355.10500648813354,62409.0833702885,26219,311.87814173156374,49581.46962085769,766,9.111661641038097,1689.6898491485908,2868,311.87814173156374,41,0.48769990506861877,3,0.035685358907459906,13,0.1546365552656596,49581.46962085769,NA,NA,NA,84068091,0,0,2,1,1,1,2,1,1,1,0,35.19,COD,CD,180,CDF,1,NA,NA,0,25,NA,NA,CD
COG,Congo,2021-04-30,NA,NA,10678,2036.0909418360245,372460.29689401743,8208,1565.1090513757342,273667.3643681797,144,27.45805353290762,6029.9029643829,2326,1565.1090513757342,0,0,0,0,0,0,273667.3643681797,NA,NA,NA,5244363,NA,NA,NA,NA,NA,NA,NA,NA,NA,NA,NA,NA,COG,CG,178,XAF,1,NA,NA,-1,15,NA,NA,CG
COL,Colombia,2021-04-30,4986471,10299550,2859720,57599.10861687475,8541577.506030623,2667185,53721.16099348854,7567680.362531253,74581,1502.1747303075601,240522.75503369325,117954,53721.16099348854,17790,358.3176472851194,421,8.479580073470224,21221,427.4232036558471,7567680.362531253,NA,NA,NA,49648685,2,3,2,3,2,3,2,4,2,2,2,88.89,COL,CO,170,COU,1,NA,NA,4.5709,-74.2973,NA,Colombia,CO
COM,Comoros,2021-04-30,NA,NA,3834,4606.390315286632,559648.7897712664,3674,4414.157020960638,495357.56594202726,146,175.41288107246956,18277.78191613342,14,4414.157020960638,0,0,0,0,0,0,495357.56594202726,NA,NA,NA,832322,NA,NA,NA,NA,NA,NA,NA,NA,NA,NA,NA,NA,COM,KM,174,KMF,1,NA,NA,-12.1666667,44.25,NA,NA,KM
CPV,Cape Verde,2021-04-30,NA,NA,23882,43919.54642337619,5755924.87223388,20565,37819.50725218706,5246325.172362427,217,399.0679831619058,56133.417437983546,3100,37819.50725218706,328,603.199532152558,4,7.356091855519,308,566.419072874963,5246325.172362427,NA,NA,NA,543767,1,2,2,4,0,1,2,1,2,3,0,59.26,CPV,CV,132,CVE,1,NA,NA,16,-24,NA,NA,CV
CRI,Costa Rica,2021-04-30,NA,821746,250991,50203.81278626951,7811812.260610736,203009,40606.339788788384,5888907.079811523,3231,646.272253237912,101105.2035617582,44751,40606.339788788384,2609,521.8583437628326,14,2.8003130750017853,416,83.20930280005304,5888907.079811523,NA,NA,NA,4999441,1,2,2,3,1,1,2,1,2,1,1,62.04,CRI,CR,188,CRC,1,NA,NA,9.7489,-83.7534,NA,NA,CR
CUB,Cuba,2021-04-30,NA,3654854,106707,9411.333677540351,659555.1668183964,100603,8872.973675218982,595683.6563463948,644,56.79944978619947,5834.026715850521,5460,8872.973675218982,1046,92.25500695087676,12,1.0583748407366358,973,85.81656000306222,595683.6563463948,NA,NA,NA,11338138,3,3,2,4,2,2,2,2,2,1,2,79.63,CUB,CU,192,CUP,1,NA,NA,22,-80,NA,NA,CU
CYP,Cyprus,2021-04-30,NA,5227671,65233,54851.52594249389,4763618.285243407,39061,32844.65615317023,1130601.25371553,308,258.9834898025251,29357.628451186236,25864,32844.65615317023,0,0,0,0,0,0,1130601.25371553,275,NA,36,1189265,2,2,2,4,1,2,1,3,2,3,2,75,CYP,CY,196,CYP,1,NA,NA,35.1264,33.4299,NA,NA,CY
CZE,Czech Republic,2021-04-30,3166393,6774784,1632951,153618.25592797995,17905330.07373145,1549439,145761.9468353878,15146351.08535072,29267,2753.26418015249,292599.7711367377,54245,145761.9468353878,2167,203.8583892571991,54,5.0799967789057465,1425,134.0554705544572,15146351.08535072,2671,NA,509,10629928,2,2,2,4,0,0,0,3,2,2,2,56.48,CZE,CZ,203,CZK,1,NA,NA,49.8037633,15.4749126,NA,Czech Republic,CZ
DEU,Germany,2021-04-30,29662355,NA,3406526,41089.124519686695,5053146.486212506,3171152,38250.07042331498,4889609.00218033,84691,1021.5330940367946,150297.9550931683,150683,38250.07042331498,19190,231.46757122440508,56,0.6754655543807547,2931,35.35338464089271,4889609.00218033,NA,NA,5011,82905782,3,2,2,4,1,2,1,3,2,3,1,75,DEU,DE,276,EUR,1,NA,NA,51,9,NA,Germany,DE
DJI,Djibouti,2021-04-30,NA,NA,11100,11575.522462770616,2138895.841154632,10708,11166.729237058358,1972743.2945396905,143,149.1261001960539,22292.266299587034,249,11166.729237058358,74,77.17014975180412,0,0,62,64.65607141367371,1972743.2945396905,NA,NA,NA,958920,NA,NA,NA,NA,NA,NA,NA,NA,NA,NA,NA,NA,DJI,DJ,262,DJF,1,NA,NA,11.8251,42.5903,NA,NA,DJ
DMA,Dominica,2021-04-30,NA,NA,174,2429.3193717277486,360977.31239092496,172,2401.396160558464,320656.1954624782,0,0,0,2,2401.396160558464,0,0,0,0,0,0,320656.1954624782,NA,NA,NA,71625,1,0,0,2,0,1,0,2,2,3,2,29.63,DMA,DM,212,XCD,1,NA,NA,15.415,-61.371,NA,NA,DM
DNK,Denmark,2021-04-30,1993143,27192574,250554,43246.417275783286,5985270.734992671,237757,41037.61437549753,5344105.929333496,2483,428.57369707037174,76155.71637569222,10314,41037.61437549753,0,0,0,0,0,0,5344105.929333496,176,NA,35,5793636,3,2,1,4,0,1,0,3,2,3,1,56.48,DNK,DK,208,DKK,1,NA,NA,56.26,9.5,NA,Denmark,DK
DOM,Dominican Republic,2021-04-30,1970018,1406420,266561,25082.983090974874,4595449.444889583,226392,21303.141524574054,3530727.7152467286,3480,327.4626864267187,69604.17006793439,36689,21303.141524574054,347,32.65217016956075,9,0.8468862580001346,1646,154.8860867409135,3530727.7152467286,NA,NA,NA,10627165,3,2,2,4,1,2,0,2,2,2,1,70.37,DOM,DO,214,DOP,1,NA,NA,18.7357,-70.1627,NA,NA,DO
DPC,Diamond Princess,2021-04-30,NA,NA,712,191862.0317973592,84346267.85233091,699,188358.93290218269,73508892.48181082,13,3503.0988951765025,1445028.2942603072,0,188358.93290218269,0,0,0,0,0,0,73508892.48181082,NA,NA,NA,3711,NA,NA,NA,NA,NA,NA,NA,NA,NA,NA,NA,NA,DPC,NA,NA,NA,1,NA,NA,NA,NA,NA,NA,NA
DZA,Algeria,2021-04-30,NA,NA,122108,2891.606505181616,568113.4621418192,85108,2015.419517500876,388037.35748729843,3253,77.03341272771478,17410.628749651092,33747,2015.419517500876,242,5.730736514019975,9,0.2131265645709908,168,3.9783625386584944,388037.35748729843,NA,NA,NA,42228429,NA,NA,NA,NA,NA,NA,NA,NA,NA,NA,NA,NA,DZA,DZ,12,DZD,1,NA,NA,28.0339,1.6596,NA,NA,DZ
ECU,Ecuador,2021-04-30,987452,1227352,381862,22351.558211994754,3675150.7241390473,318598,18648.521568590495,2993209.2849616758,18631,1090.5297752792217,231914.69834071017,44633,18648.521568590495,1173,68.65930043489492,79,4.624113158019351,0,0,2993209.2849616758,NA,NA,NA,17084357,2,3,2,4,1,3,2,4,2,1,1,75.46,ECU,EC,218,USD,1,NA,NA,-1.8312,-78.1834,NA,NA,EC
EGY,Egypt,2021-04-30,NA,NA,227552,2311.965946783391,436514.6385884401,170773,1735.0819181112008,325661.6820387428,13339,135.52644566579792,24464.56563591281,43440,1735.0819181112008,1021,10.373528827106956,61,0.619770086634206,765,7.772526496314223,325661.6820387428,NA,NA,NA,98423595,1,2,2,4,0,1,0,1,2,2,0,50.93,EGY,EG,818,EGP,1,NA,NA,26,30,NA,Egypt,EG
ERI,Eritrea,2021-04-30,NA,NA,3671,638.3867093138899,71252.80826678617,3492,607.2586186118506,58035.97746465353,10,1.7389994805608553,157.90115283492565,169,607.2586186118506,0,0,0,0,0,0,58035.97746465353,NA,NA,NA,5750433,NA,NA,NA,NA,NA,NA,NA,NA,NA,NA,NA,NA,ERI,ER,232,ERN,1,NA,NA,15.1794,39.7823,NA,NA,ER
ESP,Spain,2021-04-30,NA,NA,3524077,75306.35811963877,11598117.264652472,150376,3213.39996504015,1211041.393231209,78216,1671.4056210138613,357477.09125503723,3295485,3213.39996504015,9135,195.20673964357195,136,2.906197765903206,0,0,1211041.393231209,NA,NA,NA,46796540,1,1,2,4,0,2,2,3,2,2,1,67.59,ESP,ES,724,EUR,1,NA,NA,40,-4,NA,Spain,ES
EST,Estonia,2021-04-30,459425,1298025,122019,92300.39554394668,7644118.241088915,111274,84172.41752314904,5868381.976388394,1161,878.2301053649194,74910.9099477525,9584,84172.41752314904,362,273.8322981413443,3,2.269328437635451,675,510.59889846797637,5868381.976388394,316,NA,50,1321977,2,3,2,3,0,1,0,2,2,1,2,58.33,EST,EE,233,EEK,1,NA,NA,58.5953,25.0136,NA,Estonia,EE
ETH,Ethiopia,2021-04-30,1114500,2580700,257442,2356.9973855422018,307307.5717339358,198862,1820.6711184798648,223462.74705489998,3688,33.76529998166438,4598.581167079832,54892,1820.6711184798648,1024,9.375180905971888,30,0.27466350310464516,946,8.661055797899811,223462.74705489998,NA,NA,NA,109224559,1,1,1,3,1,0,0,2,2,3,1,43.52,ETH,ET,231,ETB,1,NA,NA,9.145,40.4897,NA,NA,ET
FIN,Finland,2021-04-30,1831007,4532365,86808,15738.84625670267,1895516.927219077,46000,8340.094551289316,1303714.877550188,914,165.71405260605292,32374.43398407223,39894,8340.094551289316,195,35.35474864133514,1,0.18130640328889816,0,0,1303714.877550188,126,NA,31,5515525,2,2,2,4,0,1,0,3,2,2,1,52.31,FIN,FI,246,EUR,1,NA,NA,64,26,NA,Finland,FI
FJI,Fiji,2021-04-30,NA,52040,117,132.43039198264142,17222.176318050264,65,73.57243999035636,14590.546733779824,2,2.263767384318657,588.5795199228509,50,73.57243999035636,1,1.1318836921593285,0,0,0,0,14590.546733779824,NA,NA,NA,883483,0,2,1,3,0,2,2,3,2,2,2,56.48,FJI,FJ,242,FJD,1,NA,NA,-17.7134,178.065,NA,NA,FJ
FRA,France,2021-04-30,22119760,NA,5616689,83859.83288289834,9943811.30107635,339650,5071.135724031795,852232.3754592745,104514,1560.4436303885147,282559.68117583817,5172525,5071.135724031795,24299,362.7956041756178,290,4.32983765632039,1650,24.635283216995326,852232.3754592745,28930,NA,5675,66977107,2,3,2,4,0,2,2,3,2,3,1,78.7,FRA,FR,250,EUR,1,NA,NA,46.23,2.21,NA,France,FR
GAB,Gabon,2021-04-30,NA,NA,23075,10888.157506694506,1669056.8708638567,19629,9262.129737764093,1430342.6879475291,139,65.588467754302755,10539.217421052012,3307,9262.129737764093,257,121.26788642342311,1,0.47185948024678254,239,112.77441577898101,1430342.6879475291,NA,NA,NA,2119275,NA,NA,NA,NA,NA,NA,NA,NA,NA,NA,NA,NA,GAB,GA,266,XAF,1,NA,NA,-0.8037,11.6094,NA,NA,GA
GBR,United Kingdom,2021-04-30,49319518,157053728,4416623,66455.01263129183,9780668.311015664,0,0,61.91662203854979,127517,1918.6930479926496,377776.74608485325,4289106,0,2381,35.82587535207462,15,0.22569850074805511,0,0,61.91662203854979,1365,185,185,66460344,1,2,2,4,1,0,1,3,2,2,1,61.11,GBR,GB,826,GBP,1,NA,NA,55.3781,-3.436,NA,UK,GB
GEO,Georgia,2021-04-30,45338,NA,310310,83270.07104964943,11139226.936235107,290767,78025.80886498473,10357940.95287624,4110,1102.8970771617387,134572.4958936539,15433,78025.80886498473,1476,396.07690654275575,15,4.0251718144589,791,212.26072701579935,10357940.95287624,NA,NA,NA,3726549,0,2,2,4,0,2,2,2,2,2,2,64.81,GEO,GE,268,GEL,1,NA,NA,42.3154,43.3569,NA,Georgia,GE
GHA,Ghana,2021-04-30,849527,1108763,92562,3109.5395629296604,605860.1997883032,90196,3030.055858970243,567759.3537135015,779,26.169824760940834,4117.1785986062205,1587,3030.055858970243,0,0,0,0,0,0,567759.3537135015,NA,NA,NA,29767108,0,2,2,3,0,1,0,4,2,3,2,50.93,GHA,GH,288,GHC,1,NA,NA,7.9465,-1.0232,NA,NA,GH
GIN,Guinea,2021-04-30,143534,NA,22215,1789.466002079212,337485.5147097086,19670,1584.4607814944002,300294.0636771186,144,11.599509534071867,2019.7645976202639,2401,1584.4607814944002,0,0,0,0,0,0,300294.0636771186,NA,NA,NA,12414318,0,2,2,4,0,2,2,1,2,3,2,57.41,GIN,GN,324,GNF,1,NA,NA,9.9456,-9.6966,NA,NA,GN
GMB,Gambia,2021-04-30,NA,NA,5898,2586.726383293379,471599.0775851256,5357,2349.4562962534133,387842.0789947116,174,76.31237549899085,14861.615839993123,367,2349.4562962534133,11,4.8243455775224096,0,0,16,7.017229930941686,387842.0789947116,NA,NA,NA,2280102,NA,NA,NA,NA,NA,NA,NA,NA,NA,NA,NA,NA,GMB,GM,270,GMD,1,NA,NA,13.4432,-15.3101,NA,NA,GM
GNB,Guinea-Bissau,2021-04-30,NA,NA,3734,1992.2008590899368,460552.66234116146,3315,1768.6518071459934,327048.7950492688,67,35.74650711275462,7321.898363610269,352,1768.6518071459934,1,0.5335299569067854,0,0,15,8.002949353601782,327048.7950492688,NA,NA,NA,1874309,NA,NA,NA,NA,NA,NA,NA,NA,NA,NA,NA,NA,GNB,GW,624,XOF,1,NA,NA,11.8037,-15.1804,NA,NA,GW
GNQ,Equatorial Guinea,2021-04-30,NA,NA,7694,5877.886038989315,1287340.313864141,7279,5560.843836470396,1087501.7380024355,112,85.56319682438307,20319.731331561972,303,5560.843836470396,0,0,0,0,0,0,1087501.7380024355,NA,NA,NA,1308974,NA,NA,NA,NA,NA,NA,NA,NA,NA,NA,NA,NA,GNQ,GQ,226,XAF,1,NA,NA,1.5,10,NA,NA,GQ
GRC,Greece,2021-04-30,3097693,NA,345033,32150.74630120076,3119768.758538934,93764,8737.084789529661,1454649.0471337042,10381,967.3187705314131,97401.89975032907,240888,8737.084789529661,2125,198.0110189171807,66,6.14998929342773,0,0,1454649.0471337042,NA,NA,NA,10731726,NA,NA,NA,NA,NA,NA,NA,NA,NA,NA,NA,NA,GRC,GR,300,EUR,1,NA,NA,39.0742,21.8243,NA,Greece,GR
GRD,Grenada,2021-04-30,NA,NA,160,1435.569831499991,233280.09761874855,158,1417.6252086062411,211800.38401492994,1,8.972311446874944,1054.2465950078058,1,1417.6252086062411,0,0,0,0,0,0,211800.38401492994,NA,NA,NA,111454,NA,NA,NA,NA,NA,NA,NA,NA,NA,NA,NA,NA,GRD,GD,308,XCD,1,NA,NA,12.1165,-61.679,NA,NA,GD
GTM,Guatemala,2021-04-30,170833,1264174,227671,13199.996961932611,2185070.5715804915,202843,11760.509611453792,1924274.1700437625,7524,436.22937107308775,77419.87140742008,17304,11760.509611453792,1424,82.56122068156259,24,1.3914812474420661,1222,70.8495868489252,1924274.1700437625,NA,NA,NA,17247807,2,1,2,4,1,0,0,3,2,2,1,58.33,GTM,GT,320,GTQ,1,NA,NA,15.7835,-90.2308,NA,NA,GT
GUM,Guam,2021-04-30,NA,NA,7964,48043.04811543844,9266197.336035905,0,0,0,136,820.4237247237102,156019.25582742147,7828,0,5,30.1626369383717,0,0,0,0,0,NA,NA,NA,165768,1,1,2,3,0,1,0,1,2,3,2,44.44,GUM,GU,316,USD,1,NA,NA,13.46666,144.783333,NA,Guam,GU
GUY,Guyana,2021-04-30,NA,NA,13283,17051.260327289718,2084720.360871061,11208,14387.60263105196,1754557.1011188645,296,379.9723749813865,52881.62833566965,1779,14387.60263105196,177,227.21321071522098,1,1.2836904560181976,98,125.80166468978337,1754557.1011188645,NA,NA,NA,779004,2,1,2,4,0,2,0,3,2,3,2,60.19,GUY,GY,328,GYD,1,NA,NA,5,-58.75,NA,NA,GY
HND,Honduras,2021-04-30,NA,NA,212333,22146.80706860438,3598091.5089425608,78623,8200.554846184448,1357594.9551928015,5281,550.8201180659611,94516.44543814345,128429,8200.554846184448,1257,131.107912972716,20,2.086044756924678,106,11.056037211700792,1357594.9551928015,NA,NA,NA,9587522,3,3,2,4,0,2,2,3,2,1,0,82.41,HND,HN,340,HNL,1,NA,NA,15.2,-86.2419,NA,NA,HN
HRV,Croatia,2021-04-30,901120,1804187,332183,81261.19325032787,9853502.323841693,310595,75980.16851429958,9094613.589611929,7081,1732.2093827967462,199390.36308390513,14507,75980.16851429958,2007,490.9679750420943,41,10.029739400461319,2337,571.6951458262952,9094613.589611929,2237,NA,NA,4087843,1,1,1,4,1,0,0,3,2,3,1,49.07,HRV,HR,191,HRK,1,NA,NA,45.1,15.2,NA,Croatia,HR
HTI,Haiti,2021-04-30,NA,NA,13056,1173.7654784928332,281936.8317106553,12148,1092.1341170902986,212999.59651811677,254,22.835204621413883,6312.58554211495,654,1092.1341170902986,39,3.506192835571423,0,0,5,0.4495119019963363,212999.59651811677,NA,NA,NA,11123176,0,0,0,3,0,2,0,2,2,3,2,32.41,HTI,HT,332,USD,1,NA,NA,18.9712,-72.2852,NA,NA,HT
HUN,Hungary,2021-04-30,5971865,4922704,779348,79724.09571457974,7718077.442897412,510379,52209.673017331785,4521657.931961778,27540,2817.2287552922776,250309.54735706298,241429,52209.673017331785,2365,241.92977510044432,182,18.61785161449508,6682,683.541123560748,4521657.931961778,5937,NA,NA,9775564,2,2,2,4,0,2,0,4,2,2,1,66.67,HUN,HU,348,HUF,1,NA,NA,47.1625,19.5033,NA,Hungary,HU
IDN,Indonesia,2021-04-30,20068537,9821421,1668368,6233.081481600205,799216.9830742851,1522634,5688.614135882998,670153.7286929012,45521,170.06805580299005,23745.14658679472,100213,5688.614135882998,5500,20.5481932935666,187,0.6986385719812646,5202,19.434854820569722,670153.7286929012,NA,NA,NA,267663435,NA,NA,NA,NA,NA,NA,NA,NA,NA,NA,NA,NA,IDN,ID,360,IDR,1,NA,NA,-0.7893,113.9213,NA,Indonesia,ID
IND,India,2021-04-30,151998107,286392086,19156979,14162.89633693056,1857488.090304873,15673018,11587.178188212592,1692051.1748759735,211248,156.1772096416615,26870.3581180205,3272713,11587.178188212592,402014,297.2119251158965,3525,2.60605858510782,299198,221.19929547435163,1692051.1748759735,NA,NA,NA,1352617328,3,3,2,4,0,3,2,3,2,3,2,73.61,IND,IN,356,INR,1,NA,NA,21,78,NA,India,IN
IRL,Ireland,2021-04-30,1572779,4494860,248870,51130.922651510315,7293309.917245854,23364,4800.188358700876,1737649.2842348823,4903,1007.3327992942301,192101.73424370633,220603,4800.188358700876,544,111.76607032756704,4,0.8218093406438752,0,0,1737649.2842348823,139,NA,44,4867309,1,3,2,4,1,2,2,3,2,2,2,80.56,IRL,IE,372,EUR,1,NA,NA,53.1424,-7.6921,NA,Ireland,IE
IRN,Iran,2021-04-30,1068123,NA,2499077,30550.96310257855,3918106.6323877247,1954321,23891.376200731076,3201532.5096302554,71758,877.2342790217475,164940.9490328204,472998,23891.376200731076,19272,235.5982472380378,407,4.975533760164041,16257,198.7401777370683,3201532.5096302554,NA,NA,NA,81800269,3,3,2,4,1,2,2,3,2,1,1,81.48,IRN,IR,364,IRR,1,NA,NA,32,53,NA,NA,IR
IRQ,Iraq,2021-04-30,NA,9338101,1065199,27715.306398567922,4002974.857936805,942046,24511.000790974565,3500524.2027809,15465,402.38229049581616,84877.41195204196,107688,24511.000790974565,6405,166.65105532658924,32,0.8326048041297198,7111,185.0203988177012,3500524.2027809,NA,NA,NA,38433600,NA,NA,NA,NA,NA,NA,NA,NA,NA,NA,NA,NA,IRQ,IQ,368,IQD,1,NA,NA,33,44,NA,NA,IQ
ISL,Iceland,2021-04-30,145261,350345,6472,18348.7799138696,4353888.767609527,6253,17727.892583656772,4058095.4919043663,29,82.21795696882238,20241.210475134736,190,17727.892583656772,6,17.01061178665291,0,0,7,19.845713751095058,4058095.4919043663,NA,NA,NA,352721,1,2,1,3,1,0,0,3,2,3,2,50,ISL,IS,352,ISK,1,NA,NA,64.9631,-19.0208,NA,Iceland,IS
ISR,Israel,2021-04-30,10449080,16137902,838481,94393.77223398029,14467134.5183951,830625,93509.36641599495,13225687.001846265,6363,716.3281848065925,111007.17116224614,1493,93509.36641599495,74,8.330706533975773,1,0.11257711532399695,95,10.69482595577971,13225687.001846265,179,NA,66,8882800,1,1,1,3,0,0,0,4,2,3,2,43.52,ISR,IL,376,ILS,1,NA,NA,31,35,NA,Israel,IL
ITA,Italy,2021-04-30,20039915,58579752,4022653,66576.2301528456,8516748.74250601,3465576,57356.42258682964,6278342.3885699455,120807,1999.3955819890052,369886.4862592549,436270,57356.42258682964,13445,222.51917190098402,263,4.35273649757968,15621,258.53268756156723,6278342.3885699455,21523,NA,2583,60421760,2,3,2,4,1,2,2,3,2,2,2,75,ITA,IT,380,EUR,1,NA,NA,43,12,NA,Italy,IT
JAM,Jamaica,2021-04-30,NA,NA,45578,15529.898410654017,1493742.2802830122,21059,7175.482264030079,815272.8158631346,778,265.0897574156134,27409.19057329919,23741,7175.482264030079,164,55.88010310560488,8,2.725858688078287,114,38.84348630511558,815272.8158631346,NA,NA,NA,2934855,1,2,2,4,1,2,2,2,2,3,2,74.07,JAM,JM,388,JMD,1,NA,NA,18.1096,-77.2975,NA,NA,JM
JOR,Jordan,2021-04-30,NA,6704884,711373,71451.60848054508,6930805.168857286,682503,68551.85274504015,5888763.933667812,8836,887.5040415282788,83912.92456386398,20034,68551.85274504015,1556,156.2874930531917,35,3.5154641753609956,1596,160.3051663964614,5888763.933667812,NA,NA,NA,9956011,NA,NA,NA,NA,NA,NA,NA,NA,NA,NA,NA,NA,JOR,JO,400,JOD,1,NA,NA,31.24,36.51,NA,NA,JO
JPN,Japan,2021-04-30,NA,11795944,592783,4684.953895981241,549738.8387335404,518818,4100.3848126636485,482692.3292744515,10242,80.94580614261858,9851.860164973907,63723,4100.3848126636485,4680,36.98753883493995,39,0.3082294902911662,3509,27.732750805941084,482692.3292744515,56281,NA,978,126529100,1,2,1,1,0,1,1,4,2,1,2,49.07,JPN,JP,392,JPY,1,NA,NA,36,138,NA,Japan,JP
KAZ,Kazakhstan,2021-04-30,NA,10190393,375539,20552.21992915009,3171760.3788877563,328532,17979.655688925886,2708707.8730086805,3334,182.46067983295052,38999.136951133485,43673,17979.655688925886,2877,157.45032269927975,0,0,3062,167.57486552144405,2708707.8730086805,NA,NA,NA,18272430,2,2,2,4,0,0,2,3,2,1,0,62.96,KAZ,KZ,398,KZT,1,NA,NA,48.0196,66.9237,NA,NA,KZ
KEN,Kenya,2021-04-30,NA,1664435,159318,3099.9935594354174,444720.42015052243,108565,2112.4468094007334,323938.0511085068,2724,53.00331698804955,7692.485806921992,48029,2112.4468094007334,497,9.670575823443695,17,0.33078428369928126,441,8.58093347714018,323938.0511085068,NA,NA,NA,51393010,NA,NA,NA,NA,NA,NA,NA,NA,NA,NA,NA,NA,KEN,KE,404,KES,1,NA,NA,-0.0236,37.9062,NA,NA,KE
KGZ,Kyrgyzstan,2021-04-30,NA,NA,95275,15068.482317960397,3122277.8674005186,89191,14106.250395394445,2834249.4622635543,1604,253.68507623204906,59977.54159549567,4480,14106.250395394445,331,52.350224584045044,6,0.9489466691971911,268,42.38628455747454,2834249.4622635543,NA,NA,NA,6322800,2,2,2,4,1,0,0,1,2,3,1,54.63,KGZ,KG,417,KGS,1,NA,NA,41.2044,74.7661,NA,NA,KG
KHM,Cambodia,2021-04-30,2284788,NA,13402,824.7487137993961,19753.353241683373,5152,317.05009502271963,11302.725116952222,93,5.7231480662098075,85.13951988818569,8157,317.05009502271963,761,46.83135138049101,2,0.12307845303677006,166,10.215511602051913,11302.725116952222,NA,NA,NA,16249798,3,3,2,4,0,3,2,2,2,2,2,72.69,KHM,KH,116,KHR,1,NA,NA,11.55,104.9167,NA,Cambodia,KH
KOR,"Korea, South",2021-04-30,3554402,8765781,122634,2376.3224390167056,328201.67709836835,112337,2176.793824158224,281004.58520516154,1831,35.47993530211514,5620.353104609634,8466,2176.793824158224,627,12.149601001871213,3,0.05813206220991011,915,17.730278974022585,281004.58520516154,NA,NA,NA,51606633,1,1,2,4,0,1,1,3,2,3,2,58.33,KOR,KR,410,KRW,1,NA,NA,37,127.5,NA,NA,KR
KWT,Kuwait,2021-04-30,NA,2326703,273991,66224.4468566404,10819794.09804779,257261,62180.75565542724,9958474.57852435,1563,377.7817900475889,65081.55421797115,15167,62180.75565542724,1429,345.39358795777645,9,2.1753270060321817,1444,349.01913296783005,9958474.57852435,NA,NA,NA,4137309,NA,NA,NA,NA,NA,NA,NA,NA,NA,NA,NA,NA,KWT,KW,414,KWD,1,NA,NA,29.5,47.75,NA,NA,KW
LAO,Laos,2021-04-30,NA,NA,757,107.20091334611719,2132.760046828531,51,7.222254399804461,1481.9074738579172,0,0,0,706,7.222254399804461,85,12.037090666340768,0,0,1,0.14161283136871494,1481.9074738579172,NA,NA,NA,7061507,NA,NA,NA,NA,NA,NA,NA,NA,NA,NA,NA,NA,LAO,LA,418,LAK,1,NA,NA,18,105,NA,NA,LA
LBN,Lebanon,2021-04-30,461726,NA,526578,76884.76658745715,8192591.97611304,461122,67327.64630945733,5899934.66127896,7278,1062.6485178330906,93233.90167070014,58178,67327.64630945733,1001,146.1543234887227,29,4.234241140032925,3364,491.1719722438193,5899934.66127896,NA,NA,NA,6848925,1,2,2,4,1,2,2,2,2,2,1,74.07,LBN,LB,422,LBP,1,NA,NA,33.8547,35.8623,NA,NA,LB
LBR,Liberia,2021-04-30,NA,NA,2099,435.5696240094111,106568.98756727828,1949,404.4426856571426,87826.83544661035,85,17.63859839961884,5452.50579116688,65,404.4426856571426,0,0,0,0,0,0,87826.83544661035,NA,NA,NA,4818977,NA,NA,NA,NA,NA,NA,NA,NA,NA,NA,NA,NA,LBR,LR,430,LRD,1,NA,NA,6.4281,-9.4295,NA,NA,LR
LBY,Libya,2021-04-30,NA,NA,177508,26578.75559232991,3609908.682506292,163191,24435.032245689832,2840600.760612269,3029,453.54040769524363,56935.043101312,11288,24435.032245689832,436,65.28346574946391,6,0.8983963176531732,519,77.71128147699947,2840600.760612269,NA,NA,NA,6678567,1,2,2,4,1,2,2,4,2,1,0,79.63,LBY,LY,434,LYD,1,NA,NA,25,17,NA,NA,LY
LCA,Saint Lucia,2021-04-30,24266,NA,4552,25026.252274738992,1989097.7464277663,4363,23987.157002347587,1738832.4747510843,74,406.84153522203104,25466.080961465508,115,23987.157002347587,18,98.961454513467,0,0,6,32.987151504489,1738832.4747510843,NA,NA,NA,181889,NA,NA,NA,NA,NA,NA,NA,NA,NA,NA,NA,NA,LCA,LC,662,XCD,1,NA,NA,13.9094,-60.9789,NA,NA,LC
LIE,Liechtenstein,2021-04-30,12998,NA,2936,77446.58401477183,10941756.79240306,0,0,7786890.002637827,57,1503.561065681878,166987.6022157742,2879,0,10,263.7826431020839,0,0,0,0,7786890.002637827,NA,NA,NA,37910,1,2,1,3,1,1,1,2,1,3,2,50.93,LIE,LI,438,CHF,1,NA,NA,47.14,9.55,NA,NA,LI
LKA,Sri Lanka,2021-04-30,953461,2770955,108146,4990.586063682511,530135.1176742039,95975,4428.934010152284,473149.35394554684,678,31.287494231656666,2903.1379787724964,11493,4428.934010152284,1662,76.69589293954776,17,0.7844946931241348,530,24.45777572681126,473149.35394554684,NA,NA,NA,21670000,3,2,2,4,0,1,0,2,2,3,2,59.26,LKA,LK,144,LKR,1,NA,NA,7,81,NA,NA,LK
LSO,Lesotho,2021-04-30,NA,NA,10731,5090.288463910229,657970.8955606195,6267,2972.7740008690157,266663.3303796916,316,149.89573707908232,16500.864272256196,4148,2972.7740008690157,0,0,0,0,0,0,266663.3303796916,NA,NA,NA,2108132,2,1,2,3,0,2,0,3,2,1,1,57.41,LSO,LS,426,LSL,1,NA,NA,-29.5,28.5,NA,NA,LS
LTU,Lithuania,2021-04-30,984908,2891764,248784,88802.49205527097,10372516.145566925,224193,80024.8291744942,8492919.616082994,3939,1406.010901849445,157217.11214141635,20652,80024.8291744942,1420,506.86353912825894,11,3.926407697472429,2318,827.4011857037355,8492919.616082994,1048,83,140,2801543,2,1,1,4,0,0,0,2,1,2,2,38.89,LTU,LT,440,LTL,1,NA,NA,55.1694,23.8813,NA,Lithuania,LT
LUX,Luxembourg,2021-04-30,NA,2673129,67205,110543.6302327494,16654939.550949914,63661,104714.20347068015,14600931.82005099,796,1309.3182005099104,200557.61164569456,2748,104714.20347068015,160,263.17953779093676,2,3.2897442223867093,213,350.35775968418454,14600931.82005099,91,NA,34,607950,1,1,1,3,1,2,0,3,2,3,2,53.7,LUX,LU,442,EUR,1,NA,NA,49.8153,6.1296,NA,Luxembourg,LU
LVA,Latvia,2021-04-30,314980,2245899,118558,61519.09479891281,5983499.15472085,107701,55885.45715124841,4861621.99157938,2131,1105.7641915052818,107369.91055296511,8726,55885.45715124841,763,395.9165077984655,6,3.113367033801826,632,327.941327560459,4861621.99157938,NA,NA,NA,1927174,2,2,2,4,0,0,0,3,2,2,1,56.48,LVA,LV,428,LVL,1,NA,NA,56.8796,24.6032,NA,Latvia,LV
MAR,Morocco,2021-04-30,9315054,5750626,511249,14189.875983155634,2480364.5177411684,497621,13811.626578465464,2284978.79965932,9023,250.4361886204438,43176.26194664996,4605,13811.626578465464,363,10.075178595724383,3,0.08326593880763952,516,14.321741474913999,2284978.79965932,NA,NA,NA,36029138,1,2,2,4,1,2,2,3,1,2,1,71.3,MAR,MA,504,MAD,1,NA,NA,31.7917,-7.0926,NA,Morocco,MA
MCO,Monaco,2021-04-30,NA,NA,2454,63440.35985729797,7525127.966496045,2368,61217.103562380435,6600770.384158006,32,827.2581562483842,86887.95822346311,54,61217.103562380435,2,51.703634765524015,0,0,10,258.51817382762005,6600770.384158006,NA,NA,NA,38682,1,2,2,4,0,2,0,1,2,3,2,54.63,MCO,MC,492,EUR,1,NA,NA,43.7333,7.4167,NA,NA,MC
MDA,Moldova,2021-04-30,147315,NA,250837,92694.92163667399,13093556.140335966,239914,88658.40936361463,11347621.938848853,5812,2147.7807681974714,294377.1528157842,5111,88658.40936361463,329,121.57946881227946,17,6.282221792731765,515,190.3143660739329,11347621.938848853,NA,NA,NA,2706049,2,2,2,4,1,1,1,1,2,3,1,63.89,MDA,MD,498,MDL,1,NA,NA,47,29,NA,NA,MD
MDG,Madagascar,2021-04-30,NA,184336,37014,1409.3930905240532,205961.28269926002,31570,1202.1002828077042,186959.94968922832,643,24.483702307423307,3004.051272147279,4801,1202.1002828077042,318,12.108580612380424,6,0.22846378513925325,557,21.209054720427343,186959.94968922832,NA,NA,NA,26262368,NA,NA,NA,NA,NA,NA,NA,NA,NA,NA,NA,NA,MDG,MG,450,MGF,1,NA,NA,-18.7669,46.8691,NA,NA,MG
MDV,Maldives,2021-04-30,NA,737343,29835,57853.85188172877,8120895.837857963,24775,48041.869628618406,7042562.866494989,73,141.55626570692812,26119.07014985573,4987,48041.869628618406,465,901.6940212838572,0,0,72,139.61713877943595,7042562.866494989,NA,NA,NA,515696,NA,NA,NA,NA,NA,NA,NA,NA,NA,NA,NA,NA,MDV,MV,462,MVR,1,NA,NA,3.2028,73.2207,NA,NA,MV
MEX,Mexico,2021-04-30,18080005,6238841,2344755,18581.03144581362,3093067.795883801,1864914,14778.527256680574,2423275.4692046144,216907,1718.8814131186818,289356.79124216264,262934,14778.527256680574,3821,30.2795478224607,460,3.645274011602178,3053,24.193525124829236,2423275.4692046144,NA,NA,NA,126190788,3,2,1,0,1,1,2,1,2,1,2,44.44,MEX,MX,484,MXV,1,NA,NA,23.6345,-102.5528,NA,Mexico,MX
MKD,North Macedonia,2021-04-30,61603,723111,152367,73149.33858483945,9168935.47541525,132765,63738.68316115831,7292010.928688913,4855,2330.8199205168803,285654.10344327637,14747,63738.68316115831,365,175.23156971960069,37,17.7632002181513,594,285.1713764751858,7292010.928688913,NA,NA,NA,2082958,NA,NA,NA,NA,NA,NA,NA,NA,NA,NA,NA,NA,MKD,MK,807,MKD,1,NA,NA,41.833,22,NA,NA,MK
MLI,Mali,2021-04-30,NA,NA,13858,726.3982169749063,97309.99927140026,8560,448.6916392917591,67402.34273646338,484,25.36994782911348,3897.222357633445,4814,448.6916392917591,43,2.253941645974958,3,0.15725174274243894,93,4.8748040250156075,67402.34273646338,NA,NA,NA,19077690,1,2,2,3,0,1,0,1,2,3,2,48.15,MLI,ML,466,XOF,1,NA,NA,17.570692,-3.996166,NA,NA,ML
MLT,Malta,2021-04-30,335848,867282,30292,62505.416503311804,7547413.490704249,29548,60970.224707508816,6541640.014031323,413,852.1965210573014,103669.80995811237,331,60970.224707508816,16,33.01487732909642,0,0,55,113.48864081876896,6541640.014031323,NA,NA,NA,484630,2,2,2,4,0,0,2,3,2,3,2,67.59,MLT,MT,470,MTL,1,NA,NA,35.9375,14.3754,NA,NA,MT
MMR,Myanmar,2021-04-30,NA,NA,142817,2659.1187467061714,437486.4953607346,131966,2457.0832920998664,375404.60853466205,3209,59.7485737564863,9725.658344472964,7642,2457.0832920998664,17,0.31652407412286293,0,0,8,0.14895250546958255,375404.60853466205,NA,NA,NA,53708395,NA,NA,NA,NA,NA,NA,NA,NA,NA,NA,NA,NA,MMR,MM,104,MMK,1,NA,NA,21.9162,95.956,NA,NA,MM
MNE,Montenegro,2021-04-30,61745,NA,97389,156516.83388859694,19413374.058020625,93531,150316.5243552594,16391177.978454808,1495,2402.6601224312026,274045.485007883,2363,150316.5243552594,132,212.14122820128344,3,4.821391550029169,162,260.3551437015752,16391177.978454808,NA,NA,NA,622227,NA,NA,NA,NA,NA,NA,NA,NA,NA,NA,NA,NA,MNE,ME,499,ME,1,NA,NA,42.5,19.3,NA,NA,ME
MNG,Mongolia,2021-04-30,1208619,2697804,37285,11761.057949509937,305511.97271598584,20681,6523.546719962854,184096.28011789764,115,36.27522231979731,485.2993872957232,16489,6523.546719962854,1306,411.96035086656775,5,1.5771835791216222,1039,327.7387477414731,184096.28011789764,NA,NA,NA,3170208,3,3,2,4,2,2,2,4,2,3,1,96.3,MNG,MN,496,MNT,1,NA,NA,46.8625,103.8467,NA,NA,MN
MNP,Northern Mariana Islands,2021-04-30,NA,NA,168,2953.482648289441,576456.524032207,0,0,0,2,35.16050771773145,13765.338771491863,166,0,4,70.3210154354629,0,0,0,0,0,NA,NA,NA,56882,NA,NA,NA,NA,NA,NA,NA,NA,NA,NA,NA,NA,MNP,MP,580,USD,1,NA,NA,15.2,145.75,NA,NA,MP
MOZ,Mozambique,2021-04-30,NA,518615,69917,2370.3922591166884,267946.5243411963,65913,2234.6448642698956,206615.28177992636,814,27.596997853468892,2739.0528913754365,3190,2234.6448642698956,53,1.7968561255944118,0,0,1372,46.51484159085912,206615.28177992636,NA,NA,NA,29495962,1,2,2,3,1,3,2,1,NA,2,2,56.48,MOZ,MZ,508,MZM,1,NA,NA,-18.665695,35.529562,NA,NA,MZ
MRT,Mauritania,2021-04-30,NA,NA,18402,4179.120340815643,805864.1674609539,17687,4016.7428251280453,716558.0099920083,455,103.33114634665351,19614.86324293107,260,4016.7428251280453,25,5.677535513552391,0,0,18,4.0878255697577215,716558.0099920083,NA,NA,NA,4403319,0,0,1,1,0,1,1,1,2,3,1,31.48,MRT,MR,478,MRO,1,NA,NA,21.0079,10.9408,NA,NA,MR
MUS,Mauritius,2021-04-30,NA,NA,1209,955.5023579332382,156324.21641298567,1084,856.7117915629694,133801.94309189182,17,13.435517026356534,3205.1611353169956,108,856.7117915629694,1,0.7903245309621489,0,0,16,12.645192495394383,133801.94309189182,NA,NA,NA,1265303,3,3,2,4,1,2,2,4,2,3,2,90.74,MUS,MU,480,MUR,1,NA,NA,-20.2,57.5,NA,NA,MU
MWI,Malawi,2021-04-30,296127,NA,34078,1878.2675602556644,232921.38178717616,32051,1766.5459702375226,167847.96493915253,1148,63.273993754724536,7347.0586824954535,879,1766.5459702375226,16,0.8818675087766485,0,0,28,1.5432681403591348,167847.96493915253,NA,NA,NA,18143315,0,1,1,3,1,0,0,4,2,3,2,45.37,MWI,MW,454,MWK,1,NA,NA,-13.254308,34.301525,NA,NA,MW
MYS,Malaysia,2021-04-30,NA,9404236,408713,12963.25223602645,1257198.2694434272,377980,11988.486004049975,1107412.6225455408,1506,47.766177898564116,5486.037511673931,29227,11988.486004049975,3788,120.14494148722501,14,0.44404149440896257,2640,83.73353894569009,1107412.6225455408,NA,NA,NA,31528585,3,2,2,4,1,1,2,3,2,3,1,65.28,MYS,MY,458,MYR,1,NA,NA,2.5,112.5,NA,Malaysia,MY
NAM,Namibia,2021-04-30,21707,388574,48351,19749.168285166375,2615349.0955803217,46021,18797.470034779875,2338421.2428852385,642,262.22758658718146,28346.720419237376,1688,18797.470034779875,174,71.07102814045105,4,1.633816738860944,112,45.746868688106424,2338421.2428852385,NA,NA,NA,2448255,NA,NA,NA,NA,NA,NA,NA,NA,NA,NA,NA,NA,NAM,"NA",516,"NA",1,NA,NA,-22.9576,18.4904,NA,NA,"NA"
NER,Niger,2021-04-30,NA,NA,5228,232.9462243551961,39642.20743192917,4851,216.14807466470089,33245.387370678756,191,8.51046841083444,1668.6087763514847,186,216.14807466470089,2,0.08911485246947058,0,0,0,0,33245.387370678756,NA,NA,NA,22442948,NA,NA,NA,NA,NA,NA,NA,NA,NA,NA,NA,NA,NER,NE,562,XOF,1,NA,NA,17.6078,8.0817,NA,NA,NE
NGA,Nigeria,2021-04-30,NA,NA,165110,842.9366645234602,145605.80910024437,155101,791.837681571396,122056.3738846571,2063,10.532241165961471,2191.249877345083,7946,791.837681571396,55,0.2807916937120121,0,0,60,0.306318211322195,122056.3738846571,NA,NA,NA,195874740,0,1,1,3,1,2,0,2,2,1,2,47.22,NGA,NG,566,NGN,1,NA,NA,9.082,8.6753,NA,NA,NG
NIC,Nicaragua,2021-04-30,NA,NA,6898,1066.891366547403,266033.49185130396,4225,653.4670953410812,179455.90705640835,182,28.149351799308114,7575.887636448956,2491,653.4670953410812,0,0,0,0,0,0,179455.90705640835,NA,NA,NA,6465513,NA,NA,NA,NA,NA,NA,NA,NA,NA,NA,NA,NA,NIC,NI,558,NIO,1,NA,NA,12.8654,-85.2072,NA,NA,NI
NLD,Netherlands,2021-04-30,NA,NA,1496054,86820.25559517779,10695818.571714425,0,0,0,17147,995.0890293335092,209671.61887933488,1478907,0,7780,451.4954597430863,22,1.2767223797362337,0,0,0,78,NA,807,17231624,1,2,2,4,1,1,1,3,2,2,1,67.59,NLD,NL,528,EUR,1,NA,NA,52.1326,5.2913,NA,Netherlands,NL
NOR,Norway,2021-04-30,1747239,5141374,112970,21267.279075949242,2593497.9016987467,17998,3388.2312898020223,881661.155786349,756,142.32152767475992,27438.498650957583,94216,3388.2312898020223,429,80.76181927575662,2,0.3765119779755553,0,0,881661.155786349,173,NA,NA,5311916,2,3,1,4,1,1,1,3,2,2,2,65.74,NOR,NO,578,NOK,1,NA,NA,60.472,8.4689,NA,Norway,NO
NPL,Nepal,2021-04-30,NA,NA,323187,11506.28326369058,1928979.6474784436,281095,10007.700476835713,1771141.305085031,3279,116.7407811008531,15452.879999342065,38813,10007.700476835713,5657,201.4036592520665,33,1.1748843477670488,928,33.03917196144912,1771141.305085031,NA,NA,NA,28087871,3,3,2,3,2,3,2,2,2,2,1,91.67,NPL,NP,524,NPR,1,NA,NA,28.1667,84.25,NA,NA,NP
NZL,New Zealand,2021-04-30,272241,2018845,2613,539.7645114645735,156605.35013426977,2564,529.6426358190456,145952.48915513323,26,5.370791158851477,1868.0024788266887,23,529.6426358190456,0,0,0,0,0,0,145952.48915513323,NA,NA,NA,4841000,0,0,0,0,0,0,0,4,2,2,2,22.22,NZL,NZ,554,NZD,1,NA,NA,-40.9006,174.886,NA,New Zealand,NZ
OMN,Oman,2021-04-30,NA,NA,193253,40015.25629140842,7619159.75271059,173123,35847.10827225192,6806976.543866083,2010,416.1936174120501,76380.43243966279,18120,35847.10827225192,0,0,0,0,0,0,6806976.543866083,NA,NA,NA,4829483,2,2,2,4,2,2,1,3,2,3,1,80.56,OMN,OM,512,OMR,1,NA,NA,21,57,NA,NA,OM
PAK,Pakistan,2021-04-30,NA,11788126,825519,3890.0119374202663,658889.8274547283,717009,3378.6909438035564,579154.3252143828,17957,84.61700380034345,13969.738618419251,90553,3378.6909438035564,4696,22.128498627076507,146,0.6879814309099596,5544,26.124445568252163,579154.3252143828,NA,NA,NA,212215030,NA,NA,NA,NA,NA,NA,NA,NA,NA,NA,NA,NA,PAK,PK,586,PKR,1,NA,NA,30.3753,69.3451,NA,NA,PK
PAN,Panama,2021-04-30,672846,2391210,364576,87284.4350307036,14967548.690132547,354385,84844.5715251577,12970298.47448079,6232,1492.0252542990893,268770.4414283125,3959,84844.5715251577,358,85.71005151461392,5,1.1970677585839933,291,69.6693435495884,12970298.47448079,NA,NA,NA,4176873,3,2,2,3,1,2,0,3,2,3,2,65.74,PAN,PA,591,USD,1,NA,NA,8.538,-80.7821,NA,NA,PA
PER,Peru,2021-04-30,1732922,11169530,1799445,56251.542705463355,9592402.414735748,1741861,54451.438320416084,8428640.744254883,61477,1921.8014948518965,353046.23839954264,-3893,54451.438320416084,7447,232.7969115630573,376,11.753946387499603,5678,177.49709464952858,8428640.744254883,14701,2550,2550,31989256,2,2,2,4,1,3,2,3,2,3,1,75.93,PER,PE,604,PEN,1,NA,NA,-9.19,-75.0152,NA,NA,PE
PHL,Philippines,2021-04-30,1919851,11175687,1037460,9727.532148928361,1228303.883731228,946318,8872.95777004375,1047206.6316817057,17234,161.59108693793627,23710.20561636011,73908,8872.95777004375,8722,81.78005455916679,89,0.834490352644559,4079,38.24591178019277,1047206.6316817057,NA,NA,NA,106651922,NA,NA,NA,NA,NA,NA,NA,NA,NA,NA,NA,NA,PHL,PH,608,PHP,1,NA,NA,13,122,NA,Philippines,PH
PNG,Papua New Guinea,2021-04-30,NA,NA,10997,1277.7825029896649,57113.46178783117,8943,1039.1205714500838,26614.34927557854,107,12.432729637164147,560.3442866843374,1947,1039.1205714500838,0,0,0,0,0,0,26614.34927557854,NA,NA,NA,8606316,1,1,1,0,1,1,1,1,2,2,1,41.67,PNG,PG,598,PGK,1,NA,NA,-6.315,143.9555,NA,NA,PG
POL,Poland,2021-04-30,NA,13978843,2792142,73526.27732901467,7815624.223990941,2496810,65749.21493887385,6149028.604533276,67502,1777.5495559549438,180524.48008215986,227830,65749.21493887385,6789,178.77668714079752,429,11.296980230284596,13030,343.12273286855077,6149028.604533276,23469,NA,NA,37974750,2,3,2,4,1,1,1,3,2,2,1,73.15,POL,PL,616,PLN,1,NA,NA,51.9194,19.1451,NA,Poland,PL
PRI,Puerto Rico,2021-04-30,NA,NA,165052,51656.99420340748,8092377.892388877,0,0,0,2303,720.7792553283051,115778.96269756096,162749,0,766,239.73812834627952,7,2.190818405253207,0,0,0,NA,NA,NA,3195153,NA,NA,NA,NA,NA,NA,NA,NA,NA,NA,NA,NA,PRI,PR,630,USD,1,NA,NA,18.25,-66.5,NA,Puerto Rico,PR
PRT,Portugal,2021-04-30,3283985,10587979,836493,81340.67275765761,11389499.302885639,795838,77387.37601642657,9427117.855598824,16974,1650.5536560239957,227041.65824729367,23681,77387.37601642657,460,44.730451382764116,0,0,512,49.78693719125049,9427117.855598824,324,NA,89,10283822,1,2,2,4,1,2,2,3,2,3,2,72.22,PRT,PT,620,EUR,1,NA,NA,39.3999,-8.2245,NA,Portugal,PT
PRY,Paraguay,2021-04-30,136347,1090523,279077,40119.9182699544,4169484.540913973,229519,32995.4941517992,3249298.274845096,6385,917.9032243920454,85459.09033993472,43173,32995.4941517992,2212,317.99560412767494,83,11.932023120523066,1979,284.49968380138733,3249298.274845096,NA,NA,NA,6956071,1,1,1,3,0,2,0,2,2,2,2,45.37,PRY,PY,600,PYG,1,NA,NA,-23.4425,-58.4438,NA,NA,PY
PSE,Palestine,2021-04-30,NA,NA,296462,64884.29745373638,7196014.433518118,272333,59603.37371558038,6227864.231957063,3249,711.0829800351798,74433.14167578775,20880,59603.37371558038,861,188.44027264090178,18,3.9395178949317446,1100,240.7483158013844,6227864.231957063,NA,NA,NA,4569087,2,1,2,4,1,2,2,2,2,2,1,71.3,PSE,PS,275,ILS,1,NA,NA,NA,NA,NA,NA,PS
QAT,Qatar,2021-04-30,1556203,1903912,205652,73930.94165857503,16724805.575916974,189544,68140.19025213928,15466073.163778542,458,164.64887907546418,27053.824006166065,15650,68140.19025213928,676,243.01886955243185,8,2.875962953283217,1593,572.6761230725207,15466073.163778542,NA,NA,NA,2781677,3,3,2,4,2,2,0,2,2,3,2,79.63,QAT,QA,634,QAR,1,NA,NA,25.3548,51.1839,NA,NA,QA
RKS,Kosovo,2021-04-30,NA,NA,103638,53621.37528754009,6602227.67897333,91211,47191.75651162526,5358809.928113685,2134,1104.112534626397,164964.96745092806,10293,47191.75651162526,0,0,0,0,0,0,5358809.928113685,NA,NA,NA,1932774,NA,NA,NA,NA,NA,NA,NA,NA,NA,NA,NA,NA,RKS,XK,NA,XK,1,NA,NA,42.602636,20.902977,NA,NA,XK
ROU,Romania,2021-04-30,5240452,7365132,1055265,54210.27121702833,7271023.898157544,989393,50826.34491831844,6247641.816086339,28109,1443.9941755288476,193210.23756886635,37763,50826.34491831844,1636,84.04334807944768,138,7.089231072716247,3566,183.1898406181604,6247641.816086339,NA,NA,1284,19466145,2,1,1,4,0,2,2,2,2,2,2,61.11,ROU,RO,642,ROL,1,NA,NA,45.9432,24.9668,NA,Romania,RO
RUS,Russia,2021-04-30,19834392,NA,4750755,32882.192139221144,5445597.608079567,4377504,30298.74780286694,4555148.432581973,108290,749.5256199817204,103926.72104862987,264961,30298.74780286694,8613,59.61459197435181,388,2.6855290474919893,8290,57.3789582569809,4555148.432581973,NA,NA,NA,144478050,0,1,2,3,0,0,0,3,2,2,1,36.57,RUS,RU,643,RUB,1,NA,NA,60,100,NA,Russia,RU
RWA,Rwanda,2021-04-30,349871,NA,25116,2041.6293724103166,243925.6933398873,23234,1888.6453590771341,204138.22568946244,335,27.23147952530085,2814.8814589309864,1547,1888.6453590771341,121,9.8358478285415,2,0.1625759971659752,28,2.276063960323653,204138.22568946244,NA,NA,NA,12301939,1,2,2,4,1,2,2,2,2,2,2,71.3,RWA,RW,646,RWF,1,NA,NA,-1.9403,29.8739,NA,NA,RW
SAU,Saudi Arabia,2021-04-30,9214983,16969267,417363,12384.678231096328,3274624.9867989407,400580,11886.665578435479,3035876.4065712034,6957,206.43949380691905,48967.80698201098,9826,11886.665578435479,1056,31.33536085383161,11,0.3264100088940793,1071,31.780465411414443,3035876.4065712034,NA,NA,NA,33699947,3,0,2,3,0,0,0,3,2,3,2,50,SAU,SA,682,SAR,1,NA,NA,24,45,NA,Saudi Arabia,SA
SDN,Sudan,2021-04-30,NA,NA,33944,812.0276354458101,158109.0578663706,26795,641.0051994983055,98778.51848160688,2349,56.19411134993542,9950.962803206285,4800,641.0051994983055,0,0,0,0,0,0,98778.51848160688,NA,NA,NA,41801533,3,1,2,4,0,1,0,2,2,1,1,51.39,SDN,SD,736,SDD,1,NA,NA,12.8628,30.2176,NA,NA,SD
SEN,Senegal,2021-04-30,411343,491202,40344,2544.6627930739555,421889.8776109537,39083,2465.1263122573223,362489.78199056914,1107,69.82306444410244,9755.013762775665,154,2465.1263122573223,49,3.090632482168943,0,0,62,3.9105962019280502,362489.78199056914,NA,NA,NA,15854360,1,0,0,0,0,0,0,3,2,3,2,23.15,SEN,SN,686,XOF,1,NA,NA,14.4974,-14.4524,NA,NA,SN
SGP,Singapore,2021-04-30,NA,NA,61145,10843.857671552683,3486742.8985102177,60751,10773.98311234765,3251430.0342846443,30,5.320397909012684,1828.266068133725,364,10773.98311234765,24,4.256318327210146,0,0,33,5.852437699913952,3251430.0342846443,NA,NA,NA,5638676,1,2,1,4,0,1,0,3,2,3,2,50.93,SGP,SG,702,SGD,1,NA,NA,1.2833,103.8333,NA,Singapore,SG
SLE,Sierra Leone,2021-04-30,NA,NA,4054,529.9239727723128,116009.16792001834,3076,402.0834090398703,82555.59299852003,79,10.326589503949855,3256.9932579135007,899,402.0834090398703,1,0.1307163228348083,0,0,1,0.1307163228348083,82555.59299852003,NA,NA,NA,7650154,NA,NA,NA,NA,NA,NA,NA,NA,NA,NA,NA,NA,SLE,SL,694,SLL,1,NA,NA,8.460555,-11.779889,NA,NA,SL
SLV,El Salvador,2021-04-30,915725,NA,69198,10777.255719897881,1949935.5526400055,64876,10104.125004828102,1675445.244351745,2124,330.8027854715902,57501.591715851,2198,10104.125004828102,0,0,4,0.6229807635999816,0,0,1675445.244351745,NA,NA,NA,6420744,1,1,1,0,0,0,0,1,2,3,0,26.85,SLV,SV,222,USD,1,NA,NA,13.7942,-88.8965,NA,NA,SV
SMR,San Marino,2021-04-30,NA,NA,5066,149948.20186473287,20779872.724581916,4917,145537.9606334172,17599778.007991713,90,2663.90409945242,621666.4200088796,59,145537.9606334172,6,177.5936066301613,0,0,8,236.79147550688177,17599778.007991713,NA,NA,NA,33785,1,1,1,4,0,1,0,1,2,2,2,41.67,SMR,SM,674,EUR,1,NA,NA,43.9424,12.4578,NA,NA,SM
SOM,Somalia,2021-04-30,NA,NA,13915,927.1626610441231,119003.7428986936,5847,389.58821984369297,68598.60979571505,713,47.50750825184763,4191.821325927226,7355,389.58821984369297,0,0,0,0,0,0,68598.60979571505,NA,NA,NA,15008154,0,1,1,3,0,1,0,1,1,2,1,27.78,SOM,SO,706,SOS,1,NA,NA,5.1521,46.1996,NA,NA,SO
SRB,Serbia,2021-04-30,3514605,3839381,689557,98753.55956030157,10722713.832833711,0,0,105366.13561359058,6362,911.1214097204997,109219.28266302944,683195,0,1613,231.00264600427005,25,3.5803261934945763,0,0,105366.13561359058,NA,NA,NA,6982604,1,2,2,4,1,1,0,1,2,3,2,56.48,SRB,RS,688,RS,1,NA,NA,44.0165,21.0059,NA,Serbia,RS
SSD,South Sudan,2021-04-30,NA,151582,10583,964.2016341226977,130707.08423530783,10312,939.5112209272662,93266.71477197355,115,10.477481614297481,1930.36210176459,156,939.5112209272662,16,1.4577365724239972,1,0.09110853577649983,0,0,93266.71477197355,NA,NA,NA,10975920,2,2,2,4,1,2,1,2,2,2,1,72.22,SSD,SS,728,SS,1,NA,NA,6.877,31.307,NA,NA,SS
STP,Sao Tome and Principe,2021-04-30,NA,NA,2302,10908.505032507534,1906424.7398449495,2241,10619.443865269064,1609049.510017628,35,165.85476808764713,31074.075478135604,26,10619.443865269064,1,4.738707659647061,0,0,2,9.477415319294122,1609049.510017628,NA,NA,NA,211028,NA,NA,NA,NA,NA,NA,NA,NA,NA,NA,NA,NA,STP,ST,678,STD,1,NA,NA,0.18636,6.613081,NA,NA,ST
SUR,Suriname,2021-04-30,NA,NA,10363,17991.600563203243,3115645.036120356,9336,16208.586592498843,2848469.8545636996,204,354.17220060730114,61448.87680536675,823,16208.586592498843,77,133.68264434687347,3,5.2084147148132525,47,81.59849719874094,2848469.8545636996,NA,NA,NA,575991,3,2,2,4,0,2,0,4,2,2,1,70.37,SUR,SR,740,SRD,1,NA,NA,3.9193,-56.0278,NA,NA,SR
SVK,Slovakia,2021-04-30,1597207,34520454,382211,70172.03403631251,8148020.818205869,255300,46871.80716795327,5918854.491954959,11684,2145.1241478666902,169747.3604085797,115227,46871.80716795327,467,85.73887170949541,37,6.7930155315874305,0,0,5918854.491954959,1241,NA,NA,5446771,NA,NA,NA,NA,NA,NA,NA,2,NA,3,2,NA,SVK,SK,703,SKK,1,NA,NA,48.669,19.699,NA,Slovakia,SK
SVN,Slovenia,2021-04-30,635379,3329099,241305,116353.58412725048,13701426.157749625,226647,109285.72048523213,11730448.373928465,4561,2199.244512978966,284912.58473191014,10097,109285.72048523213,1017,490.3818613680352,7,3.375293047764254,855,412.2679365483482,11730448.373928465,616,NA,154,2073894,NA,NA,NA,NA,NA,NA,NA,NA,NA,NA,NA,NA,SVN,SI,705,SIT,1,NA,NA,46.1512,14.9955,NA,Slovenia,SI
SWE,Sweden,2021-04-30,3266894,NA,978993,96213.50469877095,11164419.588619955,0,0,0,14122,1387.8823580516341,296625.5058615966,964871,0,5431,533.7479880030041,6,0.5896681878140352,0,0,0,1943,NA,34,10175214,1,2,2,4,1,1,1,3,2,2,1,65.74,SWE,SE,752,SEK,1,NA,NA,63,16,NA,Sweden,SE
SWZ,Swaziland,2021-04-30,NA,NA,18458,16245.508017578031,2512878.556510305,17743,15616.212414990085,2100610.284714454,671,590.5697193517639,76660.96633400547,44,15616.212414990085,0,0,0,0,0,0,2100610.284714454,NA,NA,NA,1136191,NA,NA,NA,NA,NA,NA,NA,NA,NA,NA,NA,NA,SWZ,SZ,748,SZL,1,NA,NA,-26.5,31.5,NA,NA,SZ
SYC,Seychelles,2021-04-30,NA,NA,5873,60695.314276265475,3654818.0070688906,5101,52716.97567226804,3125302.2880882993,28,289.36979392736816,15791.32304003638,744,52716.97567226804,314,3245.075546185486,2,20.669270994812013,426,4402.554721894959,3125302.2880882993,NA,NA,NA,96762,0,0,1,4,0,2,0,3,2,2,2,43.52,SYC,SC,690,SCR,1,NA,NA,-4.6796,55.492,NA,NA,SC
SYR,Syria,2021-04-30,NA,NA,22733,1344.6480222766884,165423.44050433795,16821,994.9555440424132,91076.16972932489,1592,94.1661747883908,10257.843193563009,4320,994.9555440424132,102,6.0332599424722755,9,0.5323464655122595,160,9.463937164662392,91076.16972932489,NA,NA,NA,16906283,2,3,2,3,0,2,2,1,2,1,1,57.87,SYR,SY,760,SYP,1,NA,NA,35,38,NA,NA,SY
TCD,Chad,2021-04-30,NA,NA,4817,311.22092608932655,47776.35329577275,4423,285.76503136663723,40957.27473584502,170,10.98350787527206,2350.535294178075,224,285.76503136663723,7,0.4522620889817907,0,0,7,0.4522620889817907,40957.27473584502,NA,NA,NA,15477751,0,0,0,0,0,0,0,2,2,2,2,16.67,TCD,TD,148,XAF,1,NA,NA,15.4542,18.7322,NA,NA,TD
TGO,Togo,2021-04-30,NA,310120,12967,1643.6614901533687,164917.60650842797,11140,1412.075962081324,132436.2467984283,123,15.59114392603257,2507.0686190328065,1704,1412.075962081324,36,4.563261636887582,0,0,95,12.041940430675563,132436.2467984283,NA,NA,NA,7889094,0,2,0,3,0,1,2,4,2,2,2,48.15,TGO,TG,768,XOF,1,NA,NA,8.6195,0.8248,NA,NA,TG
THA,Thailand,2021-04-30,1477078,NA,65153,938.4183365326908,58668.60283534185,36254,522.1773114462293,48640.09495578503,203,2.9238703101336276,374.56507069054214,28696,522.1773114462293,1583,22.80042709823415,15,0.21604953030544044,860,12.386839737511918,48640.09495578503,28696,NA,NA,69428524,3,1,2,4,1,1,1,3,1,2,1,59.26,THA,TH,764,THB,1,NA,NA,15,101,NA,Thailand,TH
TJK,Tajikistan,2021-04-30,NA,NA,13308,1462.283084511897,395090.6933065607,13218,1452.3938842108698,364457.357054082,90,9.889200301027257,2947.3113297161567,0,1452.3938842108698,0,0,0,0,0,0,364457.357054082,NA,NA,NA,9100837,NA,NA,NA,NA,NA,NA,NA,NA,NA,NA,NA,NA,TJK,TJ,762,TJS,1,NA,NA,39,71,NA,NA,TJ
TLS,Timor-Leste,2021-04-30,NA,NA,2276,1794.992318442363,44998.627729949876,1209,953.4910865539618,24523.017858438514,3,2.3659828450470517,39.82737789162537,1064,953.4910865539618,86,67.82484155801548,0,0,142,111.98985466556044,24523.017858438514,NA,NA,NA,1267972,NA,NA,NA,NA,NA,NA,NA,NA,NA,NA,NA,NA,TLS,TL,626,USD,1,NA,NA,-8.874217,125.727539,NA,NA,TL
TTO,Trinidad and Tobago,2021-04-30,42455,131207,10824,7787.845952608109,1182115.726930377,8481,6102.062225061841,1014507.5971789923,169,121.59515576411403,21437.801559583786,2174,6102.062225061841,326,234.55633597101286,4,2.877991852405066,61,43.889375749177255,1014507.5971789923,NA,NA,NA,1389858,2,2,2,4,1,0,0,4,2,1,2,64.81,TTO,TT,780,TTD,1,NA,NA,10.6918,-61.2225,NA,NA,TT
TUN,Tunisia,2021-04-30,372083,1305372,309119,26728.365535099943,3039675.6944365185,259957,22477.510988997685,2342580.4248675597,10722,927.0912990380456,100020.19851962836,38440,22477.510988997685,1904,164.63176957362793,81,7.0037675081217765,1767,152.78589119569355,2342580.4248675597,NA,NA,NA,11565204,3,1,2,4,1,2,2,1,2,1,1,72.22,TUN,TN,788,TND,1,NA,NA,34,9,NA,NA,TN
TUR,Turkey,2021-04-30,22816891,47261999,4820591,58559.36786182617,5663217.8395058755,4323897,52525.649867339205,5120519.469914647,40131,487.5016344806987,67246.81802869018,456563,52525.649867339205,31891,387.4041171469428,394,4.786216241444152,68183,828.270512665956,5120519.469914647,NA,NA,NA,82319724,2,3,2,3,2,2,2,3,2,2,2,87.04,TUR,TR,792,TRL,1,NA,NA,38.9637,35.2433,NA,Turkey,TR
TWN,Taiwan,2021-04-30,57884,208337,1128,47.79043588817699,7608.8474840686895,1053,44.61288031050565,9744.990996714027,12,0.5084088924274148,128.5003475610291,63,44.61288031050565,7,0.296571853915992,0,0,2,0.08473481540456913,9744.990996714027,NA,NA,NA,23603049,0,0,1,0,0,0,0,3,2,3,2,25,TWN,TW,158,TWD,1,NA,NA,23.5,121,NA,Taiwan,TW
TZA,Tanzania,2021-04-30,NA,NA,509,9.037907148838954,3374.8415347694504,183,3.2493850849460286,1195.498490119064,21,0.37288025564954425,138.3474529473059,305,3.2493850849460286,0,0,0,0,0,0,1195.498490119064,NA,NA,NA,56318348,0,0,0,0,0,0,0,1,0,1,0,2.78,TZA,TZ,834,TZS,1,NA,NA,-6,35,NA,NA,TZ
UGA,Uganda,2021-04-30,NA,NA,41866,979.9373590035133,157941.76546812255,41422,969.5448642011065,83195.5957168784,342,8.005029780232206,1304.7964476580244,102,969.5448642011065,69,1.6150498679415854,0,0,0,0,83195.5957168784,NA,NA,NA,42723139,NA,NA,NA,NA,NA,NA,NA,NA,NA,NA,NA,NA,UGA,UG,800,UGX,1,NA,NA,1,32,NA,NA,UG
UKR,Ukraine,2021-04-30,752553,9418779,2124070,47600.856930613234,5514061.107625577,1705967,38231.08047067539,4002723.3672794243,45923,1029.1441208738656,106870.13928125433,372180,38231.08047067539,10190,228.3600503387124,316,7.081626683712769,20308,455.10656548366745,4002723.3672794243,NA,NA,NA,44622516,3,3,2,4,2,1,2,1,2,2,2,70.83,UKR,UA,804,UAH,1,NA,NA,48.3794,31.1656,NA,Ukraine,UA
URY,Uruguay,2021-04-30,1834137,1802140,198428,57527.051148653685,2914381.443881786,167823,48654.23380228852,2364444.920547624,2616,758.4149706940453,32408.903954107776,27989,48654.23380228852,2694,781.0282611046476,53,15.365440920024618,2858,828.574153762837,2364444.920547624,NA,NA,NA,3449299,3,2,2,4,1,1,1,4,2,3,1,77.78,URY,UY,858,UYU,1,NA,NA,-32.5228,-55.7658,NA,Uruguay,UY
USA,United States,2021-04-30,240159677,419819627,32346971,99015.02475908927,15544006.3897639,0,0,1521245.3077597236,576198,1763.7589385459837,325501.6022177108,31770773,0,57922,177.3009368974909,731,2.2376123903191507,0,0,1521245.3077597236,35397,NA,9243,326687501,2,1,1,4,1,1,1,3,2,3,1,56.94,USA,US,840,USN,1,NA,NA,38,-97,NA,United States,US
UZB,Uzbekistan,2021-04-30,NA,NA,90808,2755.4816509585685,588013.0115246667,87067,2641.964594573272,556359.7923253853,649,19.69328243626234,4560.269333705553,3092,2641.964594573272,402,12.198304375003792,2,0.06068808146768056,293,8.890803935015203,556359.7923253853,NA,NA,NA,32955400,1,0,1,3,0,0,0,2,2,2,1,34.26,UZB,UZ,860,UZS,1,NA,NA,41.3775,64.5853,NA,NA,UZ
VCT,Saint Vincent and the Grenadines,2021-04-30,14511,NA,1864,16913.165774430632,1564086.7434897015,1715,15561.201342890845,1107463.0251338354,11,99.80945467743399,6782.506124671083,138,15561.201342890845,9,81.66228109971871,0,0,3,27.220760366572907,1107463.0251338354,NA,NA,NA,110210,NA,NA,NA,NA,NA,NA,NA,NA,NA,NA,NA,NA,VCT,VC,670,XCD,1,NA,NA,12.9843,-61.2872,NA,NA,VC
VEN,Venezuela,2021-04-30,NA,NA,197683,6847.303940967492,1026665.9958479671,179200,6207.0935094134275,933205.8200507478,2136,73.98633781309755,9580.191612838084,16347,6207.0935094134275,1297,44.92522478632375,19,0.6581181734311112,1128,39.07143682264702,933205.8200507478,NA,NA,NA,28870195,3,2,2,4,1,2,2,3,2,3,0,81.48,VEN,VE,862,VEB,1,NA,NA,8,-66,NA,NA,VE
VIR,"Virgin Islands, U.S.",2021-04-30,NA,NA,3125,29211.886667227536,4958313.4692504,0,0,0,27,252.39070080484592,60662.57232863139,3098,0,32,299.12971947240993,0,0,0,0,0,NA,NA,NA,106977,2,2,1,3,0,1,0,1,2,3,2,46.3,VIR,VI,850,USD,1,NA,NA,18.333333,-64.833333,NA,NA,VI
VNM,Vietnam,2021-04-30,509855,NA,2928,30.64672278149991,5121.47767444336,2516,26.33441069612492,4265.661660703831,35,0.3663371917187489,95.14823546626533,377,26.33441069612492,18,0.18840198431249944,0,0,0,0,4265.661660703831,NA,NA,NA,95540395,NA,NA,NA,NA,NA,NA,NA,NA,NA,NA,NA,NA,VNM,VN,704,VND,1,NA,NA,16.1666667,107.8333333,NA,Vietnam,VN
YEM,Yemen,2021-04-30,NA,NA,6317,221.65933469145438,26990.839963960443,2751,96.53076297865934,14586.829912550007,1226,43.01952577674894,7009.866805442651,2340,96.53076297865934,23,0.807054725012419,4,0.1403573434804207,20,0.7017867174021035,14586.829912550007,NA,NA,NA,28498687,0,1,1,0,0,2,1,3,1,1,1,34.26,YEM,YE,887,YER,1,NA,NA,15.552727,48.516388,NA,NA,YE
ZAF,South Africa,2021-04-30,317656,10654870,1581210,27366.222645070262,5163632.205832015,1505620,26057.97594176023,4486339.405266445,54350,940.6430523204184,146966.46855875934,21240,26057.97594176023,1674,28.97215215426643,19,0.3288356576649117,1194,20.66472501325813,4486339.405266445,NA,NA,NA,57779622,3,2,0,2,1,2,0,1,2,2,2,50.93,ZAF,ZA,710,ZAR,1,NA,NA,-30.5595,22.9375,NA,South Africa,ZA
ZMB,Zambia,2021-04-30,32034,1400235,91586,5278.177703759294,620242.1855180395,89933,5182.913932611803,573382.8124792889,1251,72.09617526044238,9726.039144477163,402,5182.913932611803,53,3.0544342836158647,1,0.057630835539921973,81,4.66809767873368,573382.8124792889,NA,NA,NA,17351822,0,0,2,4,0,1,0,1,2,2,1,39.81,ZMB,ZM,894,ZMK,1,NA,NA,-15.4167,28.2833,NA,NA,ZM
ZWE,Zimbabwe,2021-04-30,500342,493004,38257,2649.5569158512026,370347.10393740074,35612,2466.372713158194,313481.6370476164,1567,108.52538586765388,13200.032024338498,1078,2466.372713158194,22,1.5236493229664234,0,0,18,1.2466221733361647,313481.6370476164,NA,NA,NA,14439018,1,2,2,3,0,2,0,1,2,3,0,51.85,ZWE,ZW,716,ZWD,1,NA,NA,-20,30,NA,NA,ZW
