id,country,date,tests,confirmed,confirmed_per_million,auc_confirmed_per_million,recovered,recovered_per_million,auc_recovered_per_million,deaths,deaths_per_million,auc_deaths_per_million,active_cases,active_cases_per_million,new_cases,new_cases_per_million,new_deaths,new_deaths_per_million,new_recovered,new_recovered_per_million,auc_active_cases_per_million,hosp,hosp_per_million,auc_hosp_per_million,vent,vent_per_million,auc_vent_per_million,icu,icu_per_million,auc_icu_per_million,population,school_closing,workplace_closing,cancel_events,gatherings_restrictions,transport_closing,stay_home_restrictions,internal_movement_restrictions,international_movement_restrictions,information_campaigns,testing_policy,contact_tracing,stringency_index,iso_alpha_3,iso_alpha_2,iso_numeric,currency,administrative_area_level,administrative_area_level_2,administrative_area_level_3,latitude,longitude,key,key_apple_mobility,key_google_mobility
AFG,Afghanistan,2020-11-30,0,46274,1244.8487971689522,186703.0004476979,36831,990.8161397011212,128377.48698724908,1795,48.28853332148224,6296.838195966221,7648,990.8161397011212,158,4.250466999885345,21,0.5649354873265332,115,3.0936943353595865,128377.48698724908,0,0,0,0,0,0,0,0,0,37172386,0,0,0,0,0,0,0,1,1,3,1,8.33,AFG,AF,4,AFN,1,NA,NA,33,65,NA,NA,AF
AGO,Angola,2020-11-30,0,15139,491.3702351871462,26868.8378702828,7851,254.82183211931337,11635.808806312752,348,11.295121331998605,810.0679258736241,6940,254.82183211931337,36,1.1684608274481314,2,0.06491449041378508,88,2.856237578206544,11635.808806312752,0,0,0,0,0,0,0,0,0,30809762,2,2,1,2,1,1,1,4,1,3,0,57.41,AGO,AO,24,AOA,1,NA,NA,-11.2027,17.8739,NA,NA,AO
ALB,Albania,2020-11-30,0,38182,13320.652977836822,756336.2238589773,18849,6575.899323745384,408606.72151874006,810,282.5867925212882,19576.28727005808,18523,6575.899323745384,557,194.3220289313056,12,4.1864710003153816,368,128.38511067633834,408606.72151874006,0,0,0,0,0,0,0,0,0,2866376,1,2,2,4,0,2,2,1,2,2,2,65.74,ALB,AL,8,ALL,1,NA,NA,41.1533,20.1683,NA,Albania,AL
AND,Andorra,2020-11-30,0,6745,87590.5773576085,5835058.307144898,5873,76266.78440640989,4423415.058566865,76,986.936082902631,168506.3501545334,796,76266.78440640989,33,428.53803599719504,0,0,79,1025.8940861751032,4423415.058566865,0,0,0,0,0,0,0,0,0,77006,1,2,2,4,1,1,0,2,2,3,2,59.26,AND,AD,20,EUR,1,NA,NA,42.5063,1.5218,NA,NA,AD
ARE,United Arab Emirates,2020-11-30,16727741,168860,17533.041102137387,1694664.1554594927,154899,16083.445065024158,1459269.1651994365,572,59.391800961877216,8307.791570912097,13389,16083.445065024158,1107,114.94182458880782,2,0.2076636397268434,714,74.1359193824831,1459269.1651994365,0,0,0,0,0,0,0,0,0,9630959,1,1,2,4,0,0,1,2,2,3,2,49.07,ARE,AE,784,AED,1,NA,NA,24,54,NA,United Arab Emirates,AE
ARG,Argentina,2020-11-30,3412089,1424533,32015.933114612675,2258422.0967345582,1257227,28255.783152714015,1774926.338090041,38730,870.4446225738182,56308.75473109014,128576,28255.783152714015,5726,128.6900570322149,257,5.7759945262450625,7384,165.95308786690094,1774926.338090041,0,0,0,0,0,0,0,0,0,44494502,3,2,2,4,2,2,2,3,2,2,2,79.17,ARG,AR,32,ARS,1,NA,NA,-38.4161,-63.6167,NA,Argentina,AR
ARM,Armenia,2020-11-30,0,135124,45777.186344763286,3336736.9339678893,108442,36737.88254935334,2409880.0179959456,2164,733.1179601704195,57173.71507865095,24518,36737.88254935334,356,120.60535758810967,22,7.453140075669698,1078,365.20386370781523,2409880.0179959456,0,0,0,0,0,0,0,0,0,2951776,0,0,0,0,0,0,0,0,0,0,0,0,ARM,AM,51,AMD,1,NA,NA,40.0691,45.0382,NA,NA,AM
ATG,Antigua and Barbuda,2020-11-30,0,141,1464.387346031614,188765.7603389901,130,1350.1443615894316,155889.74513428743,4,41.54290343352097,7467.3368921753945,7,1350.1443615894316,0,0,0,0,0,0,155889.74513428743,0,0,0,0,0,0,0,0,0,96286,0,0,0,0,0,0,0,0,0,0,0,0,ATG,AG,28,XCD,1,NA,NA,17.0608,-61.7964,NA,NA,AG
AUS,Australia,2020-11-30,10000219,27903,1116.8934263598856,168072.08655850004,25213,1009.2188638788588,137271.7579469431,908,36.34516830214587,4148.392678962327,1782,1009.2188638788588,11,0.44030490233877156,1,0.04002771839443378,9,0.360249465549904,137271.7579469431,22,0.8806098046775431,1549.793200795687,1,0.04002771839443378,118.5020603067212,1,0.04002771839443378,214.28839042460123,24982688,0,1,1,3,1,1,2,3,2,2,2,47.22,AUS,AU,36,AUD,1,NA,NA,-31.9961875,141.2327875,NA,Australia,AU
AUT,Austria,2020-11-30,3098318,284409,32171.067745894165,1378574.2378757994,187680,21229.51803406157,939251.3178804733,3522,398.3928096545441,25238.10531076166,93207,21229.51803406157,3384,382.7828699236165,101,11.424666034954274,4031,455.9686018505018,939251.3178804733,3639,411.6273237742436,17867.781774399948,0,0,0,701,79.29396921290046,3675.7449023649174,8840521,3,3,2,4,1,2,1,3,2,3,2,82.41,AUT,AT,40,EUR,1,NA,NA,47.5162,14.5501,NA,Austria,AT
AZE,Azerbaijan,2020-11-30,0,121176,12190.989758345238,730334.111350329,74902,7535.564095857059,580413.9922332441,1392,140.04305921648324,9841.646713213546,44882,7535.564095857059,2981,299.90543069277044,31,3.1187750256544398,1226,123.34252198233366,580413.9922332441,0,0,0,0,0,0,0,0,0,9939800,3,2,2,4,2,1,1,4,2,3,2,69.91,AZE,AZ,31,AZM,1,NA,NA,40.1431,47.5769,NA,NA,AZ
BDI,Burundi,2020-11-30,0,688,61.56391309537807,6744.290886625938,575,51.452398299189525,5570.505087165731,1,0.08948243182467742,20.715182967412822,112,51.452398299189525,7,0.626377022772742,0,0,0,0,5570.505087165731,0,0,0,0,0,0,0,0,0,11175378,1,0,0,0,0,0,0,2,1,1,1,14.81,BDI,BI,108,BIF,1,NA,NA,-3.3731,29.9189,NA,NA,BI
BEL,Belgium,2020-11-30,0,581159,50830.57704646865,3144892.8896545307,31130,2722.758941110039,382543.2580185382,16852,1473.9458296044452,208705.98891514368,533177,2722.758941110039,3293,288.01944083120327,99,8.658950696109665,0,0,382543.2580185382,4029,352.3930540871297,47988.21088235932,566,49.50470802018253,6362.579478671692,900,78.71773360099695,9971.262779386729,11433256,1,3,2,4,0,2,0,3,2,2,2,63.89,BEL,BE,56,EUR,1,NA,NA,50.8333,4,NA,Belgium,BE
BEN,Benin,2020-11-30,0,3015,262.51522849534456,31651.28260674226,2839,247.19095645050854,24297.28635004399,43,3.743998283681531,537.0025445257173,133,247.19095645050854,41,3.569858828626576,0,0,20,1.7413945505495494,24297.28635004399,0,0,0,0,0,0,0,0,0,11485048,1,1,2,3,0,0,0,1,2,2,2,40.74,BEN,BJ,204,XOF,1,NA,NA,9.3077,2.3158,NA,NA,BJ
BFA,Burkina Faso,2020-11-30,0,2886,146.1152259811706,17274.50550045857,2593,131.28093588675515,13738.34995609202,68,3.4427703973387387,663.9990258984935,225,131.28093588675515,30,1.518869292943561,0,0,0,0,13738.34995609202,0,0,0,0,0,0,0,0,0,19751535,0,0,0,3,0,0,0,1,2,3,2,22.22,BFA,BF,854,XOF,1,NA,NA,12.2383,-1.5616,NA,NA,BF
BGD,Bangladesh,2020-11-30,2770528,464932,2881.404395406608,330173.8647662267,380711,2359.4468627232477,225404.86693528714,6644,41.176023167004,4611.4790906586395,77577,2359.4468627232477,2525,15.648624096430625,35,0.21691162113864235,2539,15.735388744886086,225404.86693528714,0,0,0,0,0,0,0,0,0,161356039,3,3,2,4,2,2,2,3,2,2,1,80.09,BGD,BD,50,BDT,1,NA,NA,23.685,90.3563,NA,NA,BD
BGR,Bulgaria,2020-11-30,966426,145300,20683.165085109158,766804.3598916277,50565,7197.826858420817,334389.1996583078,4035,574.374199025571,22496.892187187055,90700,7197.826858420817,2814,400.5672852683908,221,31.4589090420449,1971,280.56791729353165,334389.1996583078,0,0,0,0,0,0,0,0,0,7025037,3,2,2,3,0,0,0,3,2,1,2,57.41,BGR,BG,100,BGN,1,NA,NA,42.7339,25.4858,NA,Bulgaria,BG
BHR,Bahrain,2020-11-30,2043740,86956,55405.78512449353,6439023.753073551,85141,54249.320935697404,5862254.920388751,341,217.27509001624145,23149.354642009024,1474,54249.320935697404,169,107.68178948019006,0,0,164,104.49593772042113,5862254.920388751,0,0,0,0,0,0,0,0,0,1569439,2,2,2,4,0,2,0,1,2,3,2,58.33,BHR,BH,48,BHD,1,NA,NA,26.0275,50.55,NA,NA,BH
BHS,Bahamas,2020-11-30,0,7541,19554.506793901048,1377666.995124987,5889,15270.718805103206,820987.1901255057,163,422.6739964733949,32158.23047401722,1489,15270.718805103206,24,62.23420806970231,0,0,22,57.04802406389379,820987.1901255057,0,0,0,0,0,0,0,0,0,385640,3,0,0,0,0,0,2,1,2,1,2,0,BHS,BS,44,BSD,1,NA,NA,25.034300000000002,-77.3963,NA,NA,BS
BIH,Bosnia and Herzegovina,2020-11-30,0,87901,26444.90902182327,1455928.962381567,52769,15875.489518578766,880330.9276461682,2681,806.5755917169109,42816.347761940764,32451,15875.489518578766,527,158.54730952436108,61,18.351775865248626,1290,388.094932232307,880330.9276461682,0,0,0,0,0,0,0,0,0,3323929,1,1,2,3,0,2,0,1,2,2,0,48.15,BIH,BA,70,BAM,1,NA,NA,43.9159,17.6791,NA,NA,BA
BLR,Belarus,2020-11-30,3091238,136647,14408.922276472005,1604660.421222167,114341,12056.836827841706,1330215.3034444354,1158,122.1068299791037,13919.651386054873,21148,12056.836827841706,1639,172.8265063348454,7,0.738124188129297,966,101.86113796184299,1330215.3034444354,0,0,0,0,0,0,0,0,0,9483499,0,0,1,0,0,0,0,4,1,3,2,22.22,BLR,BY,112,BYR,1,NA,NA,53.7098,27.9534,NA,NA,BY
BLZ,Belize,2020-11-30,0,5854,15281.762388695568,747287.0564464551,3151,8225.629191455371,399916.72562005476,148,386.35135523179775,13224.70247029924,2555,8225.629191455371,111,289.76351642384833,1,2.6104821299445793,20,52.209642598891584,399916.72562005476,0,0,0,0,0,0,0,0,0,383071,3,2,2,4,1,1,2,1,2,2,2,72.22,BLZ,BZ,84,BZD,1,NA,NA,13.1939,-59.5432,NA,NA,BZ
BMU,Bermuda,2020-11-30,0,260,4064.2145905303796,592453.0661372767,214,3345.161239898082,494646.1788567052,9,140.684351210667,31489.847279320962,37,3345.161239898082,9,140.684351210667,0,0,1,15.631594578963,494646.1788567052,0,0,0,0,0,0,0,0,0,63973,1,1,1,3,0,0,0,2,2,3,2,37.96,BMU,BM,60,BMD,1,NA,NA,32.3333333,-64.75,NA,NA,BM
BOL,Bolivia,2020-11-30,360083,144708,12746.07505129417,1578301.4076631826,121702,10719.67566335381,970984.1557517734,8957,788.9445934878644,83718.54240878868,14049,10719.67566335381,86,7.5749955386799535,5,0.44040671736511355,230,20.25870899879522,970984.1557517734,0,0,0,0,0,0,0,0,0,11353142,3,2,2,4,2,2,2,1,2,1,1,84.26,BOL,BO,68,BOV,1,NA,NA,-17,-65,NA,NA,BO
BRA,Brazil,2020-11-30,6421441,6335878,30247.282068731274,3195970.882286621,5597802,26723.730485168442,2660865.0107268924,173120,826.4694288208766,101603.17835164921,564956,26723.730485168442,21138,100.91214640951762,287,1.3701289629828535,16366,78.13076866960759,2660865.0107268924,0,0,0,0,0,0,0,0,0,209469333,2,2,2,3,1,2,2,1,2,2,2,56.94,BRA,BR,76,BRL,1,NA,NA,-14.235,-51.9253,NA,Brazil,BR
BRB,Barbados,2020-11-30,0,276,962.8769087464808,123422.67854214854,250,872.1711129950007,103104.58029381701,7,24.42079116386002,5639.4584166256745,19,872.1711129950007,1,3.488684451980003,0,0,0,0,103104.58029381701,0,0,0,0,0,0,0,0,0,286641,1,1,1,2,1,0,0,2,2,2,2,40.74,BRB,BB,52,BBD,1,NA,NA,13.1939,-59.5432,NA,NA,BB
BRN,Brunei,2020-11-30,0,150,349.6813237536192,84942.25595740415,145,338.0252796284986,76952.03770963395,3,6.993626475072384,1404.553317077037,2,338.0252796284986,0,0,0,0,0,0,76952.03770963395,0,0,0,0,0,0,0,0,0,428962,1,1,1,2,0,0,0,2,2,3,2,35.19,BRN,BN,96,BND,1,NA,NA,4.5,114.6666667,NA,NA,BN
BTN,Bhutan,2020-11-30,0,410,543.4825833715538,50636.66996291063,381,505.0411323525903,41102.527326569405,0,0,0,29,505.0411323525903,14,18.55794187122379,0,0,4,5.302269106063941,41102.527326569405,0,0,0,0,0,0,0,0,0,754394,2,1,2,3,0,1,2,3,2,2,2,64.81,BTN,BT,64,BTN,1,NA,NA,27.5142,90.4336,NA,NA,BT
BWA,Botswana,2020-11-30,0,10742,4765.483384691007,234946.49367426665,7912,3510.00787001259,115239.7869506851,34,15.083451413097581,892.1417879923305,2796,3510.00787001259,484,214.71736717468323,3,1.3308927717439043,195,86.50803016335378,115239.7869506851,0,0,0,0,0,0,0,0,0,2254126,1,2,1,3,0,1,1,2,2,2,2,50.93,BWA,BW,72,BWP,1,NA,NA,-22.3285,24.6849,NA,NA,BW
CAF,Central African Republic,2020-11-30,0,4913,1052.8510662554697,171324.88438032332,1924,412.31130703755827,58797.22105607841,63,13.500838016302584,2088.879659744594,2926,412.31130703755827,0,0,0,0,0,0,58797.22105607841,0,0,0,0,0,0,0,0,0,4666377,0,1,0,0,0,0,0,2,2,1,1,20.37,CAF,CF,140,XAF,1,NA,NA,6.6111,20.9394,NA,NA,CF
CAN,Canada,2020-11-30,11475642,381557,10296.276637298553,891856.1197632939,304595,8219.464935351607,687687.897529708,12147,327.78555317623716,51938.736726297444,64815,8219.464935351607,7895,213.0457678707823,101,2.725474674471059,5500,148.41693771872104,687687.897529708,0,0,0,0,0,0,0,0,0,37057765,2,3,2,4,0,1,2,3,2,3,2,64.35,CAN,CA,124,CAD,1,NA,NA,44.78404667,-82.50859333,NA,Canada,CA
CHE,Switzerland,2020-11-30,2765708,333454,39168.93088836935,2045327.582595883,250200,29389.560503907625,1333746.063625462,4729,555.488535663386,54914.60523723847,78525,29389.560503907625,5299,622.4431699049021,84,9.8669987303287,28100,3300.7460038361482,1333746.063625462,183,21.495961519644666,1663.0004110074829,0,0,0,0,0,0,8513227,2,2,2,4,0,1,0,3,2,2,2,57.41,CHE,CH,756,CHF,1,NA,NA,46.8182,8.2275,NA,Switzerland,CH
CHL,Chile,2020-11-30,5333453,551743,29459.036069957223,3922185.2181304446,526915,28133.402672623866,3594206.654222613,15410,822.7811605005243,101549.77585753979,9418,28133.402672623866,1313,70.10458557671566,54,2.883204585790286,1395,74.48278513291574,3594206.654222613,2343,125.09904341678966,54126.80013412241,0,0,0,690,36.840947485098106,13400.54759530059,18729160,3,3,2,4,1,3,2,2,2,3,2,76.39,CHL,CL,152,CLF,1,NA,NA,-35.6751,-71.543,NA,Chile,CL
CHN,China,2020-11-30,0,93465,67.10920278876739,18350.559333108355,0,0,0,4750,3.4105677338751947,908.5730902615726,88715,0,136,0.09764993932779505,0,0,0,0,0,0,0,0,0,0,0,0,0,0,1392730000,3,3,2,4,2,3,2,3,2,3,2,81.94,CHN,CN,156,CNY,1,NA,NA,32.82838485,111.6490818,NA,NA,CN
CIV,Cote d'Ivoire,2020-11-30,218207,21331,850.8837667085812,120516.72989225158,20964,836.244305718377,102238.56505519176,132,5.26541921173563,782.3136483375695,235,836.244305718377,21,0.8376803291397593,1,0.03988953948284568,17,0.6781221712083766,102238.56505519176,0,0,0,0,0,0,0,0,0,25069229,1,0,1,0,0,1,0,1,2,2,2,25,CIV,CI,384,XOF,1,NA,NA,8,-5,NA,NA,CI
CMR,Cameroon,2020-11-30,0,24445,969.4150637940149,136058.10811502128,22177,879.4730157398187,118064.70172373459,437,17.33010361538084,2964.379657440561,1831,879.4730157398187,328,13.00749195845518,0,0,0,0,118064.70172373459,0,0,0,0,0,0,0,0,0,25216237,1,0,1,3,0,0,0,1,2,2,0,31.48,CMR,CM,120,XAF,1,NA,NA,3.848,11.5021,NA,NA,CM
COD,"Congo, the Democratic Republic of the",2020-11-30,0,12772,151.92446798869264,21002.92725809606,11585,137.80496098097436,16247.859131236844,333,3.9610748387280497,541.6502201768802,854,137.80496098097436,70,0.8326583745073978,0,0,0,0,16247.859131236844,0,0,0,0,0,0,0,0,0,84068091,1,1,0,0,0,0,0,2,2,1,1,22.22,COD,CD,180,CDF,1,NA,NA,0,25,NA,NA,CD
COG,Congo,2020-11-30,0,5774,1100.991674298671,133446.71221271297,4988,951.1164654315501,81809.74505387976,94,17.924007167314695,2544.064932194816,692,951.1164654315501,0,0,0,0,0,0,81809.74505387976,0,0,0,0,0,0,0,0,0,5244363,1,1,1,3,0,2,0,2,2,1,0,43.52,COG,CG,178,XAF,1,NA,NA,-1,15,NA,NA,CG
COL,Colombia,2020-11-30,5085495,1316643,26519.191797325548,2197347.673961556,1207612,24323.141690459677,1788617.039907502,37205,749.365265162612,70924.04360760008,71826,24323.141690459677,8431,169.81315819341438,163,3.2830678194195877,6095,122.76256662185514,1788617.039907502,0,0,0,0,0,0,0,0,0,49648685,2,1,1,3,1,1,1,4,2,2,2,60.19,COL,CO,170,COU,1,NA,NA,4.5709,-74.2973,NA,Colombia,CO
COM,Comoros,2020-11-30,0,611,734.0908927073897,91902.53291394436,586,704.0544404689532,82544.97658358184,7,8.410206626762239,1460.372307832786,18,704.0544404689532,0,0,0,0,0,0,82544.97658358184,0,0,0,0,0,0,0,0,0,832322,0,0,0,0,0,0,0,0,0,0,0,0,COM,KM,174,KMF,1,NA,NA,-12.1666667,44.25,NA,NA,KM
CPV,Cape Verde,2020-11-30,0,10761,19789.72611430999,1585689.2750019769,10329,18995.268193913937,1324356.755742809,105,193.09741120737374,16460.175038205703,327,18995.268193913937,14,25.7463214943165,0,0,100,183.90229638797499,1324356.755742809,0,0,0,0,0,0,0,0,0,543767,3,3,2,4,0,1,2,1,2,3,2,71.3,CPV,CV,132,CVE,1,NA,NA,16,-24,NA,NA,CV
CRI,Costa Rica,2020-11-30,242306,139638,27930.722654792804,1928884.2492590672,87526,17507.157300186158,1023958.6785802653,1726,345.2385976752201,22616.52852788942,50386,17507.157300186158,2545,509.0569125628245,36,7.20080505000459,2535,507.0566889378232,1023958.6785802653,0,0,0,0,0,0,0,0,0,4999441,3,2,2,3,0,1,0,1,2,1,1,55.56,CRI,CR,188,CRC,1,NA,NA,9.7489,-83.7534,NA,NA,CR
CUB,Cuba,2020-11-30,1125751,8284,730.6314317218578,78590.06478841588,7631,673.0382008051058,68016.5032388916,135,11.906716958287156,1966.9455425573406,518,673.0382008051058,51,4.498093073130703,1,0.08819790339471967,45,3.9689056527623845,68016.5032388916,0,0,0,0,0,0,0,0,0,11338138,1,2,2,4,1,0,2,1,2,1,2,56.48,CUB,CU,192,CUP,1,NA,NA,22,-80,NA,NA,CU
CYP,Cyprus,2020-11-30,621399,10565,8883.638213518434,421086.55345948966,2057,1729.6397354668638,202293.43333907917,49,41.201918832219896,4345.961581312828,8459,1729.6397354668638,182,153.03569851967393,1,0.8408554863718347,0,0,202293.43333907917,0,0,0,0,0,0,0,0,0,1189265,1,2,2,4,1,2,0,3,2,3,2,65.74,CYP,CY,196,CYP,1,NA,NA,35.1264,33.4299,NA,NA,CY
CZE,Czech Republic,2020-11-30,3088795,523305,49229.402118245765,2065407.1692677503,451607,42484.48343206088,1289825.810673412,8295,780.3439496485771,27219.704592542865,63403,42484.48343206088,3573,336.1264535375969,157,14.769620264596336,7201,677.4269778685236,1289825.810673412,0,0,0,0,0,0,0,0,0,10629928,2,2,1,4,0,2,2,3,2,2,2,69.44,CZE,CZ,203,CZK,1,NA,NA,49.8037633,15.4749126,NA,Czech Republic,CZ
DEU,Germany,2020-11-30,29196733,1075769,12975.801856618396,879827.8086322134,976423,11777.501839377139,844498.3427090767,20947,252.66030299310125,29466.949603104884,78399,11777.501839377139,13328,160.76080194261962,271,3.2687708078068667,6951,83.84216193751118,844498.3427090767,0,0,0,0,0,0,0,0,0,82905782,1,2,2,4,1,1,1,3,2,3,2,67.59,DEU,DE,276,EUR,1,NA,NA,51,9,NA,Germany,DE
DJI,Djibouti,2020-11-30,0,5679,5922.287573520211,1063817.1067450882,5584,5823.217786676678,965084.6785967547,61,63.61323155216285,11051.495432361407,34,5823.217786676678,2,2.085679723021733,0,0,7,7.299879030576065,965084.6785967547,0,0,0,0,0,0,0,0,0,958920,1,1,1,4,0,0,0,1,2,2,2,37.96,DJI,DJ,262,DJF,1,NA,NA,11.8251,42.5903,NA,NA,DJ
DMA,Dominica,2020-11-30,0,85,1186.73647469459,90422.33856893543,63,879.5811518324607,70094.24083769634,0,0,0,22,879.5811518324607,0,0,0,0,0,0,70094.24083769634,0,0,0,0,0,0,0,0,0,71625,1,0,0,2,0,0,0,2,2,3,2,25.93,DMA,DM,212,XCD,1,NA,NA,15.415,-61.371,NA,NA,DM
DNK,Denmark,2020-11-30,7420678,80481,13891.27656621852,936064.2435941781,63515,10962.891006614846,745800.996127475,837,144.46886204103953,25051.194103323025,16129,10962.891006614846,1129,194.86899073397086,8,1.3808254436419547,1001,172.77578363569958,745800.996127475,0,0,0,0,0,0,0,0,0,5793636,1,1,1,4,0,1,0,3,2,3,2,45.37,DNK,DK,208,DKK,1,NA,NA,56.26,9.5,NA,Denmark,DK
DOM,Dominican Republic,2020-11-30,715862,143988,13549.050946324818,1527208.902844738,115219,10841.931973390834,1090251.6804811067,2331,219.34354082203484,28736.49745722401,26438,10841.931973390834,515,48.46071365222992,1,0.09409847311112605,401,37.73348771756155,1090251.6804811067,0,0,0,0,0,0,0,0,0,10627165,3,2,2,3,1,2,0,1,2,2,1,64.81,DOM,DO,214,DOP,1,NA,NA,18.7357,-70.1627,NA,NA,DO
DZA,Algeria,2020-11-30,0,83199,1970.213005082429,181337.68367276934,53809,1274.2363681111606,123454.92416968672,2431,57.567853163564294,6994.304713537887,26959,1274.2363681111606,978,23.159753350047666,21,0.4972953173323118,605,14.326841285049936,123454.92416968672,0,0,0,0,0,0,0,0,0,42228429,1,2,1,4,2,2,2,4,2,1,2,72.22,DZA,DZ,12,DZD,1,NA,NA,28.0339,1.6596,NA,NA,DZ
ECU,Ecuador,2020-11-30,608942,192685,11278.446124720995,1278547.5918116204,169804,9939.150768155921,942915.1474650173,13461,787.9137622797276,95217.95289105701,9420,9939.150768155921,568,33.246788275379636,38,2.2242569620852572,0,0,942915.1474650173,0,0,0,0,0,0,0,0,0,17084357,3,2,2,3,0,0,0,2,2,2,1,52.78,ECU,EC,218,USD,1,NA,NA,-1.8312,-78.1834,NA,NA,EC
EGY,Egypt,2020-11-30,0,115911,1177.6749264238924,173654.1375063571,102718,1043.631864899875,119623.04364111065,6650,67.56509960848311,9304.059661710182,6543,1043.631864899875,370,3.7592611812238723,14,0.1422423149652276,122,1.239540173268412,119623.04364111065,0,0,0,0,0,0,0,0,0,98423595,2,2,2,2,0,1,2,1,2,2,2,60.19,EGY,EG,818,EGP,1,NA,NA,26,30,NA,Egypt,EG
ERI,Eritrea,2020-11-30,0,577,100.34027002836135,10663.28396487708,498,86.6021741319306,8508.576658488153,0,0,0,79,86.6021741319306,0,0,0,0,0,0,8508.576658488153,0,0,0,0,0,0,0,0,0,5750433,1,2,2,3,2,0,2,4,2,3,1,75,ERI,ER,232,ERN,1,NA,NA,15.1794,39.7823,NA,NA,ER
ESP,Spain,2020-11-30,18249203,1648187,35220.27483228461,2791366.5091478988,150376,3213.39996504015,725817.9985101462,45069,963.0840228786145,153868.58729299216,1452742,3213.39996504015,19979,426.93327327191287,401,8.5690095891704825,0,0,725817.9985101462,0,0,0,0,0,0,0,0,0,46796540,1,2,2,4,0,2,2,3,2,2,2,71.3,ESP,ES,724,EUR,1,NA,NA,40,-4,NA,Spain,ES
EST,Estonia,2020-11-30,483026,12308,9310.298136805708,558866.0014508573,7078,5354.102227194573,395391.1452317249,118,89.26025188032771,11826.983374143423,5112,5354.102227194573,256,193.64936001155843,6,4.538656875270902,68,51.43811125307021,395391.1452317249,0,0,0,0,0,0,0,0,0,1321977,1,1,0,4,0,0,0,3,2,2,1,37.96,EST,EE,233,EEK,1,NA,NA,58.5953,25.0136,NA,Estonia,EE
ETH,Ethiopia,2020-11-30,1636729,110074,1007.7770146913572,83538.30936502111,73808,675.745461238255,40799.27665352258,1706,15.619197876550823,1308.7624368435308,34560,675.745461238255,540,4.943943055883613,6,0.05493270062092903,4493,41.13543731497236,40799.27665352258,0,0,0,0,0,0,0,0,0,109224559,1,1,1,3,1,0,2,2,2,1,2,51.85,ETH,ET,231,ETB,1,NA,NA,9.145,40.4897,NA,NA,ET
FIN,Finland,2020-11-30,1999169,24912,4516.705118733031,405499.74843736546,16800,3045.947575253489,312784.730374715,399,72.34125491227036,13414.044900530775,7713,3045.947575253489,283,51.30971213075818,6,1.087838419733389,0,0,312784.730374715,0,0,0,0,0,0,0,0,0,5515525,1,1,2,4,0,0,0,3,2,2,1,44.91,FIN,FI,246,EUR,1,NA,NA,64,26,NA,Finland,FI
FRA,France,2020-11-30,0,2222488,33182.80080386273,1816752.909318702,162281,2422.9323610528595,302389.7030966118,52731,787.2988601911396,110425.36519231863,2007476,2422.9323610528595,4005,59.79655108125229,406,6.061772718848546,854,12.7506253741297,302389.7030966118,28258,421.9053534217296,56583.12473842742,0,0,0,3751,56.0042105133027,8394.532478089865,66977107,2,2,2,4,0,2,2,3,2,3,2,75,FRA,FR,250,EUR,1,NA,NA,46.23,2.21,NA,France,FR
GAB,Gabon,2020-11-30,0,9214,4347.713250993854,667881.7048283021,9066,4277.87804791733,526363.9688100884,60,28.31156881480695,4376.496679288908,88,4277.87804791733,23,10.852768045675997,1,0.47185948024678254,29,13.683924927156692,526363.9688100884,0,0,0,0,0,0,0,0,0,2119275,2,2,2,3,0,2,2,2,2,3,2,66.67,GAB,GA,266,XAF,1,NA,NA,-0.8037,11.6094,NA,NA,GA
GBR,United Kingdom,2020-11-30,43729581,1629657,24520.74277557155,1679906.5996408325,344,5.17601895048873,1260.165009076691,58448,879.441731448155,141087.3527828866,1570865,5.17601895048873,12330,185.5241676149013,203,3.0544530434570127,0,0,1260.165009076691,16491,248.13293172241177,28457.473828302784,1357,20.41819103434072,3068.769851687797,0,0,0,66460344,0,2,2,4,1,1,1,3,2,2,1,63.89,GBR,GB,826,GBP,1,NA,NA,55.3781,-3.436,NA,UK,GB
GEO,Georgia,2020-11-30,0,135584,36383.259686106365,867808.2590622047,113986,30587.548962860816,623950.4699924783,1267,339.99284592796175,7681.235373531919,20331,30587.548962860816,3216,862.9968370199882,37,9.928757142331953,3937,1056.473428901646,623950.4699924783,0,0,0,0,0,0,0,0,0,3726549,3,2,2,4,2,3,2,3,2,2,2,84.26,GEO,GE,268,GEL,1,NA,NA,42.3154,43.3569,NA,Georgia,GE
GHA,Ghana,2020-11-30,601007,51667,1735.7077482972145,234899.75915698629,50547,1698.082326304591,214340.48950942766,323,10.850902949658396,1434.8555459267322,797,1698.082326304591,98,3.2922244243545595,0,0,97,3.258630297575431,214340.48950942766,0,0,0,0,0,0,0,0,0,29767108,2,1,1,3,0,0,0,1,2,3,2,38.89,GHA,GH,288,GHC,1,NA,NA,7.9465,-1.0232,NA,NA,GH
GIN,Guinea,2020-11-30,0,13119,1056.7636498436725,138615.06528187855,12045,970.2506412353864,118155.54426751433,76,6.121963365204596,838.0645638366924,998,970.2506412353864,80,6.444171963373259,0,0,63,5.0747854211564425,118155.54426751433,0,0,0,0,0,0,0,0,0,12414318,3,1,1,2,0,2,2,2,2,2,2,56.48,GIN,GN,324,GNF,1,NA,NA,9.9456,-9.6966,NA,NA,GN
GMB,Gambia,2020-11-30,0,3742,1641.1546500989866,169672.23396146312,3601,1579.3153113325632,109568.56316077088,123,53.94495509411421,5411.819295803433,18,1579.3153113325632,8,3.508614965470843,0,0,10,4.385768706838554,109568.56316077088,0,0,0,0,0,0,0,0,0,2280102,0,0,2,4,0,0,0,1,2,2,2,36.11,GMB,GM,270,GMD,1,NA,NA,13.4432,-15.3101,NA,NA,GM
GNB,Guinea-Bissau,2020-11-30,0,2441,1302.346624809463,218720.87259891513,2327,1241.5242097220896,115207.52447968825,44,23.475318103898555,3210.2497507081275,70,1241.5242097220896,19,10.137069181228922,1,0.5335299569067854,18,9.603539224322136,115207.52447968825,0,0,0,0,0,0,0,0,0,1874309,0,0,0,0,0,0,0,0,0,0,0,0,GNB,GW,624,XOF,1,NA,NA,11.8037,-15.1804,NA,NA,GW
GNQ,Equatorial Guinea,2020-11-30,0,5153,3936.6710110361246,592850.9657181884,5009,3826.6611865476316,428371.76292271656,85,64.93635473279072,9639.228892246905,59,3826.6611865476316,0,0,0,0,0,0,428371.76292271656,0,0,0,0,0,0,0,0,0,1308974,0,0,0,0,0,0,0,0,0,0,0,0,GNQ,GQ,226,XAF,1,NA,NA,1.5,10,NA,NA,GQ
GRC,Greece,2020-11-30,2373566,105271,9809.32610467319,374636.70801882196,23074,2150.0735296447187,158403.78332432266,2406,224.19506424222908,8333.328674250535,79791,2150.0735296447187,1044,97.28164882331137,85,7.920440756687228,0,0,158403.78332432266,0,0,0,0,0,0,0,0,0,10731726,2,2,2,4,1,2,2,3,2,3,2,78.7,GRC,GR,300,EUR,1,NA,NA,39.0742,21.8243,NA,Greece,GR
GTM,Guatemala,2020-11-30,535951,122062,7076.957667719728,718979.4621426364,110944,6432.353979842191,587536.3169358284,4171,241.82784512836906,25816.702378453097,6947,6432.353979842191,91,5.2760330632178345,5,0.28989192655043045,356,20.640305170390647,587536.3169358284,0,0,0,0,0,0,0,0,0,17247807,3,1,1,4,1,0,0,1,2,2,1,49.54,GTM,GT,320,GTQ,1,NA,NA,15.7835,-90.2308,NA,NA,GT
GUM,Guam,2020-11-30,0,6852,41334.87766034457,2362874.6199507746,0,0,0,112,675.6430674195261,39187.29791033251,6740,0,34,205.10593118092754,0,0,0,0,0,0,0,0,0,0,0,0,0,0,165768,2,2,2,4,0,1,1,2,2,3,2,62.96,GUM,GU,316,USD,1,NA,NA,13.46666,144.783333,NA,Guam,GU
GUY,Guyana,2020-11-30,0,5406,6939.630605234376,463170.9208168379,4392,5637.968482831924,318853.30498944805,151,193.83725885874784,14670.65637660397,863,5637.968482831924,30,38.51071368054593,1,1.2836904560181976,46,59.04976097683709,318853.30498944805,0,0,0,0,0,0,0,0,0,779004,2,1,2,4,1,2,2,1,2,2,2,68.52,GUY,GY,328,GYD,1,NA,NA,5,-58.75,NA,NA,GY
HND,Honduras,2020-11-30,0,108253,11291.030153568356,1125246.9094725414,48073,5014.121479982002,350080.3961649319,2918,304.3539300353105,33159.66315383683,57262,5014.121479982002,365,38.070316813875365,9,0.938720140616105,393,40.990779473569916,350080.3961649319,0,0,0,0,0,0,0,0,0,9587522,3,2,2,4,2,2,2,2,2,1,1,87.04,HND,HN,340,HNL,1,NA,NA,15.2,-86.2419,NA,NA,HN
HRV,Croatia,2020-11-30,749346,128442,31420.482635952507,1056457.647712987,105199,25734.598907051957,824250.9558219335,1786,436.9052333957053,16326.703349419242,21457,25734.598907051957,1830,447.668856166932,74,18.102456478881404,3361,822.194003047573,824250.9558219335,0,0,0,0,0,0,0,0,0,4087843,1,2,1,4,0,0,0,2,2,3,2,44.44,HRV,HR,191,HRK,1,NA,NA,45.1,15.2,NA,Croatia,HR
HTI,Haiti,2020-11-30,0,9294,835.5527234307899,126711.83122518245,8023,721.2867979433213,81557.86620655828,233,20.947254633029274,3030.114780167103,1038,721.2867979433213,22,1.9778523687838796,1,0.08990238039926726,72,6.472971388747243,81557.86620655828,0,0,0,0,0,0,0,0,0,11123176,1,0,1,3,0,2,0,2,2,1,1,41.67,HTI,HT,332,USD,1,NA,NA,18.9712,-72.2852,NA,NA,HT
HUN,Hungary,2020-11-30,1647792,217122,22210.687792540666,683093.8859384481,63860,6532.615407151956,191372.99904128295,4823,493.37306778411966,22603.55515037291,148439,6532.615407151956,5595,572.3454933137361,151,15.446679086751415,8223,841.1790869560058,191372.99904128295,0,0,0,0,0,0,0,0,0,9775564,2,2,2,4,1,2,0,4,2,2,1,72.22,HUN,HU,348,HUF,1,NA,NA,47.1625,19.5033,NA,Hungary,HU
IDN,Indonesia,2020-11-30,3827720,538883,2013.2858266576457,151197.3591013655,450518,1683.151081132916,112296.76178967068,16945,63.30711551990655,5753.488518145932,71420,1683.151081132916,4617,17.24927426116309,130,0.4856845687570288,4725,17.652766056745854,112296.76178967068,0,0,0,0,0,0,0,0,0,267663435,2,2,2,4,1,1,2,3,2,1,1,64.35,IDN,ID,360,IDR,1,NA,NA,-0.7893,113.9213,NA,Indonesia,ID
IND,India,2020-11-30,140379976,9463178,6996.1975232066525,570320.9481580736,8888428,6571.280595039072,482971.7758872301,137068,101.33538670739253,9308.375502343113,437682,6571.280595039072,31179,23.05086542555368,482,0.35634616681474307,42282,31.25939548809329,482971.7758872301,0,0,0,0,0,0,0,0,0,1352617328,3,2,2,4,1,2,1,3,2,2,2,68.98,IND,IN,356,INR,1,NA,NA,21,78,NA,India,IN
IRL,Ireland,2020-11-30,1964711,72544,14904.334201917323,1638686.3870775413,23364,4800.188358700876,1012820.84207105,2053,421.793644085469,80841.69301764075,47127,4800.188358700876,303,62.252057553773554,1,0.2054523351609688,0,0,1012820.84207105,259,53.212154806690926,12995.784734439501,0,0,0,30,6.163570054829065,2044.6616395219617,4867309,2,3,2,4,1,2,2,2,2,2,2,81.48,IRL,IE,372,EUR,1,NA,NA,53.1424,-7.6921,NA,Ireland,IE
IRN,Iran,2020-11-30,6125348,962070,11761.20826693125,1010885.1964777769,668151,8168.078273679026,804899.0951362274,48246,589.8024614075536,55861.85786259456,245673,8168.078273679026,13321,162.84787523131496,372,4.54766230658728,9859,120.52527602323656,804899.0951362274,0,0,0,0,0,0,0,0,0,81800269,3,3,2,4,1,1,2,3,1,2,1,70.83,IRN,IR,364,IRR,1,NA,NA,32,53,NA,NA,IR
IRQ,Iraq,2020-11-30,3483319,552549,14376.717247408518,1208071.6742641856,482674,12558.646600890886,969027.6476832771,12258,318.93967778194076,31899.822030723117,57617,12558.646600890886,2114,55.00395487281962,34,0.8846426043878273,1771,46.07947212855418,969027.6476832771,0,0,0,0,0,0,0,0,0,38433600,1,2,1,1,1,1,1,1,2,1,1,48.15,IRQ,IQ,368,IQD,1,NA,NA,33,44,NA,NA,IQ
ISL,Iceland,2020-11-30,213961,5392,15286.869792272078,1791506.6015349242,5179,14682.993073845902,1548398.025634992,26,73.71265107549593,7946.79080633135,187,14682.993073845902,11,31.18612160886366,0,0,11,31.18612160886366,1548398.025634992,0,0,0,0,0,0,0,0,0,352721,1,2,2,4,0,0,0,3,2,3,2,52.78,ISL,IS,352,ISK,1,NA,NA,64.9631,-19.0208,NA,Iceland,IS
ISR,Israel,2020-11-30,6026291,337191,37959.990093213855,3363727.9348853966,323681,36439.07326518665,2811736.6708695455,2872,323.3214752105192,27336.65060566488,10638,36439.07326518665,1258,141.62201107758813,8,0.9006169225919756,752,84.6579907236457,2811736.6708695455,0,0,0,0,0,0,0,0,0,8882800,2,2,2,3,0,2,2,3,2,3,2,65.74,ISR,IL,376,ILS,1,NA,NA,31,35,NA,Israel,IL
ITA,Italy,2020-11-30,21945099,1601554,26506.245432109226,1526048.231630459,757507,12536.989985064984,840153.6052574437,55576,919.8010782870277,140816.0900973424,788471,12536.989985064984,16376,271.0281858721097,672,11.121821012827168,23004,380.72376574267287,840153.6052574437,36931,611.2201961677383,52572.21073997182,0,0,0,3744,61.96443135717993,5189.802481754918,60421760,2,3,2,4,1,2,2,3,2,2,1,79.63,ITA,IT,380,EUR,1,NA,NA,43,12,NA,Italy,IT
JAM,Jamaica,2020-11-30,115525,10763,3667.302132473325,264475.58737995574,6219,2119.014397644858,124156.21896141376,257,87.56821035451496,5081.170960745932,4287,2119.014397644858,54,18.399546144528433,1,0.34073233600978586,153,52.13204740949723,124156.21896141376,0,0,0,0,0,0,0,0,0,2934855,1,1,2,3,1,2,2,2,2,2,2,67.59,JAM,JM,388,JMD,1,NA,NA,18.1096,-77.2975,NA,NA,JM
JOR,Jordan,2020-11-30,2551231,219430,22039.95154284181,581038.4299495049,155026,15571.095692843248,218191.1008334563,2751,276.3154841833742,6600.283989240269,61653,15571.095692843248,5123,514.563513439268,57,5.725184514159335,6454,648.2515939365676,218191.1008334563,0,0,0,0,0,0,0,0,0,9956011,3,2,2,3,1,2,2,2,2,2,2,78.7,JOR,JO,400,JOD,1,NA,NA,31.24,36.51,NA,NA,JO
JPN,Japan,2020-11-30,3497954,148885,1176.6858374871867,98894.07654049543,123402,975.2855272028331,82186.23225803392,2151,17.000041887597398,2148.5610819961576,23332,975.2855272028331,1435,11.341264578662141,26,0.20548632686077747,2121,16.762942279681116,82186.23225803392,21052,166.38069819511875,13155.993364372307,0,0,0,472,3.7303671645494987,329.63958488600645,126529100,1,2,1,0,0,1,1,3,2,3,2,40.74,JPN,JP,392,JPY,1,NA,NA,36,138,NA,Japan,JP
KAZ,Kazakhstan,2020-11-30,4547937,174563,9553.354425218758,1082363.073767419,147425,8068.166084095,860176.8073540301,2433,133.15141992608537,14086.385882994216,24705,8068.166084095,800,43.781806798548416,0,0,470,25.721811494147193,860176.8073540301,0,0,0,0,0,0,0,0,0,18272430,2,2,2,4,1,2,2,3,2,1,1,69.91,KAZ,KZ,398,KZT,1,NA,NA,48.0196,66.9237,NA,NA,KZ
KEN,Kenya,2020-11-30,885933,83618,1627.030602021559,116491.32829542384,55344,1076.8779645325308,72228.77196723834,1469,28.583653691426132,2106.327300152297,26805,1076.8779645325308,302,5.876285510422527,17,0.33078428369928126,369,7.179964746178517,72228.77196723834,0,0,0,0,0,0,0,0,0,51393010,2,1,2,3,1,2,1,1,2,1,2,62.96,KEN,KE,404,KES,1,NA,NA,-0.0236,37.9062,NA,NA,KE
KGZ,Kyrgyzstan,2020-11-30,0,73178,11573.669893085342,1095992.9145315366,64711,10234.547985069907,914624.9288289999,1275,201.65116720440312,25771.256405390017,7192,10234.547985069907,371,58.67653571202632,4,0.6326311127981273,562,88.88467134813689,914624.9288289999,0,0,0,0,0,0,0,0,0,6322800,2,2,2,4,0,0,1,2,2,2,2,50.46,KGZ,KG,417,KGS,1,NA,NA,41.2044,74.7661,NA,NA,KG
KHM,Cambodia,2020-11-30,0,326,20.061787844993518,3209.578359066371,304,18.70792486158905,2913.0208264742737,0,0,0,22,18.70792486158905,3,0.18461767955515507,0,0,3,0.18461767955515507,2913.0208264742737,0,0,0,0,0,0,0,0,0,16249798,2,2,2,3,0,2,0,2,2,1,1,58.33,KHM,KH,116,KHR,1,NA,NA,11.55,104.9167,NA,Cambodia,KH
KOR,"Korea, South",2020-11-30,2997807,34652,671.4640732326017,87877.15331089319,27885,540.3375182411145,73316.12779310753,526,10.19248824080424,1621.6520074076525,6241,540.3375182411145,451,8.739186685556486,0,0,232,4.495546144233049,73316.12779310753,0,0,0,0,0,0,0,0,0,51606633,2,1,1,3,0,1,1,2,2,3,2,49.54,KOR,KR,410,KRW,1,NA,NA,37,127.5,NA,NA,KR
KWT,Kuwait,2020-11-30,1095574,142635,34475.30750060003,3918918.432246661,137071,33130.4720048708,3437046.0364454286,880,212.69864058981332,25018.919302377464,4684,33130.4720048708,209,50.51592714008066,2,0.48340600134048484,658,159.04057444101952,3437046.0364454286,0,0,0,0,0,0,0,0,0,4137309,3,1,2,2,1,1,1,2,2,3,2,62.96,KWT,KW,414,KWD,1,NA,NA,29.5,47.75,NA,NA,KW
LBN,Lebanon,2020-11-30,0,127944,18680.88787656457,914773.0483251021,83034,12123.654442120478,452570.001861606,1018,148.63646484667302,7985.340765156576,43892,12123.654442120478,1000,146.00831517354914,14,2.044116412429688,6260,914.0120529864176,452570.001861606,0,0,0,0,0,0,0,0,0,6848925,3,2,2,4,2,2,2,2,2,2,1,87.04,LBN,LB,422,LBP,1,NA,NA,33.8547,35.8623,NA,NA,LB
LBR,Liberia,2020-11-30,0,1595,330.9831111457888,46180.02949588678,1343,278.6898547139777,34033.260586219854,83,17.223572554921926,2813.771470583902,169,278.6898547139777,0,0,0,0,0,0,34033.260586219854,0,0,0,0,0,0,0,0,0,4818977,2,2,1,3,1,1,1,1,2,1,1,57.41,LBR,LR,430,LRD,1,NA,NA,6.4281,-9.4295,NA,NA,LR
LBY,Libya,2020-11-30,0,82809,12399.216778090271,704563.9431333098,53818,8058.3155039097455,375295.17934011895,1183,177.133807297284,10512.80911009802,27808,8058.3155039097455,379,56.748700731758774,17,2.545456233350657,552,82.65246122409194,375295.17934011895,0,0,0,0,0,0,0,0,0,6678567,2,2,2,4,2,1,2,3,2,1,0,79.63,LBY,LY,434,LYD,1,NA,NA,25,17,NA,NA,LY
LCA,Saint Lucia,2020-11-30,0,259,1423.9453732771085,56355.79941612742,131,720.2194745146764,33550.682009357355,2,10.995717168162999,219.91434336325997,126,720.2194745146764,2,10.995717168162999,0,0,22,120.95288884979301,33550.682009357355,0,0,0,0,0,0,0,0,0,181889,0,0,0,0,0,0,0,0,0,0,0,0,LCA,LC,662,XCD,1,NA,NA,13.9094,-60.9789,NA,NA,LC
LIE,Liechtenstein,2020-11-30,900,1270,33500.39567396465,1393906.6209443419,1088,28699.551569506726,1111738.3276180427,16,422.0522289633342,11474.544974940649,166,28699.551569506726,17,448.4304932735426,1,26.378264310208387,64,1688.2089158533367,1111738.3276180427,11,290.16090741229226,15418.095489316802,0,0,0,0,0,0,37910,0,0,0,0,0,0,0,0,0,0,0,0,LIE,LI,438,CHF,1,NA,NA,47.14,9.55,NA,NA,LI
LKA,Sri Lanka,2020-11-30,835391,23987,1106.9220119981542,48793.83940932164,17560,810.3368712505768,34012.09044762344,118,5.445316105214583,191.78587909552377,6309,810.3368712505768,503,23.211813567143516,2,0.09229349330872173,558,25.749884633133366,34012.09044762344,0,0,0,0,0,0,0,0,0,21670000,2,0,0,4,0,3,2,2,2,2,2,49.54,LKA,LK,144,LKR,1,NA,NA,7,81,NA,NA,LK
LSO,Lesotho,2020-11-30,0,2109,1000.4117389233692,91871.1446911294,1278,606.2238986932507,44844.440480956604,44,20.87155832746716,2154.514043712633,787,606.2238986932507,0,0,0,0,0,0,44844.440480956604,0,0,0,0,0,0,0,0,0,2108132,1,1,1,3,0,1,1,2,2,1,1,47.22,LSO,LS,426,LSL,1,NA,NA,-29.5,28.5,NA,NA,LS
LTU,Lithuania,2020-11-30,1267044,61325,21889.72291340879,601727.5123030415,14211,5072.561798980062,214433.79594744754,506,180.61475408373173,8941.144219453352,46608,5072.561798980062,1132,404.0630466853445,13,4.640300006103779,91,32.48210004272646,214433.79594744754,0,0,0,0,0,0,0,0,0,2801543,2,2,2,4,0,1,1,2,2,2,2,62.96,LTU,LT,440,LTL,1,NA,NA,55.1694,23.8813,NA,Lithuania,LT
LUX,Luxembourg,2020-11-30,1388566,34678,57040.87507196316,3476790.8545110617,26086,42908.13389258985,2551436.7957891272,321,528.003947693067,50271.4038983469,8271,42908.13389258985,1269,2087.3427091043673,21,34.54231433506045,2013,3311.127559832223,2551436.7957891272,0,0,0,0,0,0,0,0,0,607950,1,2,2,4,0,2,0,3,2,3,2,60.19,LUX,LU,442,EUR,1,NA,NA,49.8153,6.1296,NA,Luxembourg,LU
LVA,Latvia,2020-11-30,624539,17075,8860.123683694363,329145.9411552875,1795,931.4156376123796,123086.18733959674,206,106.89226816052935,5203.992996999752,15074,931.4156376123796,100,51.889450563363766,9,4.670050550702739,76,39.435982428156464,123086.18733959674,76,39.435982428156464,3601.1278690974455,0,0,0,0,0,0,1927174,2,2,2,4,0,0,0,2,2,2,1,53.7,LVA,LV,428,LVL,1,NA,NA,56.8796,24.6032,NA,Latvia,LV
MAR,Morocco,2020-11-30,3953900,356336,9890.21719031968,527452.3081845589,305291,8473.447241507693,427179.7593381224,5846,162.25755942315357,9091.835613719097,45199,8473.447241507693,2533,70.30420766658365,57,1.582052837345151,2977,82.62756661011429,427179.7593381224,0,0,0,0,0,0,0,0,0,36029138,1,2,2,3,1,2,2,3,2,2,1,66.2,MAR,MA,504,MAD,1,NA,NA,31.7917,-7.0926,NA,Morocco,MA
MCO,Monaco,2020-11-30,0,609,15743.756786102063,1191704.1518018716,556,14373.610464815676,940308.1536632025,3,77.55545214828602,19091.567137169743,50,14373.610464815676,1,25.851817382762007,0,0,19,491.1845302724781,940308.1536632025,0,0,0,0,0,0,0,0,0,38682,3,2,1,4,1,1,0,3,2,3,1,65.74,MCO,MC,492,EUR,1,NA,NA,43.7333,7.4167,NA,NA,MC
MDA,Moldova,2020-11-30,0,107364,39675.55650322666,3040730.9697644054,95354,35237.35157789087,2197806.100332995,2304,851.4258241443521,78293.48249052401,9706,35237.35157789087,347,128.2312330634072,14,5.173594417543806,768,283.8086080481174,2197806.100332995,0,0,0,0,0,0,0,0,0,2706049,1,2,2,4,0,1,1,3,2,2,2,57.41,MDA,MD,498,MDL,1,NA,NA,47,29,NA,NA,MD
MDG,Madagascar,2020-11-30,93734,17341,660.298416349965,82725.53716405162,16657,634.2535448440902,73050.0197088092,251,9.557401678325428,1074.712683943809,433,634.2535448440902,0,0,0,0,0,0,73050.0197088092,0,0,0,0,0,0,0,0,0,26262368,1,0,0,2,0,0,2,3,2,1,1,37.04,MDG,MG,450,MGF,1,NA,NA,-18.7669,46.8691,NA,NA,MG
MDV,Maldives,2020-11-30,240726,13011,25229.98045360057,2631062.680338804,11939,23151.23638732897,2124192.3536346997,46,89.19983866463963,9301.99187117992,1026,23151.23638732897,17,32.96515776736682,0,0,37,71.74769631721014,2124192.3536346997,0,0,0,0,0,0,0,0,0,515696,0,0,0,0,0,0,0,0,0,0,0,0,MDV,MV,462,MVR,1,NA,NA,3.2028,73.2207,NA,NA,MV
MEX,Mexico,2020-11-30,2578739,1113543,8824.281214568531,862712.7718704792,823586,6526.514439389982,696058.6061163197,105940,839.5224538894233,90099.38982233791,184017,6526.514439389982,6472,51.28742044149847,285,2.2584849854491758,5189,41.12027575261674,696058.6061163197,0,0,0,0,0,0,0,0,0,126190788,3,3,2,3,1,2,2,1,2,1,1,71.76,MEX,MX,484,MXV,1,NA,NA,23.6345,-102.5528,NA,Mexico,MX
MKD,North Macedonia,2020-11-30,335098,61878,29706.79197564233,1667460.4096674058,38946,18697.448532327584,1101673.1974432513,1763,846.3924860702904,60337.510405874724,21169,18697.448532327584,335,160.82897494812667,32,15.362767756238965,546,262.12722484082735,1101673.1974432513,0,0,0,0,0,0,0,0,0,2082958,0,0,0,0,0,0,0,0,0,0,0,0,MKD,MK,807,MKD,1,NA,NA,41.833,22,NA,NA,MK
MLI,Mali,2020-11-30,0,4710,246.88523610562916,29054.146492578504,3206,168.04969574408642,21037.60989931171,156,8.177090622606826,1296.0688636831817,1348,168.04969574408642,22,1.1531794467778855,4,0.20966899032325192,28,1.4676829322627634,21037.60989931171,0,0,0,0,0,0,0,0,0,19077690,1,1,1,3,0,0,0,2,2,1,2,37.96,MLI,ML,466,XOF,1,NA,NA,17.570692,-3.996166,NA,NA,ML
MLT,Malta,2020-11-30,430695,9873,20372.242741885562,1159918.9072075605,7665,15816.189670470258,854832.5526690464,137,282.6898871303881,12290.819800672678,2071,15816.189670470258,121,249.6750098012917,4,8.253719332274105,108,222.85042197140086,854832.5526690464,0,0,0,0,0,0,0,0,0,484630,1,2,2,0,0,0,0,0,1,0,0,5.56,MLT,MT,470,MTL,1,NA,NA,35.9375,14.3754,NA,NA,MT
MMR,Myanmar,2020-11-30,1147841,90713,1688.9910785827801,61660.07194964586,70156,1306.238996715504,39221.819978049985,1941,36.13960163955746,1394.9867613805998,18616,1306.238996715504,1227,22.845590526397224,23,0.42823845322504983,1246,23.199352726887483,39221.819978049985,0,0,0,0,0,0,0,0,0,53708395,3,3,2,3,1,3,2,4,2,3,2,79.63,MMR,MM,104,MMK,1,NA,NA,21.9162,95.956,NA,NA,MM
MNE,Montenegro,2020-11-30,0,35265,56675.457670592885,2732715.7130757747,24131,38781.66649791796,1834201.1838123386,499,801.9581278215185,42562.44103839917,10635,38781.66649791796,384,617.1381184037336,12,19.285566200116676,647,1039.8134442896244,1834201.1838123386,0,0,0,0,0,0,0,0,0,622227,0,0,0,0,0,0,0,0,0,0,0,0,MNE,ME,499,ME,1,NA,NA,42.5,19.3,NA,NA,ME
MNG,Mongolia,2020-11-30,0,801,252.6648093752839,19488.78433213215,358,112.92634426510816,15016.68029353279,0,0,0,443,112.92634426510816,10,3.1543671582432444,0,0,4,1.2617468632972977,15016.68029353279,0,0,0,0,0,0,0,0,0,3170208,3,3,2,4,1,2,2,4,2,2,2,85.19,MNG,MN,496,MNT,1,NA,NA,46.8625,103.8467,NA,NA,MN
MNP,Northern Mariana Islands,2020-11-30,0,106,1863.5069090397665,209503.8852361028,0,0,0,2,35.16050771773145,8456.102106114413,104,0,1,17.580253858865724,0,0,0,0,0,0,0,0,0,0,0,0,0,0,56882,0,0,0,0,0,0,0,0,0,0,0,0,MNP,MP,580,USD,1,NA,NA,15.2,145.75,NA,NA,MP
MOZ,Mozambique,2020-11-30,231131,15701,532.3101514709031,36990.94472660359,13729,465.45354242048455,26375.728989615596,131,4.441285895337131,265.03627852517576,1841,465.45354242048455,88,2.9834592274020424,1,0.033902945765932294,52,1.7629531798284794,26375.728989615596,0,0,0,0,0,0,0,0,0,29495962,2,2,2,3,1,0,0,2,2,1,2,56.48,MOZ,MZ,508,MZM,1,NA,NA,-18.665695,35.529562,NA,NA,MZ
MRT,Mauritania,2020-11-30,104129,8601,1953.2993180825645,259685.5917093447,7732,1755.9481836314835,216007.7432500348,177,40.19695143595092,6136.621035178237,692,1755.9481836314835,54,12.263476709273164,2,0.4542028410841913,15,3.4065213081314347,216007.7432500348,0,0,0,0,0,0,0,0,0,4403319,1,0,0,0,0,0,0,1,2,1,2,17.59,MRT,MR,478,MRO,1,NA,NA,21.0079,10.9408,NA,NA,MR
MUS,Mauritius,2020-11-30,0,504,398.3235636049231,70590.99678100819,456,360.38798611873995,62045.21762771447,10,7.90324530962149,1909.424066804552,38,360.38798611873995,3,2.370973592886447,0,0,13,10.274218902507936,62045.21762771447,0,0,0,0,0,0,0,0,0,1265303,0,0,0,0,0,0,0,2,2,2,2,16.67,MUS,MU,480,MUR,1,NA,NA,-20.2,57.5,NA,NA,MU
MWI,Malawi,2020-11-30,70613,6028,332.24358393160236,43444.9272362851,5455,300.6617037735386,29805.77143702791,185,10.19659307023,1282.648733155986,388,300.6617037735386,3,0.1653501578956216,0,0,2,0.11023343859708107,29805.77143702791,0,0,0,0,0,0,0,0,0,18143315,2,2,2,3,0,0,0,2,2,2,2,50.93,MWI,MW,454,MWK,1,NA,NA,-13.254308,34.301525,NA,NA,MW
MYS,Malaysia,2020-11-30,2667756,65697,2083.728147013258,112234.51670920214,54759,1736.8048708814556,88032.19364268964,360,11.418209856230465,1144.8341243351074,10578,1736.8048708814556,1212,38.441306515975896,3,0.09515174880192054,2112,66.98683115655206,88032.19364268964,0,0,0,0,0,0,0,0,0,31528585,3,3,2,4,1,2,2,4,2,3,2,80.09,MYS,MY,458,MYR,1,NA,NA,2.5,112.5,NA,Malaysia,MY
NAM,Namibia,2020-11-30,156723,14380,5873.571176205093,508733.77160467353,13535,5528.427390120719,381870.5567843219,151,61.676581892000634,5098.120906523218,694,5528.427390120719,35,14.295896465033259,0,0,96,39.21160173266266,381870.5567843219,0,0,0,0,0,0,0,0,0,2448255,1,1,1,2,0,0,1,1,2,2,2,37.96,NAM,"NA",516,"NA",1,NA,NA,-22.9576,18.4904,NA,NA,"NA"
NER,Niger,2020-11-30,0,1548,68.97489581137025,11355.148173938647,1210,53.91448574402971,9730.807200551371,72,3.2081346889009414,651.6523586830036,266,53.91448574402971,32,1.4258376395115293,2,0.08911485246947058,3,0.1336722787042059,9730.807200551371,0,0,0,0,0,0,0,0,0,22442948,1,1,0,0,0,0,0,2,2,3,0,24.07,NER,NE,562,XOF,1,NA,NA,17.6078,8.0817,NA,NA,NE
NGA,Nigeria,2020-11-30,756237,67557,344.89899003822546,45123.6208405433,63282,323.07381748151903,33912.63722928234,1173,5.988521031348912,890.7452793555718,3102,323.07381748151903,145,0.7402690106953045,0,0,227,1.1589038995023044,33912.63722928234,0,0,0,0,0,0,0,0,0,195874740,1,1,1,3,0,2,1,2,2,1,2,50.93,NGA,NG,566,NGN,1,NA,NA,9.082,8.6753,NA,NA,NG
NIC,Nicaragua,2020-11-30,0,5784,894.592586852737,117712.08255245948,4225,653.4670953410812,80782.3756599051,160,24.746682900490647,3577.4423468021796,1399,653.4670953410812,0,0,0,0,0,0,80782.3756599051,0,0,0,0,0,0,0,0,0,6465513,0,0,0,0,0,0,0,1,1,1,0,8.33,NIC,NI,558,NIO,1,NA,NA,12.8654,-85.2072,NA,NA,NI
NLD,Netherlands,2020-11-30,4234141,523099,30356.918187165644,1737692.4252757605,0,0,0,9370,543.7676680967504,85937.16993824842,513729,0,4592,266.4867803522175,29,1.6829522278341262,0,0,0,54,3.1337731138980285,1020.7975754345615,0,0,0,0,0,0,17231624,1,2,2,4,0,1,0,3,2,2,2,56.48,NLD,NL,528,EUR,1,NA,NA,52.1326,5.2913,NA,Netherlands,NL
NOR,Norway,2020-11-30,2293095,36150,6805.454001908162,582175.8100090438,17998,3388.2312898020223,370038.23102624365,332,62.50098834394218,11326.609833438632,17820,3388.2312898020223,322,60.618428454064414,4,0.7530239559511106,0,0,370038.23102624365,0,0,0,0,0,0,0,0,0,5311916,1,1,2,3,0,1,1,2,2,2,2,52.78,NOR,NO,578,NOK,1,NA,NA,60.472,8.4689,NA,Norway,NO
NPL,Nepal,2020-11-30,1737747,233452,8311.487901664032,476501.79680759716,214521,7637.495914161667,360423.9887031666,1508,53.68865443735483,2666.702648983257,17423,7637.495914161667,1474,52.47816753359484,29,1.032474123795285,1931,68.74853562236882,360423.9887031666,0,0,0,0,0,0,0,0,0,28087871,2,1,2,3,1,1,1,3,2,1,1,60.19,NPL,NP,524,NPR,1,NA,NA,28.1667,84.25,NA,NA,NP
NZL,New Zealand,2020-11-30,1275525,2059,425.325346002892,83660.91716587482,1962,405.2881636025615,75868.62218549887,25,5.16422226812642,1072.8155339805826,72,405.2881636025615,3,0.6197066721751705,0,0,3,0.6197066721751705,75868.62218549887,0,0,0,0,0,0,0,0,0,4841000,0,0,0,0,0,0,0,4,2,2,2,22.22,NZL,NZ,554,NZD,1,NA,NA,-40.9006,174.886,NA,New Zealand,NZ
OMN,Oman,2020-11-30,0,123699,25613.300636941884,3119547.2683100863,115216,23856.79792226207,2643527.6819485645,1423,294.64851620763545,26520.126481447394,7060,23856.79792226207,215,44.518222758005365,5,1.0353075060001247,253,52.3865598036063,2643527.6819485645,0,0,0,0,0,0,0,0,0,4829483,1,0,2,4,0,0,0,2,1,3,1,37.04,OMN,OM,512,OMR,1,NA,NA,21,57,NA,NA,OM
PAK,Pakistan,2020-11-30,5508810,400482,1887.1519137923456,248291.6313703134,343286,1617.632832132578,207372.04146190776,8091,38.12642299652386,5152.234033564918,49105,1617.632832132578,2458,11.582591487511511,66,0.3110053043839543,1863,8.778831546474347,207372.04146190776,0,0,0,0,0,0,0,0,0,212215030,3,3,2,4,0,3,0,2,2,2,2,64.35,PAK,PK,586,PKR,1,NA,NA,30.3753,69.3451,NA,NA,PK
PAN,Panama,2020-11-30,903735,165806,39696.20335595552,3927957.1104986914,144462,34586.16050811217,2923555.7317639296,3079,737.1543257360231,81764.63588909694,18265,34586.16050811217,1077,257.84839519899214,19,4.548857482619175,846,202.54386475241168,2923555.7317639296,0,0,0,0,0,0,0,0,0,4176873,3,2,2,4,0,1,0,1,2,2,2,58.33,PAN,PA,591,USD,1,NA,NA,8.538,-80.7821,NA,NA,PA
PER,Peru,2020-11-30,5069698,963605,30122.769970017434,3564847.850790903,894741,27970.047193345163,2812716.541453793,35966,1124.3149887574755,140787.55067013748,32898,27970.047193345163,1075,33.60503288979275,43,1.3442013155917099,1680,52.51763279521099,2812716.541453793,4056,126.79257060558082,62636.936601463945,965,30.166378361534885,8207.333737302299,965,30.166378361534885,8207.333737302299,31989256,1,1,2,3,1,2,2,2,2,3,2,67.59,PER,PE,604,PEN,1,NA,NA,-9.19,-75.0152,NA,NA,PE
PHL,Philippines,2020-11-30,5475550,431630,4047.0906844041683,367988.70816411544,398658,3737.935449489602,284615.65840323066,8392,78.68587684711392,7222.635893987921,24580,3737.935449489602,1766,16.55853890753136,19,0.17814962584546767,34,0.3187940673024158,284615.65840323066,0,0,0,0,0,0,0,0,0,106651922,3,2,2,4,2,2,1,2,2,2,2,68.98,PHL,PH,608,PHP,1,NA,NA,13,122,NA,Philippines,PH
PNG,Papua New Guinea,2020-11-30,0,656,76.22309011195964,7150.79483486314,597,69.36765975128034,5533.31994781507,7,0.8133561444873741,83.71758601473616,52,69.36765975128034,11,1.278131084194445,0,0,9,1.0457436143409096,5533.31994781507,0,0,0,0,0,0,0,0,0,8606316,0,2,1,3,0,0,0,2,2,1,2,37.96,PNG,PG,598,PGK,1,NA,NA,-6.315,143.9555,NA,NA,PG
POL,Poland,2020-11-30,6017175,990811,26091.310673539654,880014.5228079184,577514,15207.842052943075,449090.77742447285,17150,451.6158763388831,17958.74890552275,396147,15207.842052943075,5736,151.0477356664626,121,3.186327757259758,18085,476.2374999177085,449090.77742447285,0,0,0,0,0,0,0,0,0,37974750,2,2,2,4,1,1,1,3,2,2,2,71.3,POL,PL,616,PLN,1,NA,NA,51.9194,19.1451,NA,Poland,PL
PRI,Puerto Rico,2020-11-30,0,86160,26965.844828088044,2079016.5603963253,0,0,0,1106,346.1493080300067,29192.34227594109,85054,0,843,263.83713080406477,12,3.755688694719783,0,0,0,0,0,0,0,0,0,0,0,0,3195153,3,2,2,2,1,2,1,2,2,3,2,64.81,PRI,PR,630,USD,1,NA,NA,18.25,-66.5,NA,Puerto Rico,PR
PRT,Portugal,2020-11-30,4620415,298061,28983.48493390881,1682473.2575106805,212942,20706.503865975123,1018439.3506616509,4505,438.0667032159833,42221.413400582,80614,20706.503865975123,3262,317.19724437081857,78,7.584728712729567,3408,331.39430067926105,1018439.3506616509,3342,324.97645330695144,22464.605085541152,0,0,0,525,51.05105864337208,3458.3931927254284,10283822,3,2,2,4,1,2,2,3,2,3,1,78.7,PRT,PT,620,EUR,1,NA,NA,39.3999,-8.2245,NA,Portugal,PT
PRY,Paraguay,2020-11-30,449057,82424,11849.21775525293,743122.8059633089,58453,8403.163222457046,481557.5487944272,1756,252.44135662215066,15319.567612233976,22215,8403.163222457046,518,74.46732501724034,13,1.8688710911662634,506,72.74221324077918,481557.5487944272,0,0,0,0,0,0,0,0,0,6956071,3,3,2,3,0,2,0,2,2,2,2,63.89,PRY,PY,600,PYG,1,NA,NA,-23.4425,-58.4438,NA,NA,PY
PSE,Palestine,2020-11-30,0,85647,18744.882730401063,1127163.8075615545,64987,14223.191635440517,855613.2767881198,732,160.2070610605576,9148.217138347332,19928,14223.191635440517,2062,451.2936610749587,15,3.2829315791097873,1153,252.3480073809056,855613.2767881198,0,0,0,0,0,0,0,0,0,4569087,3,3,0,3,1,3,2,2,2,1,1,62.5,PSE,PS,275,ILS,1,NA,NA,NA,NA,NA,NA,PS
QAT,Qatar,2020-11-30,1112430,138833,49909.820586646114,7931555.496917866,136090,48923.72478903913,7180603.283558803,237,85.20040249101531,12116.971165235935,2506,48923.72478903913,185,66.50664329467439,0,0,228,81.9649441685717,7180603.283558803,0,0,0,0,0,0,0,0,0,2781677,2,1,2,3,1,1,1,3,2,3,2,64.81,QAT,QA,634,QAR,1,NA,NA,25.3548,51.1839,NA,NA,QA
RKS,Kosovo,2020-11-30,0,39596,20486.616645298414,1263216.4960828323,25001,12935.29403851666,889193.7184585471,1016,525.6693229523989,41830.03289572397,13579,12935.29403851666,539,278.87378451903845,11,5.691301724878336,574,296.98247182546953,889193.7184585471,0,0,0,0,0,0,0,0,0,1932774,1,2,2,4,1,2,2,2,2,3,1,74.07,RKS,XK,NA,XK,1,NA,NA,42.602636,20.902977,NA,NA,XK
ROU,Romania,2020-11-30,4107567,475362,24419.935226003916,1235844.7448120827,353188,18143.705392105116,817713.9336011315,11331,582.0875165575927,41927.433500572406,110843,18143.705392105116,3826,196.54636292907506,138,7.089231072716247,4336,222.74569515433078,817713.9336011315,0,0,0,0,0,0,0,0,0,19466145,3,2,2,4,0,2,2,3,2,2,2,76.85,ROU,RO,642,ROL,1,NA,NA,45.9432,24.9668,NA,Romania,RO
RUS,Russia,2020-11-30,76755901,2275936,15752.815046991567,1445642.6010733119,1763493,12205.95792924946,1056737.528641894,39491,273.3356381817169,23827.131526207613,472952,12205.95792924946,26046,180.27651951282564,364,2.519413848678052,17214,119.14612634929665,1056737.528641894,0,0,0,0,0,0,0,0,0,144478050,2,2,2,3,0,1,0,3,2,3,2,47.69,RUS,RU,643,RUB,1,NA,NA,60,100,NA,Russia,RU
RWA,Rwanda,2020-11-30,624115,5934,482.3629835914485,50092.18465479304,5516,448.38460018375963,36705.920912142385,49,3.983111930566393,279.67135912476886,369,448.38460018375963,15,1.2193199787448141,1,0.0812879985829876,36,2.926367948987554,36705.920912142385,0,0,0,0,0,0,0,0,0,12301939,2,0,2,3,0,1,2,1,2,3,2,52.78,RWA,RW,646,RWF,1,NA,NA,-1.9403,29.8739,NA,NA,RW
SAU,Saudi Arabia,2020-11-30,9905480,357360,10604.17097985347,1587005.7599793852,346802,10290.876718589498,1394911.986063361,5896,174.95576476722647,20130.892193984757,4662,10290.876718589498,232,6.884283823947853,12,0.3560836460662683,393,11.661739408670288,1394911.986063361,0,0,0,0,0,0,0,0,0,33699947,3,0,2,3,0,0,0,3,2,3,2,50,SAU,SA,682,SAR,1,NA,NA,24,45,NA,Saudi Arabia,SA
SDN,Sudan,2020-11-30,0,17810,426.06092939223066,54826.31462343737,10302,246.45029166753284,27281.24827383723,1249,29.87928696299248,3493.926885408724,6259,246.45029166753284,406,9.712562455544393,14,0.33491594674291014,127,3.038166088310685,27281.24827383723,0,0,0,0,0,0,0,0,0,41801533,2,2,0,0,0,0,1,1,1,1,1,28.7,SDN,SD,736,SDD,1,NA,NA,12.8628,30.2176,NA,NA,SD
SEN,Senegal,2020-11-30,239062,16089,1014.7997144003291,142231.69525606837,15607,984.3979826369529,111124.10087824422,333,21.003686052290977,2786.3313309398804,149,984.3979826369529,14,0.8830378520482693,0,0,10,0.630741322891621,111124.10087824422,0,0,0,0,0,0,0,0,0,15854360,2,0,1,2,0,0,0,3,2,2,2,37.96,SEN,SN,686,XOF,1,NA,NA,14.4974,-14.4524,NA,NA,SN
SGP,Singapore,2020-11-30,4658858,58218,10324.764182230012,1890466.3080482015,58134,10309.867068084777,1660722.3043139915,29,5.143051312045594,1043.0640100619366,55,10309.867068084777,5,0.8867329848354472,0,0,10,1.7734659696708943,1660722.3043139915,0,0,0,0,0,0,0,0,0,5638676,1,1,2,2,0,1,0,3,2,2,2,47.22,SGP,SG,702,SGD,1,NA,NA,1.2833,103.8333,NA,Singapore,SG
SLE,Sierra Leone,2020-11-30,0,2412,315.2877706775576,48292.622606028584,1836,239.995168724708,34952.62971176789,74,9.673007889775814,1722.448985994269,502,239.995168724708,1,0.1307163228348083,0,0,0,0,34952.62971176789,0,0,0,0,0,0,0,0,0,7650154,1,0,1,3,1,1,0,1,2,2,2,40.74,SLE,SL,694,SLL,1,NA,NA,8.460555,-11.779889,NA,NA,SL
SLV,El Salvador,2020-11-30,552608,38405,5981.394056514323,633364.6848402615,35078,5463.229806390038,464440.10226852214,1114,173.50014266259487,17850.57930981207,2213,5463.229806390038,0,0,3,0.46723557269998617,0,0,464440.10226852214,0,0,0,0,0,0,0,0,0,6420744,3,1,1,1,0,2,1,1,2,3,1,47.22,SLV,SV,222,USD,1,NA,NA,13.7942,-88.8965,NA,NA,SV
SMR,San Marino,2020-11-30,0,1612,47713.48231463667,5409382.862216961,1299,38449.01583542992,3982077.845197573,46,1361.55098416457,307236.9394701791,267,38449.01583542992,26,769.5722953973657,1,29.59893443836022,14,414.38508213704307,3982077.845197573,0,0,0,0,0,0,0,0,0,33785,2,1,1,4,0,0,0,2,2,3,2,44.44,SMR,SM,674,EUR,1,NA,NA,43.9424,12.4578,NA,NA,SM
SOM,Somalia,2020-11-30,0,4451,296.57211673067854,44594.39182193893,3417,227.67623519854607,27249.154026537843,113,7.529240438231111,1302.25875880538,921,227.67623519854607,0,0,0,0,0,0,27249.154026537843,0,0,0,0,0,0,0,0,0,15008154,1,0,1,4,0,1,0,1,2,2,1,37.96,SOM,SO,706,SOS,1,NA,NA,5.1521,46.1996,NA,NA,SO
SRB,Serbia,2020-11-30,1777582,175438,25125.01066937206,1047895.0259817111,15564,2228.967875021983,402980.60723477945,1604,229.713728574612,18558.262791359786,158270,2228.967875021983,6224,891.3580091324096,55,7.876717625688066,0,0,402980.60723477945,0,0,0,0,0,0,0,0,0,6982604,2,2,2,4,0,1,1,1,2,2,2,60.19,SRB,RS,688,RS,1,NA,NA,44.0165,21.0059,NA,Serbia,RS
SSD,South Sudan,2020-11-30,59081,3109,283.25643772913793,41818.04349885932,2954,269.13461468378046,17457.944299885567,61,5.5576206823664895,777.9302327276438,94,269.13461468378046,0,0,0,0,0,0,17457.944299885567,0,0,0,0,0,0,0,0,0,10975920,2,0,2,3,0,2,0,2,2,1,2,50.93,SSD,SS,728,SS,1,NA,NA,6.877,31.307,NA,NA,SS
STP,Sao Tome and Principe,2020-11-30,0,991,4696.059290710238,769265.2159902952,933,4421.214246450708,593487.5940633471,17,80.55803021400004,13621.415167655477,41,4421.214246450708,2,9.477415319294122,0,0,3,14.216122978941183,593487.5940633471,0,0,0,0,0,0,0,0,0,211028,0,0,0,0,0,0,0,0,0,0,0,0,STP,ST,678,STD,1,NA,NA,0.18636,6.613081,NA,NA,ST
SUR,Suriname,2020-11-30,0,5312,9222.366321696,1009114.7257509232,5194,9017.50200958001,888888.8888888889,117,203.12817387771685,20430.006718854984,1,9017.50200958001,0,0,0,0,2,3.472276476542168,888888.8888888889,0,0,0,0,0,0,0,0,0,575991,1,2,2,3,0,2,0,4,2,2,1,60.19,SUR,SR,740,SRD,1,NA,NA,3.9193,-56.0278,NA,NA,SR
SVK,Slovakia,2020-11-30,1082625,105929,19448.03627690608,710770.1976088218,66041,12124.798343826094,280010.7623397422,839,154.03621705410416,4282.62910263714,39049,12124.798343826094,196,35.984622815976664,23,4.222685330446241,1844,338.5492064931682,280010.7623397422,0,0,0,0,0,0,0,0,0,5446771,2,2,2,0,0,2,2,2,2,3,2,58.33,SVK,SK,703,SKK,1,NA,NA,48.669,19.699,NA,Slovakia,SK
SVN,Slovenia,2020-11-30,523620,76929,37093.98841020804,1230611.834548921,54138,26104.51643140874,704787.7085328372,1490,718.4552344526769,25163.291855803625,21301,26104.51643140874,1292,622.9826596730594,55,26.520159661004854,451,217.4653092202398,704787.7085328372,1299,626.3579527208237,25637.038344293393,0,0,0,210,101.25879143292762,4401.864319005696,2073894,3,2,2,4,0,0,2,2,2,2,2,68.52,SVN,SI,705,SIT,1,NA,NA,46.1512,14.9955,NA,Slovenia,SI
SWE,Sweden,2020-11-30,0,261055,25655.971461632158,1910990.5206907687,0,0,0,7207,708.2897715959585,120795.5429733468,253848,0,3487,342.69549515125675,61,5.9949599094426915,0,0,0,0,0,0,0,0,0,23,2.2603947199538013,329.6736560036968,10175214,1,2,2,4,1,1,1,3,2,2,1,64.81,SWE,SE,752,SEK,1,NA,NA,63,16,NA,Sweden,SE
SWZ,Swaziland,2020-11-30,0,6419,5649.578283932895,617017.2972678009,6006,5286.083061738739,504066.657806654,122,107.37631260941161,11607.203366335414,291,5286.083061738739,9,7.921203389218889,1,0.8801337099132099,10,8.8013370991321,504066.657806654,0,0,0,0,0,0,0,0,0,1136191,2,1,1,0,0,0,1,2,2,2,1,38.89,SWZ,SZ,748,SZL,1,NA,NA,-26.5,31.5,NA,NA,SZ
SYC,Seychelles,2020-11-30,0,183,1891.2382960252992,227387.81753167565,162,1674.210950579773,188855.12907959736,0,0,0,21,1674.210950579773,10,103.34635497406008,0,0,0,0,188855.12907959736,0,0,0,0,0,0,0,0,0,96762,1,0,1,1,0,0,0,3,2,2,2,31.48,SYC,SC,690,SCR,1,NA,NA,-4.6796,55.492,NA,NA,SC
SYR,Syria,2020-11-30,0,7887,466.51295261057675,31820.388905118885,3560,210.57260191373823,10342.3679823649,417,24.66538623540136,1532.5958994061557,3910,210.57260191373823,90,5.323464655122596,4,0.23659842911655982,60,3.548976436748397,10342.3679823649,0,0,0,0,0,0,0,0,0,16906283,2,2,1,2,1,1,2,3,1,1,0,54.17,SYR,SY,760,SYP,1,NA,NA,35,38,NA,NA,SY
TCD,Chad,2020-11-30,0,1688,109.0597723144661,14206.715174575427,1525,98.52852652817583,11954.482275881037,101,6.525495855308694,1060.3284676178082,62,98.52852652817583,6,0.38765321912724915,0,0,10,0.6460886985454153,11954.482275881037,0,0,0,0,0,0,0,0,0,15477751,1,1,2,4,1,2,2,2,2,1,2,70.37,TCD,TD,148,XAF,1,NA,NA,15.4542,18.7322,NA,NA,TD
TGO,Togo,2020-11-30,150138,2974,376.9761141139908,35159.93091221882,2478,314.1045093390952,25143.318104715192,64,8.112465132244589,846.4850336426464,432,314.1045093390952,12,1.5210872122958607,0,0,14,1.774601747678504,25143.318104715192,0,0,0,0,0,0,0,0,0,7889094,1,2,1,2,1,0,2,2,2,2,1,52.78,TGO,TG,768,XOF,1,NA,NA,8.6195,0.8248,NA,NA,TG
THA,Thailand,2020-11-30,1300763,3998,57.58440147741006,11764.501863816087,3803,54.775757583439336,10658.20584058506,60,0.8641981212217618,196.8067188062359,135,54.775757583439336,21,0.30246934242761664,0,0,3,0.04320990606108809,10658.20584058506,135,1.9444457727489644,909.5037077268126,0,0,0,0,0,0,69428524,1,1,1,2,1,1,1,2,2,2,2,50,THA,TH,764,THB,1,NA,NA,15,101,NA,Thailand,TH
TJK,Tajikistan,2020-11-30,0,12194,1339.8767607858485,176085.01284002778,11599,1274.498158795724,148701.21286646492,86,9.449680287648269,1459.4262044249338,509,1274.498158795724,39,4.285320130445145,0,0,40,4.395200133789892,148701.21286646492,0,0,0,0,0,0,0,0,0,9100837,0,0,2,2,0,0,0,2,2,1,1,33.33,TJK,TJ,762,TJS,1,NA,NA,39,71,NA,NA,TJ
TTO,Trinidad and Tobago,2020-11-30,36792,6669,4798.3319159223465,343909.5936419404,5771,4152.222745057408,234746.64318225314,120,86.33975557215197,6626.576240162664,778,4152.222745057408,9,6.475481667911398,0,0,26,18.706947040632926,234746.64318225314,0,0,0,0,0,0,0,0,0,1389858,3,2,2,3,1,0,0,4,2,1,2,65.74,TTO,TT,780,TTD,1,NA,NA,10.6918,-61.2225,NA,NA,TT
TUN,Tunisia,2020-11-30,225033,96769,8367.254049301682,345656.202865077,70851,6126.221379233777,158998.01680973376,3260,281.88002563551845,8637.547595355862,22658,6126.221379233777,518,44.789525545766416,41,3.545116886827072,1227,106.09410780821506,158998.01680973376,0,0,0,0,0,0,0,0,0,11565204,2,1,2,4,0,2,2,2,2,1,2,68.52,TUN,TN,788,TND,1,NA,NA,34,9,NA,NA,TN
TUR,Turkey,2020-11-30,18592292,638847,7760.558089334701,716934.8077503273,404727,4916.525230332405,596720.2769047185,13746,166.9830671443942,18494.6927178716,220374,4916.525230332405,31219,379.24082447118025,188,2.2837783081002554,4485,54.48268995654067,596720.2769047185,0,0,0,403,4.895546054065973,1425.4846141126518,1280,15.549128906214506,3628.5957421334406,82319724,3,2,2,4,1,1,1,1,2,2,2,66.2,TUR,TR,792,TRL,1,NA,NA,38.9637,35.2433,NA,Turkey,TR
TWN,Taiwan,2020-11-30,110681,675,28.59800019904208,5158.337806272401,565,23.93758535179078,4379.879057150625,7,0.296571853915992,72.80839013637603,103,23.93758535179078,24,1.0168177848548297,0,0,0,0,4379.879057150625,0,0,0,0,0,0,0,0,0,23603049,1,0,0,0,0,0,0,3,2,3,2,23.15,TWN,TW,158,TWD,1,NA,NA,23.5,121,NA,Taiwan,TW
TZA,Tanzania,2020-11-30,0,509,9.037907148838954,2010.1175552947682,183,3.2493850849460286,704.8413422922135,21,0.37288025564954425,82.04253434422472,305,3.2493850849460286,0,0,0,0,0,0,704.8413422922135,0,0,0,0,0,0,0,0,0,56318348,0,0,0,0,0,0,0,1,2,1,0,13.89,TZA,TZ,834,TZS,1,NA,NA,-6,35,NA,NA,TZ
UGA,Uganda,2020-11-30,630441,20459,478.87398910459274,25231.093155397593,8989,210.40120670908567,13976.81710606517,205,4.798336564174276,224.7845131416959,11265,210.40120670908567,314,7.349647225125476,4,0.09362607930096148,0,0,13976.81710606517,0,0,0,0,0,0,0,0,0,42723139,2,2,1,2,0,2,2,1,2,1,1,53.7,UGA,UG,800,UGX,1,NA,NA,1,32,NA,NA,UG
UKR,Ukraine,2020-11-30,4528772,752343,16860.165392735813,837101.4422405048,360360,8075.7436447554865,379943.2555528693,12731,285.3043965517319,16369.325745773725,379252,8075.7436447554865,10238,229.435740467884,118,2.644404900880085,5804,130.06886478566113,379943.2555528693,0,0,0,0,0,0,0,0,0,44622516,3,2,1,3,2,1,2,2,2,3,2,61.57,UKR,UA,804,UAH,1,NA,NA,48.3794,31.1656,NA,Ukraine,UA
URY,Uruguay,2020-11-30,433899,5857,1698.026178652532,116008.06424725719,4357,1263.155209217873,94226.53704419362,77,22.323376430979163,2537.1821926716125,1423,1263.155209217873,141,40.87787112685795,1,0.28991397962310606,90,26.092258166079542,94226.53704419362,0,0,0,0,0,0,0,0,0,3449299,1,1,2,2,0,0,0,3,2,3,1,43.52,URY,UY,858,UYU,1,NA,NA,-32.5228,-55.7658,NA,Uruguay,UY
USA,United States,2020-11-30,197613629,13592553,41607.202474514015,3638478.3833526582,5146319,15753.0330491585,1284771.1198476492,268177,820.897644320956,113456.17260086116,8178057,15753.0330491585,156697,479.65410222413135,1193,3.651807909234948,81289,248.82800765616068,1284771.1198476492,0,0,0,0,0,0,0,0,0,326687501,3,3,2,4,1,2,2,3,2,3,1,75.46,USA,US,840,USN,1,NA,NA,38,-97,NA,United States,US
UZB,Uzbekistan,2020-11-30,0,73094,2217.9673133993215,221888.21862274467,70337,2134.308793096124,199246.7547048435,610,18.50986484764257,1709.5832549445615,2147,2134.308793096124,224,6.7970651243802225,2,0.06068808146768056,186,5.643991576494292,199246.7547048435,0,0,0,0,0,0,0,0,0,32955400,1,1,1,3,0,1,0,2,2,1,2,39.81,UZB,UZ,860,UZS,1,NA,NA,41.3775,64.5853,NA,NA,UZ
VCT,Saint Vincent and the Grenadines,2020-11-30,0,85,771.254877052899,100748.57091008076,79,716.8133563197532,89633.42709373015,0,0,0,6,716.8133563197532,0,0,0,0,0,0,89633.42709373015,0,0,0,0,0,0,0,0,0,110210,0,0,0,0,0,0,0,0,0,0,0,0,VCT,VC,670,XCD,1,NA,NA,12.9843,-61.2872,NA,NA,VC
VEN,Venezuela,2020-11-30,0,102394,3546.7027500160634,307856.9091757087,97326,3371.158386702965,262771.34601965797,897,31.07010534566878,2634.741469532852,4171,3371.158386702965,354,12.261780704979651,3,0.10391339580491231,674,23.34587625750363,262771.34601965797,0,0,0,0,0,0,0,0,0,28870195,3,2,2,4,1,2,2,4,2,3,0,84.26,VEN,VE,862,VEB,1,NA,NA,8,-66,NA,NA,VE
VIR,"Virgin Islands, U.S.",2020-11-30,0,1544,14433.00896454378,1479869.5046598802,0,0,0,23,214.99948587079467,25935.481458631297,1521,0,0,0,0,0,0,0,0,0,0,0,0,0,0,0,0,0,106977,3,0,0,0,0,0,0,0,0,0,0,0,VIR,VI,850,USD,1,NA,NA,18.333333,-64.833333,NA,NA,VI
VNM,Vietnam,2020-11-30,1260799,1347,14.098748492718709,1832.9681387647602,1179,12.340329972468714,1487.2400307744174,35,0.3663371917187489,39.831319516734254,133,12.340329972468714,4,0.04186710762499987,0,0,0,0,1487.2400307744174,0,0,0,0,0,0,0,0,0,95540395,1,2,1,3,0,2,0,3,2,3,2,46.76,VNM,VN,704,VND,1,NA,NA,16.1666667,107.8333333,NA,Vietnam,VN
YEM,Yemen,2020-11-30,0,2191,76.88073489140044,11135.056853671891,1510,52.98489716385882,6253.621438770144,619,21.7202989035951,3156.759467550207,62,52.98489716385882,14,0.49125070218147243,2,0.07017867174021035,6,0.21053601522063103,6253.621438770144,0,0,0,0,0,0,0,0,0,28498687,0,0,0,0,0,0,1,2,1,1,1,16.67,YEM,YE,887,YER,1,NA,NA,15.552727,48.516388,NA,NA,YE
ZAF,South Africa,2020-11-30,5383078,790004,13672.709731468995,1636535.8880333276,716444,12399.596522109472,1362619.090862173,21289,368.451700843595,38165.24621777554,52271,12399.596522109472,2302,39.84103599708562,0,0,0,0,1362619.090862173,0,0,0,0,0,0,0,0,0,57779622,0,1,1,3,1,3,0,2,2,3,2,49.07,ZAF,ZA,710,ZAR,1,NA,NA,-30.5595,22.9375,NA,South Africa,ZA
ZMB,Zambia,2020-11-30,404471,17647,1017.0113547730031,106362.63442536467,16998,979.6089425075937,96446.70167778347,357,20.574208287752146,2383.0638649935436,292,979.6089425075937,39,2.2476025860569573,0,0,15,0.8644625330988297,96446.70167778347,0,0,0,0,0,0,0,0,0,17351822,1,2,1,4,0,1,0,1,2,3,2,45.37,ZMB,ZM,894,ZMK,1,NA,NA,-15.4167,28.2833,NA,NA,ZM
ZWE,Zimbabwe,2020-11-30,169009,9950,689.1050347052687,66830.51437431548,8482,587.4360707909638,51882.060123479314,276,19.114873324487856,1851.7879817034648,1192,587.4360707909638,128,8.864868788168282,1,0.0692567874075647,10,0.692567874075647,51882.060123479314,0,0,0,0,0,0,0,0,0,14439018,2,1,2,3,1,2,2,2,2,1,1,69.44,ZWE,ZW,716,ZWD,1,NA,NA,-20,30,NA,NA,ZW
