Country.Region,b,Asym,xmid,P(b),P(Asym),Pxmid,dev,converged,iter
Afghanistan,0.041228062308521,4057.4325897502,18379.2097754174,1.86798079525618E-39,1.18624569776248E-18,5.00872237200821E-263,6010.45725985586,1,15
Albania,0.063690533847196,781.111248495704,18354.1310980846,8.45431050607451E-54,2.88956371227569E-59,4.7906095e-316,3615.40491087407,1,12
Algeria,0.074534412616618,3747.03605092963,18358.2146658245,2.18745973823419E-45,1.71787317948636E-48,3.922797341348e-311,94010.8551728486,1,11
Andorra,0.10614319347836,776.000718066881,18349.0417389177,3.83278183907963E-70,2.09270922993699E-97,0,4008.75308041533,1,12
Angola,0.106935351571682,26.2171072791965,18353.4885310081,1.18573627752839E-18,1.69679310768392E-33,3.54705273484133E-302,75.9372003893519,1,15
Antigua and Barbuda,0.107116698006139,28.2137825633775,18352.796652801,4.68966462962259E-23,2.34245115013803E-40,7.6276805643604e-310,65.9388626530187,1,14
Argentina,0.067570537333535,4249.60993017288,18358.1716520162,3.12325860175342E-52,1.12987703190598E-53,1.3347719606e-313,75472.1296490792,1,12
Armenia,0.077975070872187,1583.60222007586,18352.9131436029,1.58447301918879E-49,3.38752769423909E-61,1e-323,26468.2629987123,1,11
Australia,0.150455035787088,6761.068057328,18345.860629087,4.50092981959676E-70,3.72731266264822E-114,0,489537.187194128,1,18
Australia_Australian Capital Territory,0.222585516731567,103.207142111066,18345.2199550371,1.45292981846837E-64,6.09267964277582E-122,0,166.23361305719,1,14
Australia_New South Wales,0.156917668163257,3030.64800237433,18346.0325389912,2.18738947641849E-60,2.21972046293157E-105,0,169411.049621338,1,18
Australia_Northern Territory,0.175220925393897,29.6679445088261,18347.3707160323,2.86938342091881E-35,7.3494279056157E-80,0,68.8727178381527,1,16
Australia_Queensland,0.151158557977662,1042.39402371034,18344.7795137269,9.95937026362014E-70,2.20136766319791E-115,0,12577.9518760315,1,13
Australia_South Australia,0.188681020473763,442.660028481637,18344.9165726633,9.08883878257333E-57,4.19569561241296E-109,0,4837.95492498806,1,14
Australia_Tasmania,0.041438174641532,481.820345138415,18369.52827676,4.86300558404497E-18,8.1284261731643E-10,2.81432216659379E-240,1870.23515502404,1,12
Australia_Victoria,0.145316257104663,1372.10254801496,18346.1223890123,1.33928709369226E-59,8.76229512048772E-102,0,34961.0915220525,1,16
Australia_Western Australia,0.13831608459492,561.808751182429,18346.3192013865,4.93845952782754E-69,1.60188675612281E-109,0,3345.60907466981,1,15
Austria,0.129202499094812,15254.0982510063,18345.4221864345,4.96112483390693E-78,1.59024737706741E-117,0,1531766.86528568,1,19
Azerbaijan,0.089482041090144,2021.20357501817,18358.9522420309,5.542197394468E-46,1.37745218234976E-51,1.592e-320,27840.1496138677,1,19
Bahamas,0.093420410479671,71.9755179837661,18355.7423124892,1.23480038543659E-39,3.51616075855018E-51,9.3596e-320,84.8724661267115,1,14
Bahrain,0.007952982670775,3561556.8224033,18625.0242262325,0.0084039016879,0.749475254620262,8.57671944756078E-100,228506.817232759,0,50
Bangladesh,0.058923293991851,33878.0158266174,18387.2651379222,8.31846169407129E-21,0.000376370165442,9.03552986070515E-244,32617.7689091026,1,23
Barbados,0.113543644872521,85.085242853672,18349.9025241327,2.75600181368039E-43,3.00458339576525E-70,0,218.751619054291,1,14
Belarus,0.122698813528771,8324.84726212483,18365.2409166386,4.32393050307424E-31,4.92230521336986E-30,9.7174176130718e-310,439858.847848576,1,18
Belgium,0.067461605810899,58638.3737369841,18358.4552534283,5.96179142562912E-69,5.00266409228543E-70,0,5416879.26130268,1,20
Belize,0.091881321738918,31.6761280793036,18362.3230550159,2.04910995276687E-12,1.49236513485854E-12,1.71535656011944E-270,48.7301309938787,1,18
Benin,0.127965016456622,42.5838639104057,18354.0896393793,8.93622591809368E-20,5.1977466599246E-39,1.89738391665e-313,203.277073459105,1,21
Bhutan,0.082080950654736,6.04783570371951,18342.8266365893,1.40301887594059E-15,1.99148612695435E-34,1.63108565768006E-290,10.5084642551705,1,22
Bolivia,0.030284631999095,4786.89518796543,18397.178910087,1.02591218181992E-24,4.92723203969387E-06,1.01417522585094E-226,2628.00905932275,1,16
Bosnia and Herzegovina,0.070101151826073,1933.63279836281,18358.1388545392,1.13622911057968E-67,6.66369558988046E-70,0,6794.53236916325,1,13
Botswana,0.112174167842565,22.5184725657713,18359.4571773504,3.84932206818231E-11,3.8397389420368E-16,3.50592167351268E-282,57.4816406478619,1,12
Brazil,0.036764208838733,239149.710403061,18387.425493498,2.14245111148277E-35,2.56833211538883E-12,2.9026620963247E-250,8014986.85820659,1,32
Brunei,0.161493916065711,138.66153883914,18337.1437816984,3.10323054711103E-55,1.2947296114848E-110,0,666.720955412588,1,16
Bulgaria,0.061090665568893,1221.1782571595,18354.2203545919,2.70473887367593E-43,1.36815266782341E-47,2.54785908681417E-302,15559.2250100437,1,12
Burkina Faso,0.08209362074642,721.405198544639,18352.606013969,8.08801030275689E-55,1.82690580942895E-68,0,4421.34445387604,1,14
Burma (Myanmar),0.013576278611184,567782.786000377,18528.9120146224,0.060594823863721,0.840126505137745,3.32417557331623E-105,727.46580428086,0,50
Burundi,0.17780639490491,5.31690409266891,18354.037413694,8.13450957935376E-13,7.38726299142611E-38,6.8219873e-317,8.39363879152177,1,20
Cabo Verde,3.93107842990072,57.7771195790744,18366.1286749374,0.054721212959204,1.43021777732474E-52,0,922.62596012915,1,49
Cambodia,0.224008653603601,119.481398557757,18340.0565154106,2.91859041565039E-43,1.64747822360012E-104,0,854.682689858968,1,15
Cameroon,0.167654397338403,1043.38658684106,18354.1877895107,1.60059262920708E-29,4.18166210411501E-60,0,73047.1277899191,1,19
Canada,0.062121689685678,65600.7047538731,18363.4723967854,1.79274911632036E-55,1.18720551386588E-48,6.401827677583474e-308,6597395.13632954,1,24
Canada_Alberta,0.034103407678625,10511.3429740982,18381.1857113769,2.11014313308761E-13,9.23335471706675E-05,2.59543976802509E-218,343273.392959003,1,14
Canada_British Columbia,0.104056526487259,1709.05567573945,18346.1197628367,1.83472497723122E-57,7.46938668036308E-88,0,48747.6422749089,1,14
Canada_Grand Princess,0.41334016679928,13.06728610576,18337.2401491723,8.79778174579138E-29,3.15847510823105E-104,0,17.7905618591502,1,21
Canada_Manitoba,0.188473640576295,261.504700964626,18350.728350455,4.53406923724502E-41,6.28208940205813E-84,0,3125.09550741434,1,21
Canada_New Brunswick,0.163739171405279,122.290449347629,18347.9580822537,4.18656812394121E-42,1.47707698278745E-84,0,722.984586719785,1,18
Canada_Newfoundland and Labrador,0.200737249029169,254.341288776164,18348.1377659548,1.60180358449971E-58,8.73961775981379E-109,0,1264.4098528166,1,14
Canada_Northwest Territories,0.287126621429634,5.24549198317147,18352.7841787182,1.67358172614625E-18,6.02263773658281E-65,0,5.88532556385652,1,32
Canada_Nova Scotia,0.050671036490474,1718.68860168298,18369.7013394802,8.62091179722834E-49,8.25661999409565E-34,4.55327055987347E-287,2466.19854870544,1,14
Canada_Ontario,0.047499501135806,36691.8802354266,18374.1931086215,3.74118284080783E-33,3.20673120016616E-17,1.45624305105911E-263,1410709.33686521,1,12
Canada_Prince Edward Island,0.25386728700813,25.6873296877144,18348.0029146249,1.81545811836351E-31,4.79509702777696E-86,0,65.2815121567672,1,22
Canada_Quebec,0.08048018680919,26859.1977705772,18359.9265862809,8.10673458772629E-62,6.46060075993676E-64,0,1562644.90449435,1,16
Canada_Saskatchewan,0.13255184055286,331.894783766411,18348.4906923039,1.33729629922101E-63,2.98570978676281E-99,0,1324.15209961636,1,13
Canada_Yukon,0.185259320381036,8.41293777053455,18349.168892117,8.24110160349103E-26,2.38716882661267E-67,0,9.70727908625611,1,18
Central African Republic,0.043480409078333,28.159484160717,18365.6533675216,4.0096044037842E-07,0.000212267061682,9.53369311759171E-219,42.1962992470889,1,11
Chad,0.012204840822152,64116.9928973975,18536.5096950944,0.045198506845525,0.809496775436402,4.92025484976406E-105,88.2449105485194,0,50
Chile,0.060291087382213,18388.8026318362,18362.8428822842,8.13707723831522E-76,3.43771721746127E-69,0,183460.286522783,1,12
China,0.145014392565817,82485.7917356218,18297.8082308041,1.81373883651677E-52,4.36108040595264E-125,0,437938012.381584,1,6
China_Anhui,0.194520975468841,995.495651761452,18293.9595718817,1.18160450520239E-66,8.67237540262417E-148,0,23103.3804599289,1,9
China_Beijing,0.047569508013069,594.51848376137,18296.9321799855,4.46562464442595E-21,7.37552219740843E-60,1.17480923657415E-289,146233.385128487,1,10
China_Chongqing,0.167803351782794,579.383399260658,18291.6263912655,8.95498857484069E-87,9.20447780688574E-166,0,2946.06662577101,1,7
China_Fujian,0.135830050442559,322.276632988746,18291.82408599,6.29315801168667E-27,3.36333251275034E-96,8e-323,34254.2296459145,1,12
China_Gansu,0.057648006031559,141.362752339937,18297.2366734533,3.33136524376058E-24,4.50373765742816E-69,2.92345293622878E-297,8239.21365289716,1,7
China_Guangdong,0.155532867916064,1441.226209838,18292.7801169083,1.10304506851954E-33,3.74489152197131E-107,0,400202.056821271,1,11
China_Guangxi,0.152425966642779,254.517108534421,18292.277033054,3.66840540923467E-80,9.85887367068769E-157,0,874.337220600276,1,8
China_Guizhou,0.211297122713297,147.00785720522,18295.6452679276,3.59553851191161E-49,1.04795033546463E-130,0,1255.59393056553,1,9
China_Hainan,0.160676642002101,169.415130622307,18292.6251131083,1.96402882091574E-51,5.61030323729066E-128,0,1840.39965753207,1,9
China_Hebei,0.151027637743561,323.613171136274,18295.000981837,1.35319805945456E-60,1.70783645473943E-135,0,4172.18997652287,1,8
China_Heilongjiang,0.093734907842801,570.301762662595,18297.5285459716,1.2949609738861E-08,1.08939552649613E-51,2.35183125476592E-277,812261.570017309,1,18
China_Henan,0.192994929149069,1279.19235149979,18293.3460066372,4.61637564680003E-80,1.71162498176618E-161,0,18453.8706085658,1,8
China_Hong Kong,0.083681719135014,1227.40590356541,18345.3627393951,2.24788250833048E-19,6.20828708788525E-38,1.3496352499963E-296,257969.360332326,1,36
China_Hubei,0.157351668720722,68239.4674997149,18298.8052971754,2.10972685864676E-46,4.05574131261551E-120,0,400022190.991555,1,7
China_Hunan,0.197409805469854,1022.31255265192,18292.5794918094,3.35368573209962E-80,2.41137348494992E-162,0,11494.537641413,1,8
China_Inner Mongolia,0.002593367221081,329633.759353491,19150.1077194681,0.568573916626696,0.944616244881686,2.46184720960738E-14,29385.073376389,0,50
China_Jiangsu,0.173385237028692,643.356134975792,18293.9669985674,2.53027970162973E-66,6.84295704733851E-145,0,10802.0313716456,1,8
China_Jiangxi,0.204379905204341,940.271528751801,18293.8473289696,2.59066550578216E-71,1.08992418561358E-153,0,15300.5449760484,1,9
China_Jilin,0.211498914173471,95.5183732434123,18294.8802688841,3.73858928380293E-41,4.52661006682488E-122,0,853.612725847714,1,12
China_Liaoning,0.143152223644278,132.275807079759,18291.2867791631,2.3302321951278E-29,8.63610075519009E-101,0,4679.63606939585,1,11
China_Macau,0.004239360998596,31778.2572420146,18808.062166124,0.315027924734066,0.888369448394002,6.91719612160663E-44,2100.85963398481,0,50
China_Ningxia,0.140802822794606,75.2728191263938,18294.2677827084,1.89130031317504E-58,7.27311329534553E-132,0,268.260265753343,1,7
China_Qinghai,0.264584915235841,18.0957915210442,18290.1604096554,1.57620850415784E-35,1.44796704924672E-121,0,35.9637022568218,1,12
China_Shaanxi,0.177185571021453,250.654845387419,18292.3515355772,9.57566403070491E-68,2.56837834593482E-147,0,1493.94160929899,1,8
China_Shandong,0.105547887247834,782.617292884257,18296.1692048872,2.47600084498657E-45,3.23236110798324E-110,0,72583.5054241691,1,7
China_Shanghai,0.014399728728687,1100.50739153137,18335.2128463423,0.000464585492011,0.000791777562268,2.04044369852551E-171,257956.749669817,1,17
China_Shanxi,0.159709078911223,144.124147835637,18292.8767433235,1.18667662018209E-12,9.70160346795376E-76,2.07835109176215E-304,22078.608472258,1,12
China_Sichuan,0.138435931522819,550.278481484405,18293.2757810496,7.43063096494007E-81,6.75289939275856E-155,0,4215.42437216941,1,7
China_Tianjin,0.069996226062287,167.49667685949,18295.8210699634,1.36790735762834E-19,2.10117545758985E-68,3.54278967213658E-294,18808.7116376054,1,13
China_Tibet,36.8364781378541,1,18290.0961548879,1.10001520541383E-94,0,0,1.28504489086072E-29,1,47
China_Xinjiang,0.158347406929091,76.7979596327892,18295.5019319291,3.97382878266336E-47,4.36706723113139E-122,0,488.420769460974,1,9
China_Yunnan,0.17409101834882,178.217524506103,18290.9858856079,6.9518733336469E-54,5.82391843723034E-133,0,1656.76849095346,1,9
China_Zhejiang,0.201083943591313,1235.87138593711,18291.572975794,7.23312068723078E-62,3.17828180722813E-144,0,45351.4315454606,1,10
Colombia,0.060879301637141,7064.59463602532,18363.5946019786,8.48744470296815E-42,3.69679375973691E-35,5.33793006937347E-292,165877.176777384,1,13
Congo (Brazzaville),0.014508703126741,183563.089300042,18506.0214183976,0.117127415214812,0.842636134112131,9.02077726326024E-103,2884.14857317157,0,50
Congo (Kinshasa),0.061630066315404,520.035717220595,18360.5136350791,3.10131176963558E-33,1.35117433982394E-30,2.38513609636108E-285,2443.11971618091,1,13
Costa Rica,0.087128421773741,775.646956634468,18349.4253326232,3.03883494758267E-70,1.56640730405995E-90,0,3164.67601776523,1,11
Cote d'Ivoire,0.051940172301518,2134.87187677811,18370.1115900059,1.32559071510524E-22,1.19007770770237E-12,8.96007053127255E-256,19242.9999361093,1,16
Croatia,0.087588807826286,2244.81908937511,18351.6986783718,7.69110916015388E-73,4.88492636448957E-90,0,18511.2776836832,1,10
Cuba,0.053547346306644,2851.06066222801,18371.1690480221,5.65982136316434E-54,6.38940832649459E-37,1.28426324570046E-293,3697.13839434569,1,14
Cyprus,0.072661694969875,1112.16288253609,18356.0766786986,3.38201407805032E-49,7.57594706480193E-55,3.12835865e-316,8578.37485144789,1,17
Czechia,0.093228782532573,7810.67777570475,18350.2205699763,3.39435129180633E-76,1.53178884861644E-97,0,230547.855024914,1,13
Denmark,0.0460026696908,14589.8304838011,18361.4095420244,2.50726093891057E-29,2.19809169292319E-23,2.50590383167406E-266,1997710.01811242,1,21
Denmark_Faroe Islands,0.200586396739313,185.844047539688,18340.1606210047,1.83701311212994E-66,5.31607064686064E-126,0,569.446397697316,1,12
Denmark_Greenland,0.254009648936439,11.1392809652885,18343.4018235729,3.86937834962301E-32,6.686192407175E-92,0,13.2749552032725,1,17
Djibouti,0.030935806094654,142040.9850641,18423.528324029,0.000323682970265,0.526060531610126,8.48015254193932E-167,19238.9037579832,0,50
Dominica,0.262845742600132,15.569166757684,18345.8555888889,1.15175335686626E-23,3.20891728774204E-79,0,44.1901935757878,1,20
Dominican Republic,0.046330752229653,13345.8548885584,18372.6716696211,2.18353725910221E-34,3.08654618768016E-19,3.31824869896414E-265,233971.077803738,1,19
Ecuador,0.054894358657957,20435.7458653013,18365.9299922121,2.70950648699453E-16,1.00038659226575E-10,4.94143719564683E-251,6033018.70836013,1,11
Egypt,0.024896046043998,33384.7745748556,18405.2353337418,1.32530091040875E-37,2.20655263067475E-10,6.27892802408947E-235,43424.6184469579,1,19
El Salvador,0.066292263581012,416.390024992766,18366.4663247849,2.78761438082572E-48,2.58081227908227E-38,3.7422459942156E-300,241.060147243808,1,16
Equatorial Guinea,0.011276156095055,2542710.47775868,18578.5118495986,0.467460344686972,0.948456507842117,2.69361739430952E-61,1782.24945984518,0,50
Eritrea,0.201138627956833,37.6222001066745,18351.1932744829,1.82460333779244E-38,2.05370075508466E-82,0,75.3726432169204,1,17
Estonia,0.070875232275012,1941.12526535532,18350.607137113,5.95590027751284E-47,4.55168597162353E-59,9.52337e-318,53129.3759281404,1,13
Eswatini,0.045344430443529,36.9863087213116,18362.3697842825,7.70660288066056E-08,1.52372354472435E-05,2.96137976202563E-225,95.9682390484818,1,14
Ethiopia,0.03650302719069,452.370933290196,18380.7660781518,6.59495210695983E-35,2.4597287852506E-15,7.4588953560364E-253,102.564896517683,1,17
Fiji,0.10448169235252,20.8445904366233,18352.270293479,1.12078962420537E-16,8.12526493546488E-32,1.0157943800892E-298,64.2517325163771,1,16
Finland,0.048724699049331,7141.96288982125,18361.7042455046,1.36847844920422E-47,1.3477024410584E-40,4.6676300708461E-290,148740.719422689,1,13
France,0.039980475599862,457199.042639658,18372.5098386909,5.92728794577114E-24,2.9400295219628E-12,2.57369720094053E-246,694447657.403714,1,17
France_French Guiana,0.070515057779923,129.860411804689,18352.518496833,2.83713698436E-28,1.38918220930678E-36,1.267315610868E-293,634.890321442225,1,18
France_French Polynesia,0.110586658613742,59.2245635607997,18345.5471049853,1.24161855865506E-38,1.96503101695763E-70,0,193.395826858271,1,18
France_Guadeloupe,0.145620839182153,151.573975554681,18343.3698717757,1.40339286175374E-47,1.19627629378471E-92,0,980.587863912383,1,12
France_Martinique,0.147788567146343,167.891750722287,18345.0963435514,2.9556677112716E-40,6.68810689692555E-83,0,1718.95132717914,1,14
France_Mayotte,0.091751934119974,316.312488743264,18354.5874847531,4.04660222140131E-45,2.2921957935142E-58,0,1334.82538992248,1,13
France_New Caledonia,0.328971111526745,17.8969843583094,18343.3258860938,1.34710549984199E-40,1.31464530465539E-108,0,17.4768671542147,1,15
France_Reunion,0.160198580460797,417.516217811396,18347.6662605006,5.28240495978807E-61,1.88663535926704E-104,0,2854.81484735991,1,14
France_Saint Barthelemy,0.061581691578524,7.49403233509906,18337.9733085171,1.37801079797594E-08,3.22405327952826E-19,6.06206034739898E-261,40.1761526955533,1,16
France_Saint Pierre and Miquelon,36.6906163145427,1,18356.0916956801,0.170708166425931,0,0,7.66623601525019E-26,0,50
France_St Martin,0.103860922791401,41.895387069637,18350.1349211663,1.7224951954954E-21,3.10963752737786E-41,2.9845139588266163e-308,208.513059733348,1,16
Gabon,0.01370671629873,213055.778475069,18518.2213938085,0.014336123851628,0.766322216560955,4.71283705294222E-117,601.575822424515,0,50
Gambia,0.031386057702366,39.6391456339746,18380.9440322023,0.00079953195607,0.096167156664438,1.77376419205651E-181,38.5950738509116,1,19
Georgia,0.01828940412646,7946.02849419239,18430.8427955323,8.50518699162069E-22,0.000999092682195,1.0468326420036E-199,1678.78223423391,1,21
Germany,0.090430650016405,168808.837669961,18350.0025585472,1.32525108113378E-86,2.05956476093256E-107,0,60540727.3617773,1,10
Ghana,0.012318417257771,1113434.49000573,18530.0719338138,0.038705158175745,0.792589647908364,3.18161309074328E-107,69362.4748942403,0,50
Greece,0.077393631004941,2750.33611465503,18347.7745172188,1.74733959152832E-56,5.18142356249808E-75,0,87643.5777590644,1,20
Grenada,0.221270052784726,13.8923469743177,18347.5831777643,3.05513205715253E-27,4.30454929409375E-77,0,26.423072020754,1,16
Guatemala,0.017830072678284,26372.1216019642,18456.9709257542,2.87542620860945E-08,0.266675893175726,1.55967991453125E-165,1224.79431238243,1,32
Guinea,0.055176778149985,2538.54619827717,18378.2444265073,4.25412051802637E-26,6.37382936600234E-10,1.4571082872643E-256,3312.53576734323,1,20
Guinea-Bissau,0.167037661754893,50.5659164420315,18356.1630497941,4.37869774480144E-26,1.15516335841692E-51,0,174.875113878896,1,19
Guyana,0.026835452469619,559.227403781404,18398.8890792385,0.000123450793432,0.164091524307931,4.92112381024471E-175,681.687780977279,1,17
Haiti,0.064594575506602,76.1938829972567,18360.1069683416,1.95949037055735E-29,6.59296885895013E-28,3.2714480568205E-283,73.6338930220774,1,14
Holy See,0.179493899924317,8.17637659492762,18344.9955537369,2.91383176206321E-19,1.94900493268204E-62,0,18.8843227577312,1,29
Honduras,0.11933396382321,521.476833547248,18353.5286671395,6.30646042947203E-53,3.90309111962062E-76,0,3421.60492277123,1,15
Hungary,0.043138825517435,6071.05928978645,18373.9299130697,8.4919530322176E-29,1.36929810240044E-14,8.2635764069471E-255,62497.128262308,1,18
Iceland,0.103017079000929,1957.2171383956,18345.4286729909,5.27606291656478E-59,4.860819388335E-90,0,61086.6688359829,1,18
India,0.047730017678507,82170.5190741127,18380.3476814293,3.4888119915924E-39,8.1591024393356E-17,1.05350911265874E-266,1326869.74190826,1,20
Indonesia,0.02886925823144,52459.5941640967,18396.1807535713,1.78103806691847E-41,6.33263508616459E-14,1.35498881178342E-246,162708.786620952,1,20
Iran,0.049016065637001,128851.414816379,18353.3937306639,3.42347770642552E-43,2.48881052338209E-44,1.57318697973035E-291,158426585.951498,1,13
Iraq,0.06788623679716,2176.18812303258,18354.007253653,4.16971732307567E-38,1.30536239696572E-44,3.23404698471732E-302,76490.8604550685,1,20
Ireland,0.029068931699494,150898.026088289,18398.9482230453,5.42058604668853E-21,7.93236430425439E-05,1.87921611985608E-219,3207598.6411108,1,19
Israel,0.104884261028572,15376.326706265,18352.4919206511,2.28025284083552E-67,1.00953407441623E-88,0,1301253.19465723,1,12
Italy,0.069614807971498,211793.720793709,18346.8004993836,3.55142002773702E-85,3.03877342590481E-102,0,104135781.794947,1,11
Jamaica,0.008384648176184,1583578.89920299,18635.8420204603,0.229714267903676,0.904938117662587,4.0410530059326E-70,4593.23569590464,0,50
Japan,0.009857224687919,23487996.3979991,18577.6378585214,0.000353860099395,0.664226328243829,1.72102480805871E-119,3193217.61648892,0,50
Jordan,0.128451897232907,422.772806424217,18345.0318495577,4.07082815855745E-64,1.28215309843341E-103,0,2577.55522680065,1,14
Kazakhstan,0.036749408241472,9086.50837605432,18385.1295237063,4.21780902869545E-21,1.22193439437207E-06,2.18745459994798E-232,50218.8234586796,1,18
Kenya,0.106821998014732,309.346190829233,18355.2171002574,1.20251121030466E-35,3.01394955354934E-51,2e-323,2475.53276472913,1,15
"Korea, South",0.125701773303238,10186.7177113165,18322.1878813191,1.9053355984923E-42,5.06943246676247E-100,0,10669004.046764,1,13
Kosovo,0.025085810671926,11413.4097303935,18415.5413811401,5.73435286301044E-05,0.273902609367088,1.2240300734443E-169,19927.8885448779,1,23
Kuwait,0.012503044477823,878674.857532566,18515.7450473,0.000584354675694,0.609463560515494,3.41119154354929E-129,151475.612187189,0,50
Kyrgyzstan,0.060411017354789,1247.00456470004,18367.5667691246,9.61174021151286E-29,2.28220162598902E-19,2.36396093027349E-272,6098.01763652969,1,15
Laos,0.114835331261161,22.1123402286516,18351.6469953691,3.68741398605594E-25,8.01446745966231E-47,8.305095e-318,41.6417571673821,1,15
Latvia,0.101043360644264,782.894728768115,18348.0352454124,5.52944331038969E-77,3.52846508464321E-104,0,2917.53781850498,1,11
Lebanon,0.089551424092873,737.676825982066,18343.8615848773,7.03298174537069E-55,6.21759722106766E-83,0,10810.7855748781,1,16
Liberia,0.108272254317423,139.521934509923,18364.7048493719,2.23407330930764E-15,2.44775315584977E-14,4.04044112547009E-281,459.857049191166,1,21
Libya,0.042958244848589,250.321805824466,18381.1146435158,3.51258399511806E-06,0.030154596975341,8.12080791859928E-205,321.535722333621,1,18
Liechtenstein,0.16961381157774,80.4231096009085,18341.1684385542,2.05567536519968E-40,3.81243503218654E-92,0,474.049916971649,1,11
Lithuania,0.101394694017734,1391.06695019314,18351.3185819132,4.53283628357774E-58,5.38612849824586E-80,0,19489.5523909376,1,13
Luxembourg,0.126447604593121,3668.34641116576,18346.5589096581,1.19579797042297E-83,7.11631942229401E-121,0,59867.9287914767,1,12
Madagascar,0.120429463526422,131.073502588269,18351.7821477219,5.70182925173009E-53,1.57450790213546E-79,0,261.162155847836,1,15
Malawi,0.173587609247793,20.4420110663267,18359.4578359146,2.63717121549113E-26,1.22726010437598E-45,0,18.1742654198828,1,32
Malaysia,0.069202900222779,6904.74604780257,18350.4295796775,3.10612292257401E-79,1.23986487738516E-91,0,109741.184649886,1,17
Maldives,0.032318152409428,55.5304088114518,18357.1492262672,0.000901470186045,0.006895116391852,2.46900617689468E-193,1012.68675439111,1,19
Mali,0.024115859039164,12897.0541190218,18428.9337789904,6.14087025097479E-08,0.22501830606527,2.56613273115943E-177,1032.79272771833,1,31
Malta,0.053091414969003,754.68250709818,18358.5778965421,7.48813830334316E-28,1.43429141191671E-25,4.4678279668073E-273,8795.91567201969,1,11
Mauritania,0.122883704245832,7.55672476823457,18344.590280853,1.21485491510811E-24,2.89003609243437E-58,2e-323,9.26840685908909,1,12
Mauritius,0.130947967650174,371.608770359851,18351.2119025731,7.91611994705965E-40,3.94741687413844E-69,0,5189.14256057407,1,16
Mexico,0.033686555603385,66085.8404899741,18394.1945835725,7.74018598970032E-51,9.79552510444711E-19,5.65666635993751E-262,92344.0121300558,1,17
Moldova,0.069672478089544,4853.49941887461,18365.083354333,1.41831939584869E-49,7.22406357706657E-42,4.09206310401078E-305,39442.5850054606,1,19
Monaco,0.108169400352411,106.894311162649,18348.3292079505,2.84196273522375E-50,1.68277579576059E-78,0,250.556383419514,1,14
Mongolia,0.018082449573182,369.459460361491,18421.0048957462,0.010317140679832,0.421581187260427,2.99423979800857E-142,366.918702468315,1,29
Montenegro,0.121255288375645,344.622680150449,18351.8957189928,1.27786266077224E-41,2.1748886002067E-67,0,3498.71626898384,1,15
Morocco,0.034147526787136,16261.1374856445,18387.6255714086,2.11699471202094E-22,8.74877563444438E-07,6.34163252112162E-231,120190.629342744,1,18
Mozambique,0.019599808088402,1676.93111869522,18438.7552746122,0.000584043491154,0.438230601443242,1.79544355925889E-151,115.866833262722,1,26
Namibia,0.148553952822429,17.1286582799191,18345.0842392474,7.01204606507682E-32,2.68156417832156E-73,0,30.5827480628865,1,16
Nepal,0.009996760897593,423206.856123146,18597.150157941,0.383798685408061,0.933569463335569,2.63941545524822E-64,226.608373997294,0,50
Netherlands,0.061087819973471,49863.3056486293,18357.5053672857,1.55827311542815E-74,4.254406285035E-75,0,3029590.18482466,1,20
Netherlands_Aruba,0.131223256917592,102.643928834782,18349.2505336811,5.86128862949235E-40,1.62628988575924E-72,0,464.876552244296,1,15
"Netherlands_Bonaire, Sint Eustatius and Saba",0.141239350350003,3.96972951640598,18356.4416132359,9.71024061334838E-07,4.90596380000769E-16,4.48232138863801E-286,7.35929262470919,1,14
Netherlands_Curacao,0.123310340412329,15.1817606915798,18344.9138942558,1.69457033562936E-34,2.89244446332234E-70,0,18.5756043793455,1,12
Netherlands_Sint Maarten,0.156334291546027,67.9004033843437,18355.9405308864,6.56387255390915E-32,4.12510169404177E-57,0,203.494025869604,1,19
New Zealand,0.145227084277977,1527.0456268279,18350.65346016,6.25573989628604E-78,1.2328205549037E-113,0,11495.5441118546,1,14
Nicaragua,0.075756102726524,12.5587407584003,18353.1820902767,9.42620234846403E-23,4.64885337594723E-31,2.60988892445511E-289,8.95142344322346,1,14
Niger,0.183582846787507,716.169712285312,18358.2194468815,5.13774199205968E-57,1.22043877976088E-84,0,4270.94604597174,1,14
Nigeria,0.033874547533149,2850.44460688293,18385.5020248875,5.78080270393943E-10,0.003898301029322,7.26594511949952E-208,19792.6405562173,1,17
North Macedonia,0.04162150604643,3623.67889480442,18373.2661722951,1.75772131340318E-39,8.35618011882428E-23,6.33425190272167E-267,12969.107221961,1,16
Norway,0.08223927488501,8018.9107198535,18344.6884255822,2.17049487144619E-66,5.67519351296058E-91,0,583341.708361881,1,17
Oman,0.012045740945524,2933472.66436758,18540.8184126929,6.15011197326072E-07,0.532765184218527,1.26373370435403E-140,16921.4397558209,0,50
Pakistan,0.037758268416821,29835.4606966158,18378.2556640644,2.14443415487645E-32,6.63584999486106E-15,3.09382594807782E-252,733775.480135455,1,14
Panama,0.058920241363251,8481.58946916796,18364.1699029116,5.27195417845289E-53,7.47165868329583E-45,2.56543165395163E-302,112454.323763476,1,14
Papua New Guinea,0.010570421201994,509092.378452699,18599.5112501866,0.620375557416383,0.967257943750659,5.71033759582497E-45,26.45617937075,0,50
Paraguay,0.047220390164416,430.677870490354,18365.3520159788,2.40731410043402E-26,3.24923494390369E-18,9.44446977437543E-261,1294.7145250354,1,15
Peru,0.067571789420494,51105.1840927819,18373.2539997142,1.88817971912985E-22,1.65896335046481E-10,1.4365789536904E-262,4263129.13566116,1,23
Philippines,0.086554914208352,8056.72097480115,18356.1126347097,2.95673882262616E-43,1.43958492353685E-52,3.7125e-319,752681.26871658,1,15
Poland,0.061227522616914,16612.667232013,18362.6842425031,1.75708931680147E-67,2.4852898288158E-61,1.6087e-320,243465.336316431,1,12
Portugal,0.084867788642337,25927.7752107158,18354.8572507354,2.32440044316353E-76,6.83142959809137E-88,0,1382463.32541708,1,20
Qatar,0.010788573706581,10346053.4603867,18558.5647692026,0.00106110041248,0.688897816555122,1.74829412343888E-119,869500.047610573,0,50
Romania,0.061417201559103,16071.6833051748,18363.0297803701,8.49124059132652E-72,3.60837698765912E-65,0,170619.584123425,1,12
Russia,0.018502297741067,46532884.131354,18476.2488326212,1.13528933720967E-30,0.025507303468413,2.35371803710204E-202,1420441.13637292,0,50
Rwanda,0.099118372454132,159.936818045545,18349.1372644091,2.381826259166E-51,1.50135946320853E-75,0,453.176409692175,1,13
Saint Kitts and Nevis,0.186281651931801,13.9608294432274,18350.8939117153,3.97486244286324E-26,2.84742025575456E-65,0,23.4436625067411,1,17
Saint Lucia,0.283528912776387,15.1465854852103,18348.371170472,1.77330404041112E-16,3.15877359608213E-67,0,70.4399066500545,1,36
Saint Vincent and the Grenadines,0.319937943190207,12.4413255536934,18355.5451546829,8.87004246981693E-18,3.21790263131951E-62,0,30.1780308112604,1,20
San Marino,0.039357579765487,732.565159155857,18355.0057831033,2.72151584693905E-20,6.48635728692275E-18,1.67382120151327E-250,18379.6767843335,1,18
Sao Tome and Principe,22.2858241288532,4,18357.1307571483,5.59943138874888E-79,0,0,1.80628071810614E-15,0,50
Saudi Arabia,0.011048988455302,24355008.0706856,18558.466885116,0.000134981399654,0.651073511108708,5.04535303438896E-126,1438518.59001946,0,50
Senegal,0.070829011134008,453.399159000945,18352.2825663743,7.57639422238047E-45,9.28482816512995E-55,7.830488873e-314,2769.39611368792,1,13
Serbia,0.043100070653582,28525.8279771656,18380.3157796032,4.20154362092801E-47,4.3372769540835E-23,2.2225479004723E-272,134903.673897629,1,16
Seychelles,0.143485766638716,11.1421159360788,18339.0721676863,3.25231095769922E-29,1.3114996328868E-75,0,19.9282169012658,1,16
Sierra Leone,0.0241778055823,19970.4582975172,18447.9519020497,0.136330179549166,0.836292831808108,7.03342552707098E-121,114.9089104627,0,50
Singapore,0.012944847158777,13267419.7476739,18528.6804603014,0.06200714474434,0.82577330128347,2.65544834267878E-104,2849092.61529159,0,50
Slovakia,0.03133071162832,4512.54637863738,18381.7548734089,6.01081224718003E-22,2.2123406732912E-08,3.08728041230293E-230,32211.8465626177,1,17
Slovenia,0.07515111005225,1564.29653530361,18346.555406838,2.57944838597957E-65,1.01921496750148E-84,0,18592.1806755351,1,15
Somalia,0.036913596527271,28221.3247651937,18415.365014374,0.001197511016017,0.574020831561637,4.30936963129346E-169,697.085463784041,1,49
South Africa,0.066626347499391,3978.27631816046,18354.6451380888,1.33220794489265E-19,1.275738712988E-23,5.04876570122268E-276,871868.104806655,1,12
South Sudan,0.498144342380857,4.11872605830421,18358.467147632,4.31522534761828E-29,1.80153258398718E-85,0,1.07106242182304,1,34
Spain,0.090592448192784,226161.936370121,18350.4359295418,5.62308472998503E-77,4.07925231314726E-97,0,176171993.269179,1,12
Sri Lanka,0.066194207903574,314.786194293062,18348.9827788135,1.1698422610853E-30,1.06861943842608E-41,2.47411517039057E-296,4190.85587983226,1,12
Sudan,0.012918356778628,768051.295341534,18545.054414368,0.331273154421787,0.92495341315139,1.11959205419404E-77,619.62389803873,0,50
Suriname,0.237520932463816,10.0868471198771,18341.6566776869,6.36036373595282E-36,2.82482576239531E-96,0,9.06612305185674,1,15
Sweden,0.036989995946967,43583.6668752102,18373.700940168,1.78561393879852E-48,5.0427483692556E-30,1.89946876349002E-272,1197723.5293488,1,14
Switzerland,0.099112391760027,30142.0567145381,18346.4301693842,3.38721518582761E-90,4.02815500872826E-119,0,2356637.83488461,1,19
Syria,0.055622470571767,80.7942064965195,18365.753753554,2.2752760500265E-13,8.82611098980622E-09,5.2953268908371E-246,131.637850445501,1,12
Taiwan*,0.105996020693462,431.67516667228,18341.5993892219,5.78872164288267E-24,6.32932848115465E-56,8.223849e-317,34432.2073347974,1,31
Tanzania,0.016210499419104,3952560.68976977,18513.403615014,0.360226140085447,0.933035342616216,3.69185794801116E-83,4054.30535988715,0,50
Thailand,0.115992039967264,2944.4517776341,18347.2741180241,9.76592735042496E-67,1.34755111867945E-99,0,86689.5138227606,1,18
Timor-Leste,0.529237199567434,21.4913056327758,18366.2338710195,3.85502798130246E-10,2.21456269928294E-29,0,53.1731606465842,1,32
Togo,0.078711143664249,114.75785765188,18353.7529192563,2.98560682701294E-22,1.31447517075596E-30,4.03897106208247E-290,758.45576930903,1,15
Trinidad and Tobago,0.166362896460437,115.113511122378,18343.6415086049,3.9159637674613E-38,3.21883251302266E-86,0,1019.00383485603,1,13
Tunisia,0.101939085528406,978.000435049409,18351.581016489,5.84527964808025E-51,2.46739521827962E-72,0,14139.104631149,1,15
Turkey,0.069834098287385,174094.034570015,18365.796542049,8.0595870002884E-80,2.3460992650632E-70,0,8244703.46747235,1,10
Uganda,0.251972673206371,55.1916198353631,18347.4252366721,1.76993365088236E-54,1.82455424292604E-112,0,76.126983185818,1,14
Ukraine,0.028567290323262,119111.345758679,18410.3280826663,2.46586296090919E-23,0.000626916290091,2.76556048745977E-218,175152.427842893,1,26
United Arab Emirates,0.063536994703531,17635.429799049,18369.9403321891,3.90612924891581E-39,1.38375985652944E-25,7.62509564952346E-285,377950.219557693,1,18
United Kingdom,0.060649977084992,241544.990267053,18365.151606142,3.25578827211482E-74,1.60235164978692E-64,0,23952277.0772658,1,16
United Kingdom_Anguilla,0.499295030612527,2.99469419074416,18348.8772936497,9.71683416047792E-17,2.95551211604768E-81,0,1.93264554654196,1,18
United Kingdom_Bermuda,0.044004909000132,236.360933013296,18371.2523575354,9.94646140234116E-10,8.86178423387724E-05,6.35169656248532E-224,848.489450190533,1,17
United Kingdom_British Virgin Islands,0.681460248897749,3.173863137395,18348.8433009662,2.84669970253189E-10,1.28171135721118E-74,0,3.54845335684908,1,21
United Kingdom_Cayman Islands,0.12302337051637,69.7326467599219,18354.1718612759,1.57329234510259E-30,2.50557864269131E-51,0,231.073393854261,1,18
United Kingdom_Channel Islands,0.11902197245777,559.135039312303,18353.6873685262,1.79434508629099E-51,3.07396710366864E-74,0,4189.66149271731,1,16
United Kingdom_Falkland Islands (Malvinas),0.151671356546031,15.9946156726594,18362.8969783226,4.73577871546162E-09,7.17376192701373E-13,3.44275497440728E-287,26.9463434841043,1,26
United Kingdom_Gibraltar,0.151646914264114,139.994851947815,18348.7711014609,4.05403410176752E-51,1.72970849211013E-90,0,509.219761762793,1,15
United Kingdom_Isle of Man,0.090507333477599,429.513578222183,18359.0033603182,4.14136150245427E-45,7.652126478392E-51,4.2114e-320,1327.33649892263,1,14
United Kingdom_Montserrat,0.085569477049559,14.0561480409635,18352.4026806119,5.29657310724687E-16,4.71768326677693E-26,5.87249489372705E-286,24.9962273553684,1,12
United Kingdom_Turks and Caicos Islands,0.129540676816805,11.8925575683884,18352.8210993652,7.17352038563225E-16,1.15732305934849E-35,1.4707320754240696e-308,26.3639298586861,1,16
Uruguay,0.117782669098271,537.654940228044,18346.0461285358,5.63819921515777E-59,7.4374492126226E-94,0,4915.96121807438,1,14
US,0.074265201920387,1171183.26268268,18360.0602113094,1.82136966990455E-97,6.42514380630209E-98,0,392225979.967,1,12
Uzbekistan,0.051946173429391,6636.22002067112,18377.4567998646,6.20536742824815E-19,4.27357491691814E-07,1.55634881864593E-244,56777.1220095046,1,20
Venezuela,0.09393825205372,229.965673808362,18345.5923085511,7.04497728880674E-29,1.68582108980281E-53,2.38300776e-316,4785.06502447917,1,13
Vietnam,0.086226757006608,305.398082677325,18341.9930034209,1.78196035717384E-28,1.92116388528207E-54,2.91873147056e-313,10292.5797214481,1,24
West Bank and Gaza,0.03283920374135,1577.36439282167,18378.9126948904,1.17642576692616E-13,2.76278668978822E-05,1.13806335994116E-218,11428.4536443838,1,14
Western Sahara,0.36888000742539,5.91825971824574,18356.9777196823,3.02602423320842E-12,2.2726564769403E-53,0,11.080398972064,1,33
Yemen,21.4176813853702,1,18361.1342445953,5.16259472111854E-81,0,0,4.77121398499599E-16,0,50
Zambia,0.20285442640513,47.9237829476028,18347.3614262764,1.08000155782505E-18,1.96964469846664E-62,0,622.797016778629,1,22
Zimbabwe,0.023684018153337,323.794325870201,18410.1626392266,3.55270328741244E-05,0.189867299513696,4.9143500216023E-171,67.252979507794,1,26
