"ISO_A3","Country","AUC_confirmed","AUC_deaths","AUC_recovered","AUC_confirmed_pmillion","AUC_deaths_pmillion","AUC_recovered_pmillion","date_first_cases","days_since_first_cases","AUC_SI","date_SI_sup0","date_SI_sup50","date_SI_max","SI_max","residential_change","residential_date_split","mobility_change_index","mobility_change_index_date_split"
"ABW","Aruba",2922,30,30,27368.2633047974,280.988329618043,280.988329618043,"2020-03-13",48,3223.57,2,16,36,86.24,26.15625,4,61.0244717334637,4
"AFG","Afghanistan",27376.5,857,857,703.253704030182,22.0148092105954,22.0148092105954,"2020-02-24",66,3242.035,6,30,48,76.33,11.624649859944,32,35.6781512605042,32
"AGO","Angola",635.5,65,65,19.3359343385139,1.97771161605571,1.97771161605571,"2020-03-20",41,3629.855,-43,7,7,93.38,23.5444444444444,1,47.0482960714668,1
"AIA","Anguilla",95.5,0,0,6365.81789094787,0,0,"2020-03-28",33,"NA","NA","NA","NA","NA","NA","NA","NA","NA"
"ALB","Albania",17477.5,803.5,803.5,6073.21565084439,279.206338174995,279.206338174995,"2020-03-09",52,4362.55,-13,2,40,88.36,"NA","NA","NA","NA"
"AND","Andorra",21520.5,935,935,278528.441079402,12101.2101210121,12101.2101210121,"2020-03-02",59,2487.74,11,23,37,61.77,"NA","NA","NA","NA"
"ARE","United Arab Emirates",175378.5,1149.5,1149.5,17732.1948556176,116.223812990375,116.223812990375,"2020-01-29",92,4188.735,-6,54,66,91.54,23.6578947368421,54,57.719672913481,54
"ARG","Argentina",81891,3531,3531,1811.91707357968,78.1267683482906,78.1267683482906,"2020-03-03",58,4931.085,-40,16,20,100,24.8305322128852,16,69.5477001274606,16
"ARM","Armenia",39577,523,523,13356.0157584585,176.496354995927,176.496354995927,"2020-03-01",60,"NA","NA","NA","NA","NA","NA","NA","NA","NA"
"ATG","Antigua and Barbuda",666,60.5,60.5,6800.91495792827,617.800833265256,617.800833265256,"2020-03-13",48,"NA","NA","NA","NA","NA",18.0714285714286,5,60.3545963653253,16.5
"AUS","Australia",220971,1960.5,1960.5,8679.24602410869,77.0040495371116,77.0040495371116,"2020-01-26",95,3818.1,-1,57,63,71.44,16.9736842105263,57,42.3890100648705,57
"AUT","Austria",494337,11997,11997,54887.3023627643,1332.05276248001,1332.05276248001,"2020-02-25",65,4133.01,-1,17,20,84.79,19.3115942028986,19,57.5416550190915,18
"AZE","Azerbaijan",36379,454,454,3587.96450401537,44.776818626762,44.776818626762,"2020-03-01",60,4326.99,-31,13,46,92.86,"NA","NA","NA","NA"
"BDI","Burundi",179.5,17.5,17.5,15.0957283630066,1.47172839193658,1.47172839193658,"2020-03-31",30,1201.76,-59,"NA",14,22.22,"NA","NA","NA","NA"
"BEL","Belgium",1058388.5,132012,132012,91322.1369888355,11390.5413259594,11390.5413259594,"2020-02-04",86,4393.41,-7,39,45,83.6,22.0666666666667,40,52.852191563913,40
"BEN","Benin",1214,24.5,24.5,100.138593793486,2.02091890275157,2.02091890275157,"2020-03-16",45,2751.97,-44,14,14,58.74,9.94886363636364,13,16.9079475434127,13
"BFA","Burkina Faso",16808.5,985.5,985.5,804.108331717159,47.1457156145558,47.1457156145558,"2020-03-10",51,3783.245,2,11,13,88.75,16.8655462184874,9,26.6630037276199,9.5
"BGD","Bangladesh",66995.5,2118,2118,406.799143816089,12.8605740176949,12.8605740176949,"2020-03-08",53,4590.9,-46,11,34,94.58,21.6833333333333,17,61.890132543662,16
"BGR","Bulgaria",28613,1149,1149,4117.89976030608,165.360738985485,165.360738985485,"2020-03-08",53,4008.65,-34,5,24,75.52,15.5994130594277,6,50.4189323271495,5.5
"BHR","Bahrain",55088,227,227,32374.5594543434,133.405187992593,133.405187992593,"2020-02-24",66,4325.805,-32,23,40,86.77,12.4362226920366,23,26.6632774515726,22
"BHS","Bahamas, The",1636.5,229.5,229.5,4161.49605338107,583.601188054358,583.601188054358,"2020-03-16",45,"NA","NA","NA","NA","NA",28.327731092437,3,67.1100536791525,4
"BIH","Bosnia and Herzegovina",35355.5,1287.5,1287.5,10776.4381716128,392.432977781435,392.432977781435,"2020-03-05",56,4655.2,-34,11,50,91.4,15.1455197132616,11,47.5577573360714,11
"BLM","Saint Barthelemy",259,0,0,26201.3151239251,0,0,"2020-03-04",57,"NA","NA","NA","NA","NA","NA","NA","NA","NA"
"BLR","Belarus",143461.5,1127.5,1127.5,15182.2019804386,119.320742728499,119.320742728499,"2020-02-28",62,648.405,15,"NA",36,19.44,6.91761363636364,30,19.2200455818691,30
"BLZ","Belize",420,45,45,1056.28223861416,113.173096994374,113.173096994374,"2020-03-23",38,3057.29,-34,-3,35,73.42,22.1205432937182,0,65.7467694774571,0
"BMU","Bermuda",2256,114,114,36227.5785653493,1830.64891686606,1830.64891686606,"2020-03-19",42,4362.885,-57,1,16,97.35,"NA","NA","NA","NA"
"BOL","Bolivia",14899.5,867,867,1276.40392223818,74.2737810383235,74.2737810383235,"2020-03-11",50,4281.725,1,5,34,97.35,34.0111111111111,10,79.4580155670443,10
"BRA","Brazil",1042044.5,64544,64544,4902.36825978379,303.651578180668,303.651578180668,"2020-02-26",64,3389.325,5,20,60,72.51,16.6814658210007,21,47.7871456809404,21
"BRB","Barbados",2285.5,118.5,118.5,7953.13375392785,412.358936705513,412.358936705513,"2020-03-17",44,4163.745,-55,2,22,90.47,26.6525974025974,12,71.9916259527067,11
"BRN","Brunei Darussalam",5708,33.5,33.5,13047.3641261489,76.5744040339853,76.5744040339853,"2020-03-09",52,3831.595,-63,4,33,60.71,"NA","NA","NA","NA"
"BTN","Bhutan",209.5,0,0,271.509515144917,0,0,"2020-03-06",55,3414.07,0,21,21,78.3,"NA","NA","NA","NA"
"BWA","Botswana",432.5,30.5,30.5,183.915377664381,12.9697549566789,12.9697549566789,"2020-03-30",31,4374.61,-89,-11,3,87.04,35.5684523809524,3,62.1372200677777,3
"CAF","Central African Republic",460,0,0,95.2427489210653,0,0,"2020-03-15",46,2617.255,-1,11,11,69.97,"NA","NA","NA","NA"
"CAN","Canada",954920.5,39538,39538,25225.2751778319,1044.43975177108,1044.43975177108,"2020-01-26",95,3525.2,-4,52,66,76.73,19.2494623655914,50,47.3624107290265,50
"CHE","Switzerland",908202,37766.5,37766.5,104938.427091756,4363.73968209804,4363.73968209804,"2020-02-25",65,4104.47,0,21,21,79.49,17.6043010752688,20,39.1112053902804,20
"CHI","Channel Islands",13310.5,544,544,78067.9065566367,3190.63454917624,3190.63454917624,"2020-03-10",51,"NA","NA","NA","NA","NA","NA","NA","NA","NA"
"CHL","Chile",274165.5,3210.5,3210.5,14342.0434459573,167.946479346402,167.946479346402,"2020-03-03",58,3357.79,11,15,22,83.6,22.0454545454545,14,57.7223420343722,14
"CHN","China",6644686,261757,261757,4730.40362259112,186.346843332941,186.346843332941,"2019-12-10",142,6707.875,26,47,77,75.42,"NA","NA","NA","NA"
"CIV","Cote d'Ivoire",21347.5,222,222,809.283397037903,8.41601658940928,8.41601658940928,"2020-03-11",50,3672.915,1,8,13,86.11,15.4861111111111,10,28.6929783713802,9.5
"CMR","Cameroon",30648,818.5,818.5,1154.5301369735,30.8334285145136,30.8334285145136,"2020-03-06",55,3058.77,7,12,43,76.32,10.1946778711485,13,21.3483883193869,12.5
"COD","Congo, Dem. Rep.",8995,684.5,684.5,100.433887793898,7.64280113339894,7.64280113339894,"2020-03-11",50,3545.43,-20,8,17,85.85,"NA","NA","NA","NA"
"COG","Congo, Rep.",3406,152.5,152.5,617.242336662745,27.6363641635551,27.6363641635551,"2020-03-15",46,3513.04,-12,13,16,98.02,"NA","NA","NA","NA"
"COL","Colombia",104400.5,4157.5,4157.5,2051.78031968471,81.7072397075606,81.7072397075606,"2020-03-06",55,4463.1,-45,11,52,93.38,31.0238095238095,13,76.2047619047619,13
"CPV","Cabo Verde",1411.5,37.5,37.5,2538.72385734944,67.447498866882,67.447498866882,"2020-03-20",41,3736.695,-44,3,12,79.63,25.0146198830409,4,56.6655287309618,0.5
"CRI","Costa Rica",20493.5,143,143,4022.97632129945,28.0716136309474,28.0716136309474,"2020-03-06",55,4014.695,-32,10,52,81.61,21.6789772727273,11,55.3701330162086,11
"CUB","Cuba",25707.5,859.5,859.5,2269.65406084218,75.883211720076,75.883211720076,"2020-03-12",49,3571.815,-44,12,36,83.07,"NA","NA","NA","NA"
"CUW","Curacao",498,42.5,42.5,3034.73491773309,258.988421694089,258.988421694089,"2020-03-14",47,"NA","NA","NA","NA","NA","NA","NA","NA","NA"
"CYM","Cayman Islands",1687.5,45.5,45.5,25677.1150334754,692.331101643335,692.331101643335,"2020-03-13",48,"NA","NA","NA","NA","NA","NA","NA","NA","NA"
"CYP","Cyprus",21510,387.5,387.5,17815.7154322527,320.947918642394,320.947918642394,"2020-03-09",52,4222.76,-4,7,15,94.71,"NA","NA","NA","NA"
"CZE","Czechia",206144,4574,4574,19249.6354928975,427.118095819005,427.118095819005,"2020-03-01",60,4445,-37,11,22,83.07,"NA","NA","NA","NA"
"DEU","Germany",4450178.5,115834.5,115834.5,53114.9315062689,1382.53814618063,1382.53814618063,"2020-01-27",94,4306.315,-3,51,70,81.75,12.6637992831541,49,39.8638006280371,49.5
"DJI","Djibouti",15863.5,40,40,16056.1415867579,40.4857480045587,40.4857480045587,"2020-03-18",43,3890.14,0,5,38,100,"NA","NA","NA","NA"
"DMA","Dominica",531,0,0,7375.92199024878,0,0,"2020-03-22",39,2805.21,0,10,10,86.24,"NA","NA","NA","NA"
"DNK","Denmark",223940,9409,9409,38662.31898295,1624.42511079118,1624.42511079118,"2020-02-27",63,4427.885,0,13,20,84.12,13.8584615384615,13,44.5506213609204,13
"DOM","Dominican Republic",118586,5621.5,5621.5,10931.697035667,518.210706879412,518.210706879412,"2020-03-01",60,4166.59,1,18,58,98.02,27.1937984496124,17,69.1169837914024,17
"DZA","Algeria",72322,9296,9296,1649.2652181614,211.990396670839,211.990396670839,"2020-02-25",65,3577.51,9,27,49,84.54,"NA","NA","NA","NA"
"ECU","Ecuador",325163,12559,12559,18430.0795893683,711.837969150476,711.837969150476,"2020-03-01",60,4974.495,-35,14,16,95.37,32.1935483870968,15,77.3156989247312,15
"EGY","Egypt, Arab Rep.",87773.5,6159,6159,857.712532900593,60.185038652153,60.185038652153,"2020-02-14",76,3640.305,30,36,39,88.75,14.1215384615385,26,45.5756983791402,26
"ERI","Eritrea",1072.5,0,0,302.417052430517,0,0,"2020-03-21",40,"NA","NA","NA","NA","NA","NA","NA","NA","NA"
"ESH","Western Sahara",139,0,0,232.702191418479,0,0,"2020-04-05",25,"NA","NA","NA","NA","NA","NA","NA","NA","NA"
"ESP","Spain",5872756.5,590467.5,590467.5,125607.608958425,12629.0287776547,12629.0287776547,"2020-02-01",89,4680.225,-1,42,58,89.41,28.2531181217902,42,82.4213678684974,41.5
"EST","Estonia",47583.5,966,966,35870.4116501663,728.210780082606,728.210780082606,"2020-02-27",63,3573.09,14,18,31,80.29,14.2579710144928,17,33.3997160444355,17
"ETH","Ethiopia",2695.5,71.5,71.5,23.446555245238,0.621936078662406,0.621936078662406,"2020-03-13",48,2932.855,3,13,26,76.19,"NA","NA","NA","NA"
"FIN","Finland",110394.5,2826.5,2826.5,19924.2228173316,510.132441318977,510.132441318977,"2020-01-29",92,4242.455,-2,47,59,75.13,12.2724637681159,46,38.7498474417693,46.5
"FJI","Fiji",502,0,0,559.990361918871,0,0,"2020-03-19",42,"NA","NA","NA","NA","NA",16.1078431372549,0,35.6774595035858,3
"FLK","Falkland Islands",232.5,0,0,66752.7993109388,0,0,"2020-04-04",26,"NA","NA","NA","NA","NA","NA","NA","NA","NA"
"FRA","France",3367382.5,495249.5,495249.5,51588.8052721907,7587.29666637211,7587.29666637211,"2020-01-24",97,5052.78,-1,52,93,93.38,26.2250896057348,52,71.642008797654,52
"FRO","Faroe Islands",7250.5,0,0,148378.184794843,0,0,"2020-03-04",57,"NA","NA","NA","NA","NA","NA","NA","NA","NA"
"GAB","Gabon",3054,55.5,55.5,1372.13531932024,24.9356615004169,24.9356615004169,"2020-03-14",47,3897.055,-52,6,27,80.42,19.1839721254355,6,33.4344541231127,6
"GBR","United Kingdom",3090735.5,454607.5,454607.5,45528.3168530586,6696.63072229145,6696.63072229145,"2020-01-31",90,3703.765,2,52,55,79.63,21.7657657657658,51,54.503975242356,51
"GEO","Georgia",10757.5,101,101,2696.67287095703,25.318518239987,25.318518239987,"2020-02-26",64,5496.43,-29,17,34,100,19.0738636363636,20,55.6953480279655,19.5
"GHA","Ghana",24138,283.5,283.5,776.817260159924,9.12369265288501,9.12369265288501,"2020-03-14",47,3393.825,-50,3,16,85.85,19.1193181818182,15,36.9454786981311,15
"GIB","Gibraltar",4139,0,0,122851.800184025,0,0,"2020-03-04",57,"NA","NA","NA","NA","NA","NA","NA","NA","NA"
"GIN","Guinea",15311.5,80.5,80.5,1165.89831012324,6.12969427978453,6.12969427978453,"2020-03-13",48,"NA","NA","NA","NA","NA","NA","NA","NA","NA"
"GLP","Guadeloupe",5233.5,285,285,13079.5972278801,712.273853051656,712.273853051656,"2020-03-13",48,"NA","NA","NA","NA","NA","NA","NA","NA","NA"
"GMB","Gambia, The",262.5,38.5,38.5,108.620809512617,15.9310520618506,15.9310520618506,"2020-03-17",44,3870.8,-39,1,11,84.78,"NA","NA","NA","NA"
"GNB","Guinea-Bissau",1438.5,4.5,4.5,730.945864782383,2.28658768962164,2.28658768962164,"2020-03-25",36,"NA","NA","NA","NA","NA",0,"NA",20.5651133751248,-3.5
"GNQ","Equatorial Guinea",2839.5,8.5,8.5,2023.89904382442,6.05851096055909,6.05851096055909,"2020-03-15",46,"NA","NA","NA","NA","NA","NA","NA","NA","NA"
"GRC","Greece",76430.5,3357,3357,7332.83021793225,322.074447263835,322.074447263835,"2020-02-26",64,4401.39,-1,17,26,87.96,20.4688187820983,17,55.7708582259023,17
"GRD","Grenada",471,0,0,4185.95970458323,0,0,"2020-03-22",39,"NA","NA","NA","NA","NA","NA","NA","NA","NA"
"GRL","Greenland",405.5,0,0,7142.60550975833,0,0,"2020-03-16",45,3821.155,-14,2,33,83.73,"NA","NA","NA","NA"
"GTM","Guatemala",7345.5,213,213,410.006560216598,11.8891018073835,11.8891018073835,"2020-03-14",47,5055.985,-53,2,35,97.35,25.7512544802867,2,58.8128706419029,2
"GUF","French Guiana",3035,10.5,10.5,10161.3086828132,35.154445195894,35.154445195894,"2020-03-07",54,"NA","NA","NA","NA","NA","NA","NA","NA","NA"
"GUY","Guyana",1662,199.5,199.5,2113.00105904325,253.63640871187,253.63640871187,"2020-03-12",49,4103.8,-54,14,28,93.38,"NA","NA","NA","NA"
"HND","Honduras",13742.5,1091.5,1091.5,1387.4855016978,110.201231588368,110.201231588368,"2020-03-11",50,4747.74,-9,5,10,100,26.0989247311828,5,69.5600685678666,5
"HRV","Croatia",55030,1044.5,1044.5,13404.727779039,254.429187083523,254.429187083523,"2020-02-25",65,4856.29,-29,24,27,97.35,18.2150537634409,20,54.5351739627056,21
"HTI","Haiti",1420.5,88,88,124.577582893205,7.71758345272932,7.71758345272932,"2020-03-20",41,"NA","NA","NA","NA","NA",7.4,1,26.1372906369248,0.5
"HUN","Hungary",50982.5,4445,4445,5277.50029760826,460.128256222601,460.128256222601,"2020-03-04",57,3949.54,-5,7,24,78.44,16.7855072463768,11,45.172380720672,11
"IDN","Indonesia",171881,14660,14660,628.395454007243,53.596833598514,53.596833598514,"2020-03-02",59,4256.91,-59,24,53,74.88,14.3967582804792,16,37.4811628875269,17.5
"IMN","Isle of Man",7279.5,217.5,217.5,85608.9472198702,2557.8605701383,2557.8605701383,"2020-03-20",41,"NA","NA","NA","NA","NA","NA","NA","NA","NA"
"IND","India",440513.5,14066,14066,319.211666852783,10.1927212354474,10.1927212354474,"2020-01-30",91,4775.435,-4,48,52,100,26.3805555555556,51,67.2716666666667,51
"IRL","Ireland",378863,16340,16340,76727.1470915364,3309.16870603808,3309.16870603808,"2020-02-29",61,4192.665,-25,15,37,91.8,23.6985507246377,15,52.9740581150646,15.5
"IRN","Iran, Islamic Rep.",2736081,172680,172680,32575.1256775077,2055.88675992854,2055.88675992854,"2020-02-19",71,3327.115,1,32,46,65.34,"NA","NA","NA","NA"
"IRQ","Iraq",47820.5,2737.5,2737.5,1188.89915925918,68.0589171688296,68.0589171688296,"2020-02-24",66,5464.455,-5,3,31,97.35,14.7698863636364,22,53.3133890986471,20
"ISL","Iceland",60543.5,256,256,177416.84981685,750.18315018315,750.18315018315,"2020-02-28",62,3408.055,-36,17,21,56.61,"NA","NA","NA","NA"
"ISR","Israel",385638,3943,3943,44553.88750397,455.546337311556,455.546337311556,"2020-02-21",69,5162.825,-25,21,47,96.03,24.4086573734409,22,61.0011370126975,23
"ITA","Italy",6036881.5,746716.5,746716.5,99846.1624415325,12350.2137580094,12350.2137580094,"2020-01-31",90,6324.17,-8,23,72,94.58,25.1607843137255,39,69.2415069104565,39
"JAM","Jamaica",5182,156,156,1749.98927785419,52.6820392406897,52.6820392406897,"2020-03-11",50,4512.275,-40,2,47,85.31,18.4449275362319,4,44.6025901906397,3.5
"JOR","Jordan",14010.5,211,211,1373.15571480936,20.6799083419418,20.6799083419418,"2020-03-03",58,4507.65,0,15,15,100,24.5653409090909,14,71.1833336753508,14
"JPN","Japan",275528,6691,6691,2178.4923799811,52.9031260505414,52.9031260505414,"2020-01-15",106,3729.29,-8,54,79,53.3,9.19524200164069,83,18.1240143602884,83
"KAZ","Kazakhstan",46454,439.5,439.5,2474.02273465736,23.4066601774209,23.4066601774209,"2020-03-13",48,3727.08,-1,5,17,84.14,16.6729036729037,9,49.4699293788426,8
"KEN","Kenya",7435,294.5,294.5,138.270787576272,5.47689938684763,5.47689938684763,"2020-03-13",48,4230.095,-53,2,44,93.66,20.6895356895357,9,39.8600719513219,8.5
"KGZ","Kyrgyz Republic",13474,150,150,2065.23690063642,22.9913563229525,22.9913563229525,"2020-03-18",43,4671.195,-56,-1,7,87.31,22.0880110880111,4,66.5516634552,3.5
"KHM","Cambodia",4781,0,0,285.962575089101,0,0,"2020-01-27",94,"NA","NA","NA","NA","NA",9.65909090909091,50,30.2350059939269,50
"KNA","St. Kitts and Nevis",402.5,0,0,7566.92735749737,0,0,"2020-03-25",36,"NA","NA","NA","NA","NA","NA","NA","NA","NA"
"KOR","Korea, Rep.",567125.5,9098,9098,11061.7229847411,177.455529182121,177.455529182121,"2020-01-20",101,5196.23,11,34,77,83.46,4.09109730848861,32,13.7643793336288,67
"KWT","Kuwait",53681,221,221,12570.0054067813,51.7496170879577,51.7496170879577,"2020-02-24",66,4903.495,-32,16,63,91.01,21.1492753623188,20,51.1561676860394,18
"LAO","Lao PDR",543.5,0,0,74.7021945814176,0,0,"2020-03-24",37,3546.355,-13,6,6,97.35,13.2959112959113,0,41.0026862936009,2
"LBN","Lebanon",23773.5,714,714,3483.07113297571,104.608609962549,104.608609962549,"2020-02-21",69,4663.685,-8,24,26,89.41,15.8563869992441,20,53.9115339188072,20
"LBR","Liberia",2026.5,194,194,400.67801878214,38.3575305421837,38.3575305421837,"2020-03-16",45,3269.995,-2,6,27,80.29,"NA","NA","NA","NA"
"LBY","Libya",1182.5,36.5,36.5,172.092942704911,5.31195975368224,5.31195975368224,"2020-03-24",37,4059.915,-10,-8,24,100,14.3565891472868,-6,41.487117394879,-6
"LCA","St. Lucia",499.5,0,0,2720.15858061635,0,0,"2020-03-14",47,"NA","NA","NA","NA","NA","NA","NA","NA","NA"
"LIE","Liechtenstein",3024,26.5,26.5,79293.0749665679,694.86325615544,694.86325615544,"2020-03-04",57,"NA","NA","NA","NA","NA",0,"NA",27.444193310693,12
"LKA","Sri Lanka",10240.5,195.5,195.5,478.231935834121,9.12986118407995,9.12986118407995,"2020-01-27",94,4759.975,-1,47,61,100,33.9188405797101,48,74.0333069533798,50.5
"LTU","Lithuania",36416.5,869.5,869.5,13377.1518180826,319.400093524168,319.400093524168,"2020-02-28",62,"NA","NA","NA","NA","NA",15.5652173913043,16,47.7317523056654,16
"LUX","Luxembourg",114635,2060,2060,183130.024154281,3290.86099147571,3290.86099147571,"2020-02-29",61,3974.36,5,15,17,82.27,27.5181818181818,15,62.0119792575779,15.5
"LVA","Latvia",22997,177.5,177.5,12192.2254350276,94.1044490462846,94.1044490462846,"2020-03-02",59,"NA","NA","NA","NA","NA",11.9028985507246,13,32.9513030538302,13
"MAF","St. Martin (French part)",1118,64.5,64.5,28919.5271476241,1668.43425851677,1668.43425851677,"2020-03-09",52,"NA","NA","NA","NA","NA","NA","NA","NA","NA"
"MAR","Morocco",73413.5,3720,3720,1988.9566557081,100.784171293211,100.784171293211,"2020-03-02",59,4156.66,2,18,23,93.38,"NA","NA","NA","NA"
"MCO","Monaco",2992.5,71,71,76253.6948323311,1809.19376210376,1809.19376210376,"2020-02-29",61,"NA","NA","NA","NA","NA","NA","NA","NA","NA"
"MDA","Moldova",63096.5,1554,1554,15641.3184751571,385.229115884305,385.229115884305,"2020-03-08",53,4258.68,-13,3,16,90.74,16.8985507246377,7,52.91642680147,7
"MDG","Madagascar",3350,0,0,120.977852060988,0,0,"2020-03-20",41,3580.005,-5,1,16,94.84,"NA","NA","NA","NA"
"MDV","Maldives",2574,1.5,1.5,4761.88714290471,2.77499250752023,2.77499250752023,"2020-03-08",53,"NA","NA","NA","NA","NA","NA","NA","NA","NA"
"MEX","Mexico",228031,18596.5,18596.5,1768.60413428076,144.234103184006,144.234103184006,"2020-02-28",62,3169.075,0,25,31,85.45,17.7560637560638,23,46.5377320971152,21.5
"MKD","North Macedonia",30826.5,1284.5,1284.5,14796.3885608962,616.546189365358,616.546189365358,"2020-02-26",64,"NA","NA","NA","NA","NA",19.3595011005136,17,55.6018722598416,17
"MLI","Mali",5759,374,374,284.383349347489,18.4683751790173,18.4683751790173,"2020-03-25",36,2925.365,-7,0,0,76.19,9.96944444444445,0,19.9207299753449,0
"MLT","Malta",12573.5,69,69,28476.5332167713,156.271586428379,156.271586428379,"2020-03-07",54,"NA","NA","NA","NA","NA",22.5159420289855,8,57.7705984771885,7
"MMR","Myanmar",2387.5,108,108,43.8799676396496,1.98493675605535,1.98493675605535,"2020-03-27",34,4022.93,-81,-1,21,85.06,16.3616724738676,-1,44.8491986062718,-1
"MNE","Montenegro",8729,128.5,128.5,13898.3094025749,204.597635265308,204.597635265308,"2020-03-17",44,"NA","NA","NA","NA","NA","NA","NA","NA","NA"
"MNG","Mongolia",915,0,0,279.10875541288,0,0,"2020-03-10",51,5939.65,-69,-43,26,67.99,-5.31652661064426,17,15.7931221162224,18.5
"MOZ","Mozambique",1080,0,0,34.5539903699949,0,0,"2020-03-22",39,2489.955,-40,6,10,53.83,13.2105263157895,1,24.6868693320346,1.5
"MRT","Mauritania",246,31.5,31.5,52.9070942821626,6.77468890198423,6.77468890198423,"2020-03-14",47,3599.545,-38,5,15,80.95,"NA","NA","NA","NA"
"MSR","Montserrat",318.5,6.5,6.5,63712.7425485097,1300.2600520104,1300.2600520104,"2020-03-18",43,"NA","NA","NA","NA","NA","NA","NA","NA","NA"
"MTQ","Martinique",5629,273,273,15000.0666195888,727.485909956964,727.485909956964,"2020-03-07",54,"NA","NA","NA","NA","NA","NA","NA","NA","NA"
"MUS","Mauritius",9589,276,276,7539.9031426354,217.020885114962,217.020885114962,"2020-03-18",43,3564.9,0,2,31,91.4,30.0686274509804,1,82.0672268907563,1
"MWI","Malawi",509.5,51.5,51.5,26.6336225046008,2.69211297151509,2.69211297151509,"2020-04-02",28,2461.805,-51,-10,16,56.61,"NA","NA","NA","NA"
"MYS","Malaysia",170242,2606,2606,5259.90269170751,80.5165964602729,80.5165964602729,"2020-01-25",96,4288.275,-9,53,53,71.03,34.0568181818182,52,68.7462209302326,52
"MYT","Mayotte",7995.5,91,91,29307.6209711414,333.561817068835,333.561817068835,"2020-03-15",46,"NA","NA","NA","NA","NA","NA","NA","NA","NA"
"NAM","Namibia",561,0,0,220.786519507138,0,0,"2020-03-14",47,3003.335,-13,3,34,75.79,20.2156862745098,13,48.0627710596434,13
"NCL","New Caledonia",662,0,0,2318.81215169655,0,0,"2020-03-19",42,"NA","NA","NA","NA","NA","NA","NA","NA","NA"
"NER","Niger",14842.5,506,506,613.158309151259,20.9033588971223,20.9033588971223,"2020-03-20",41,2651.445,-7,0,8,61.51,12.6978516978517,4,24.1674489606197,2
"NGA","Nigeria",19385,556,556,94.0382208100572,2.69720148415743,2.69720148415743,"2020-02-28",62,4419.805,-58,29,60,81.5,24.2361111111111,26,49.8382700690765,26
"NIC","Nicaragua",295,54.5,54.5,44.5312997675013,8.2269689400977,8.2269689400977,"2020-03-19",42,805.505,-27,"NA",27,16.67,10.327731092437,0,28.5159118634305,0.5
"NLD","Netherlands",924688,97967.5,97967.5,53965.2672068244,5717.43368042471,5717.43368042471,"2020-02-27",63,3972.095,8,17,33,84.65,14.3884057971015,17,39.4251802291969,17
"NOR","Norway",247910,4387,4387,45729.373453537,809.224159334706,809.224159334706,"2020-02-26",64,4180.645,-26,15,27,79.63,14.0869236583522,15,39.7066869414432,15
"NPL","Nepal",855.5,0,0,29.3614866803529,0,0,"2020-01-25",96,4737.305,-24,57,59,95.24,22.8684210526316,58,72.0105263157895,58
"NZL","New Zealand",41758.5,265.5,265.5,8659.57741983848,55.0574806318981,55.0574806318981,"2020-02-28",62,4739.015,-26,22,27,97.35,28.8421052631579,24,76.2013505002979,24
"OMN","Oman",32750,159.5,159.5,6413.24147352203,31.2339546573057,31.2339546573057,"2020-02-24",66,4890.575,-35,22,46,94.71,17.5715292459479,23,49.9297778547642,23
"PAK","Pakistan",237587.5,4437.5,4437.5,1075.58057323412,20.0889726678651,20.0889726678651,"2020-02-26",64,4841.19,-26,16,29,97.35,18.4060984060984,25,54.2545163000041,24
"PAN","Panama",116738,3129,3129,27055.4523441353,725.183833754213,725.183833754213,"2020-03-10",51,4205.59,-49,6,39,83.6,34.3295454545455,7,73.1634097544078,7
"PER","Peru",400158,10672.5,10672.5,12136.3541489306,323.685243464985,323.685243464985,"2020-03-06",55,4683.245,-1,8,12,96.03,36.584229390681,10,81.6303007635967,10
"PHL","Philippines",170975,10504,10504,1560.26014891165,95.8559590827194,95.8559590827194,"2020-01-30",91,5688.72,-6,45,48,97.22,30.5906810035842,46,69.9397796513522,46
"PNG","Papua New Guinea",147,0,0,16.4300387156538,0,0,"2020-03-20",41,3646.68,-53,4,29,83.07,10.1193181818182,3,20.9119367603501,3
"POL","Poland",245015.5,9212,9212,6473.90961487827,243.403602515998,243.403602515998,"2020-03-04",57,4181.355,-41,10,36,88.09,16.3786848072562,8,49.2659025743362,8
"PRT","Portugal",567438.5,18319.5,18319.5,55649.1914497494,1796.60943479106,1796.60943479106,"2020-03-02",59,4495.52,-36,17,38,90.61,27.8101449275362,13,70.6310521828751,12
"PRY","Paraguay",5459,225,225,765.366566982543,31.5456086409731,31.5456086409731,"2020-03-08",53,5095.655,-45,5,32,96.03,24.6939068100358,8,57.9731969064656,7
"PSE","West Bank and Gaza",9780,56,56,1917.11477754412,10.977344329496,10.977344329496,"2020-03-05",56,5192.735,-12,0,54,97.35,"NA","NA","NA","NA"
"PYF","French Polynesia",1852,0,0,6592.99974368468,0,0,"2020-03-13",48,"NA","NA","NA","NA","NA","NA","NA","NA","NA"
"QAT","Qatar",160423.5,215,215,55682.1100567152,74.6253115172888,74.6253115172888,"2020-02-29",61,4802.17,-36,17,28,91.54,19.6781362007168,16,45.7867079376781,16.5
"REU","Reunion",12904,0,0,14412.917119025,0,0,"2020-03-11",50,"NA","NA","NA","NA","NA","NA","NA","NA","NA"
"ROU","Romania",231585,11585.5,11585.5,12038.0927390317,602.229520167762,602.229520167762,"2020-02-26",64,4674.87,-30,14,34,88.36,17.4304347826087,18,55.9319755385594,18
"RUS","Russian Federation",1088472,9640.5,9640.5,7458.63588353292,66.060476737297,66.060476737297,"2020-01-31",90,4216.09,-1,48,59,92.86,"NA","NA","NA","NA"
"RWA","Rwanda",4722.5,0,0,364.609619872564,0,0,"2020-03-14",47,5341.44,-53,2,7,100,27.2416666666667,7,57.4221263571264,7
"SAU","Saudi Arabia",262985.5,2445,2445,7554.04448463022,70.2306353959473,70.2306353959473,"2020-03-02",59,4766.785,-32,13,55,94.18,21.3410852713178,16,55.6398757707634,16
"SDN","Sudan",2841,287.5,287.5,64.7901336736081,6.55655171811416,6.55655171811416,"2020-03-13",48,4031.955,-45,3,31,84.26,"NA","NA","NA","NA"
"SEN","Senegal",13002.5,113.5,113.5,776.550069189253,6.77857587794502,6.77857587794502,"2020-03-02",59,2967.185,12,18,21,66.67,15.1254331254331,20,35.3099670442353,18.5
"SGP","Singapore",193988.5,299.5,299.5,33158.4831863704,51.1935795901198,51.1935795901198,"2020-01-23",98,4532.685,-21,71,82,87.83,29.5833333333333,74,49.3707704928378,74
"SLE","Sierra Leone",1047,24.5,24.5,131.252597315903,3.07133584932152,3.07133584932152,"2020-03-31",30,2876.23,-15,0,5,90.08,"NA","NA","NA","NA"
"SLV","El Salvador",5291.5,177,177,815.808822452465,27.2887010439547,27.2887010439547,"2020-03-19",42,5193.585,-56,-3,33,96.03,29.2487667371388,-1,67.6063269296443,-0.5
"SMR","San Marino",15233.5,1391.5,1391.5,448862.631858094,41001.237550828,41001.237550828,"2020-02-27",63,4940.08,-4,10,50,92.06,"NA","NA","NA","NA"
"SOM","Somalia",5042.5,232,232,317.273675018258,14.5974204470473,14.5974204470473,"2020-03-16",45,2412.425,-2,5,26,59.39,"NA","NA","NA","NA"
"SPM","Saint Pierre and Miquelon",25.5,0,0,4400.34512510785,0,0,"2020-04-05",25,"NA","NA","NA","NA","NA","NA","NA","NA","NA"
"SRB","Serbia",151355.5,3040.5,3040.5,17322.7756178347,347.988010122039,347.988010122039,"2020-03-06",55,4863.57,-44,9,15,100,19.9928315412186,10,62.0545291625937,10.5
"SSD","South Sudan",173.5,0,0,15.4997499046118,0,0,"2020-04-05",25,3653.745,-41,-16,7,90.74,"NA","NA","NA","NA"
"STP","Sao Tome and Principe",111,0,0,506.476973549126,0,0,"2020-04-06",24,"NA","NA","NA","NA","NA","NA","NA","NA","NA"
"SUR","Suriname",383,27.5,27.5,652.877262483934,46.8776102305697,46.8776102305697,"2020-03-14",47,3389.185,-1,2,23,83.07,"NA","NA","NA","NA"
"SVK","Slovak Republic",31005,252.5,252.5,5678.94274405854,46.2484451822216,46.2484451822216,"2020-03-06",55,4345.85,-39,6,33,90.74,15.572940287226,6,43.1599159627983,6
"SVN","Slovenia",44499.5,1783.5,1783.5,21404.9810191002,857.892417837621,857.892417837621,"2020-03-05",56,4169.01,-1,11,25,91.93,19.6927536231884,10,55.6444224259752,8
"SWE","Sweden",411538,38992,38992,40749.2818787893,3860.87311261111,3860.87311261111,"2020-01-31",90,1929.375,38,"NA",84,47.35,8.1536231884058,44,29.359469239739,44
"SWZ","Eswatini",868,14.5,14.5,748.170086298144,12.4982330084367,12.4982330084367,"2020-03-14",47,3463.46,-14,13,13,81.48,"NA","NA","NA","NA"
"SXM","Sint Maarten (Dutch part)",1611.5,251.5,251.5,37579.8703418684,5864.93167296301,5864.93167296301,"2020-03-20",41,"NA","NA","NA","NA","NA","NA","NA","NA","NA"
"SYC","Seychelles",430.5,0,0,4377.66931055522,0,0,"2020-03-14",47,4198.845,-73,16,26,94.58,"NA","NA","NA","NA"
"SYR","Syrian Arab Republic",951.5,75.5,75.5,54.3693873892849,4.31412374975408,4.31412374975408,"2020-03-22",39,3835.625,-50,-2,10,84.13,"NA","NA","NA","NA"
"TCA","Turks and Caicos Islands",294,25.5,25.5,7593.36742600341,658.608399194173,658.608399194173,"2020-03-28",33,"NA","NA","NA","NA","NA","NA","NA","NA","NA"
"TCD","Chad",795.5,6.5,6.5,48.4297350902622,0.395717508594223,0.395717508594223,"2020-03-19",42,2447.115,-12,25,25,88.23,"NA","NA","NA","NA"
"TGO","Togo",2533,133.5,133.5,305.964545074931,16.1256481514028,16.1256481514028,"2020-03-06",55,"NA","NA","NA","NA","NA",15.5611111111111,15,26.0910776160776,15
"THA","Thailand",90179,1227,1227,1291.96315792535,17.5788021022012,17.5788021022012,"2020-01-14",107,3491.04,52,67,85,83.21,13.4407484407484,68,35.5191506274433,67
"TLS","Timor-Leste",363,0,0,275.324966892742,0,0,"2020-03-22",39,"NA","NA","NA","NA","NA","NA","NA","NA","NA"
"TTO","Trinidad and Tobago",4014,241,241,2868.18564749613,172.205466130186,172.205466130186,"2020-03-14",47,4081.67,-44,3,45,93.38,20.5965909090909,3,62.7013138024766,3.5
"TUN","Tunisia",25035,983.5,983.5,2118.26797346356,83.2161594528227,83.2161594528227,"2020-03-04",57,4265.445,0,14,17,90.61,"NA","NA","NA","NA"
"TUR","Turkey",2096881,48981,48981,24862.5112250767,580.762886551733,580.762886551733,"2020-03-11",50,4301.47,-47,5,17,80.42,21.7755681818182,6,59.1232221407625,6
"TWN","Taiwan",16218,231,231,680.948617098663,9.69904615549334,9.69904615549334,"2020-01-21",100,2888.56,-19,"NA",58,32.01,0,"NA",2.77045430179577,53.5
"TZA","Tanzania",4498,164,164,75.3002303721654,2.74549528257784,2.74549528257784,"2020-03-16",45,1983.96,-2,27,27,50.4,8.24679487179487,21,18.6378962175391,22.5
"UGA","Uganda",1966.5,0,0,42.9920640125926,0,0,"2020-03-21",40,4399.675,-61,4,9,92.59,27.925,4,57.0270676133029,4
"UKR","Ukraine",135282,3581.5,3581.5,3093.30830674765,81.8932577919954,81.8932577919954,"2020-03-03",58,4460.42,0,9,15,92.06,"NA","NA","NA","NA"
"URY","Uruguay",17845.5,275.5,275.5,5137.27762717105,79.3096291101747,79.3096291101747,"2020-03-13",48,3359.07,0,1,20,76.98,17.9376375641966,1,50.6159917636423,0.5
"USA","United States",20071498.5,1009359,1009359,60921.2521452461,3063.61850083458,3063.61850083458,"2020-01-22",99,3581.905,11,54,77,71.58,17.1663082437276,54,40.1780958404867,54
"UZB","Uzbekistan",35095.5,148.5,148.5,1048.59097464508,4.43691526648128,4.43691526648128,"2020-03-15",46,4626.85,-54,1,44,94.58,"NA","NA","NA","NA"
"VAT","Vatican",299.5,0,0,370210.135970334,0,0,"2020-03-06",55,"NA","NA","NA","NA","NA","NA","NA","NA","NA"
"VCT","St. Vincent and the Grenadines",339,0,0,3055.5129926902,0,0,"2020-03-14",47,"NA","NA","NA","NA","NA","NA","NA","NA","NA"
"VEN","Venezuela, RB",7974.5,269,269,280.437332428188,9.4598586021923,9.4598586021923,"2020-03-14",47,4167.14,-15,-1,4,84.26,19.9739130434783,1,59.2492286115007,1
"VGB","British Virgin Islands",127,11.5,11.5,4200.15213149453,380.328736316434,380.328736316434,"2020-03-28",33,"NA","NA","NA","NA","NA","NA","NA","NA","NA"
"VNM","Vietnam",10573,0,0,108.620853870453,0,0,"2020-01-23",98,5467.84,2,62,69,97.35,9.67456445993031,63,29.3804702694086,63
"XKX","Kosovo",13230,324,324,7307.91453219957,178.969335482438,178.969335482438,"2020-03-26",35,4571.755,-18,-13,-2,94.71,"NA","NA","NA","NA"
"YEM","Yemen, Rep.",28,1,1,0.938779254373236,0.03352783051333,0.03352783051333,"2020-04-10",20,"NA","NA","NA","NA","NA",3.18606271777004,-21,12.1268767969139,-20
"ZAF","South Africa",95393.5,1323.5,1323.5,1608.42365596003,22.3154482083486,22.3154482083486,"2020-03-05",56,4067.37,-42,13,21,91.4,31.2926829268293,21,64.9181881533101,21
"ZMB","Zambia",1895,60.5,60.5,103.079010850548,3.29091301132357,3.29091301132357,"2020-03-18",43,2602.155,-26,22,28,62.45,9.4404181184669,8,15.6518181885415,8
"ZWE","Zimbabwe",651,93,93,43.8002554947622,6.25717935639461,6.25717935639461,"2020-03-20",41,3950.915,-53,3,10,91.4,35.7471590909091,9,62.9568181818182,9
