# @source="réseau Sentinelles, INSERM, Sorbonne Université, http://www.sentiweb.fr", @meta={"period":[199049,201842],"geo":["PAY","1"],"geo_ref":"insee","indicator":"7","type":"all","conf_int":true,"compact":false}, @date=2018-10-29T17:16:15+01:00
week,indicator,inc,inc_low,inc_up,inc100,inc100_low,inc100_up,geo_insee,geo_name
201842,7,4631,2475,6787,7,4,10,FR,France
201841,7,2956,1207,4705,4,1,7,FR,France
201840,7,3858,1827,5889,6,3,9,FR,France
201839,7,2584,870,4298,4,1,7,FR,France
201838,7,2401,761,4041,4,2,6,FR,France
201837,7,1891,501,3281,3,1,5,FR,France
201836,7,559,0,1335,1,0,2,FR,France
201835,7,872,0,1916,1,0,3,FR,France
201834,7,3736,1415,6057,6,2,10,FR,France
201833,7,3803,1130,6476,6,2,10,FR,France
201832,7,3225,1155,5295,5,2,8,FR,France
201831,7,6610,3565,9655,10,5,15,FR,France
201830,7,9338,5780,12896,14,9,19,FR,France
201829,7,8513,5059,11967,13,8,18,FR,France
201828,7,12115,7907,16323,18,12,24,FR,France
201827,7,13986,9745,18227,21,15,27,FR,France
201826,7,15317,11019,19615,23,16,30,FR,France
201825,7,11282,7840,14724,17,12,22,FR,France
201824,7,16554,12219,20889,25,18,32,FR,France
201823,7,9511,6385,12637,14,9,19,FR,France
201822,7,15972,11793,20151,24,18,30,FR,France
201821,7,10909,7627,14191,17,12,22,FR,France
201820,7,13417,9692,17142,20,14,26,FR,France
201819,7,16718,12351,21085,25,18,32,FR,France
201818,7,16120,11128,21112,25,17,33,FR,France
201817,7,16154,11960,20348,25,19,31,FR,France
201816,7,18341,13836,22846,28,21,35,FR,France
201815,7,17946,13622,22270,27,20,34,FR,France
201814,7,15036,10780,19292,23,17,29,FR,France
201813,7,16373,12472,20274,25,19,31,FR,France
201812,7,18819,14373,23265,29,22,36,FR,France
201811,7,15478,11427,19529,24,18,30,FR,France
201810,7,15753,11901,19605,24,18,30,FR,France
201809,7,13217,9653,16781,20,15,25,FR,France
201808,7,13390,9832,16948,20,15,25,FR,France
201807,7,13453,10096,16810,20,15,25,FR,France
201806,7,15491,11679,19303,24,18,30,FR,France
201805,7,15078,11374,18782,23,17,29,FR,France
201804,7,14562,10973,18151,22,17,27,FR,France
201803,7,7972,5473,10471,12,8,16,FR,France
201802,7,10976,7974,13978,17,12,22,FR,France
201801,7,11471,8430,14512,17,12,22,FR,France
201752,7,11120,7732,14508,17,12,22,FR,France
201751,7,8055,5279,10831,12,8,16,FR,France
201750,7,10095,7184,13006,15,11,19,FR,France
201749,7,11214,8103,14325,17,12,22,FR,France
201748,7,8686,5706,11666,13,8,18,FR,France
201747,7,8741,5969,11513,13,9,17,FR,France
201746,7,5708,3483,7933,9,6,12,FR,France
201745,7,4902,2777,7027,8,5,11,FR,France
201744,7,5645,3125,8165,9,5,13,FR,France
201743,7,6892,3966,9818,11,7,15,FR,France
201742,7,4490,2218,6762,7,4,10,FR,France
201741,7,2516,1110,3922,4,2,6,FR,France
201740,7,4902,2504,7300,8,4,12,FR,France
201739,7,2901,917,4885,4,1,7,FR,France
201738,7,2138,736,3540,3,1,5,FR,France
201737,7,2360,700,4020,4,1,7,FR,France
201736,7,1903,450,3356,3,1,5,FR,France
201735,7,3419,1409,5429,5,2,8,FR,France
201734,7,3886,1559,6213,6,2,10,FR,France
201733,7,3133,829,5437,5,1,9,FR,France
201732,7,4194,1599,6789,6,2,10,FR,France
201731,7,7130,3572,10688,11,6,16,FR,France
201730,7,7368,3708,11028,11,5,17,FR,France
201729,7,15320,10560,20080,24,17,31,FR,France
201728,7,14764,9589,19939,23,15,31,FR,France
201727,7,12000,7980,16020,18,12,24,FR,France
201726,7,11914,8364,15464,18,13,23,FR,France
201725,7,16264,12303,20225,25,19,31,FR,France
201724,7,16473,12221,20725,25,18,32,FR,France
201723,7,15607,11196,20018,24,17,31,FR,France
201722,7,19102,14187,24017,29,21,37,FR,France
201721,7,21160,15647,26673,32,24,40,FR,France
201720,7,19412,14439,24385,30,22,38,FR,France
201719,7,20724,15468,25980,32,24,40,FR,France
201718,7,14497,10154,18840,22,15,29,FR,France
201717,7,17548,12284,22812,27,19,35,FR,France
201716,7,14963,10491,19435,23,16,30,FR,France
201715,7,16400,11762,21038,25,18,32,FR,France
201714,7,18892,13332,24452,29,20,38,FR,France
201713,7,21702,16488,26916,33,25,41,FR,France
201712,7,18534,14161,22907,28,21,35,FR,France
201711,7,18361,12709,24013,28,19,37,FR,France
201710,7,10218,6896,13540,16,11,21,FR,France
201709,7,12248,8571,15925,19,13,25,FR,France
201708,7,14721,10712,18730,23,17,29,FR,France
201707,7,10991,7538,14444,17,12,22,FR,France
201706,7,9627,6502,12752,15,10,20,FR,France
201705,7,8885,6064,11706,14,10,18,FR,France
201704,7,9227,6249,12205,14,9,19,FR,France
201703,7,8791,6072,11510,13,9,17,FR,France
201702,7,9034,6097,11971,14,9,19,FR,France
201701,7,7803,5142,10464,12,8,16,FR,France
201652,7,7665,4768,10562,12,8,16,FR,France
201651,7,9916,5966,13866,15,9,21,FR,France
201650,7,8866,5849,11883,14,9,19,FR,France
201649,7,7919,5039,10799,12,8,16,FR,France
201648,7,6906,4242,9570,11,7,15,FR,France
201647,7,6877,4083,9671,11,7,15,FR,France
201646,7,4683,2458,6908,7,4,10,FR,France
201645,7,3807,1499,6115,6,2,10,FR,France
201644,7,4879,2029,7729,7,3,11,FR,France
201643,7,9264,4949,13579,14,7,21,FR,France
201642,7,7301,3877,10725,11,6,16,FR,France
201641,7,5849,2950,8748,9,5,13,FR,France
201640,7,5023,2267,7779,8,4,12,FR,France
201639,7,2437,595,4279,4,1,7,FR,France
201638,7,2550,0,5121,4,0,8,FR,France
201637,7,3031,501,5561,5,1,9,FR,France
201636,7,1621,33,3209,2,0,4,FR,France
201635,7,1554,38,3070,2,0,4,FR,France
201634,7,3089,711,5467,5,1,9,FR,France
201633,7,3373,671,6075,5,1,9,FR,France
201632,7,4670,936,8404,7,1,13,FR,France
201631,7,13619,5986,21252,21,9,33,FR,France
201630,7,14149,8423,19875,22,13,31,FR,France
201629,7,15769,9829,21709,24,15,33,FR,France
201628,7,19968,12709,27227,31,20,42,FR,France
201627,7,23790,16940,30640,37,26,48,FR,France
201626,7,26083,19873,32293,40,30,50,FR,France
201625,7,19250,13742,24758,30,22,38,FR,France
201624,7,16465,11779,21151,25,18,32,FR,France
201623,7,21642,16030,27254,33,24,42,FR,France
201622,7,21913,16307,27519,34,25,43,FR,France
201621,7,22707,16878,28536,35,26,44,FR,France
201620,7,20389,14741,26037,31,22,40,FR,France
201619,7,19685,14453,24917,30,22,38,FR,France
201618,7,19785,14138,25432,30,21,39,FR,France
201617,7,20489,14781,26197,31,22,40,FR,France
201616,7,23848,18353,29343,37,29,45,FR,France
201615,7,30982,24510,37454,48,38,58,FR,France
201614,7,30996,24507,37485,48,38,58,FR,France
201613,7,20260,15476,25044,31,24,38,FR,France
201612,7,19129,14501,23757,29,22,36,FR,France
201611,7,16660,12252,21068,26,19,33,FR,France
201610,7,16812,12677,20947,26,20,32,FR,France
201609,7,18118,13735,22501,28,21,35,FR,France
201608,7,17557,13397,21717,27,21,33,FR,France
201607,7,22222,17422,27022,34,27,41,FR,France
201606,7,24486,19563,29409,38,30,46,FR,France
201605,7,20906,16470,25342,32,25,39,FR,France
201604,7,17717,13394,22040,27,20,34,FR,France
201603,7,17146,13088,21204,26,20,32,FR,France
201602,7,9960,6845,13075,15,10,20,FR,France
201601,7,16221,12114,20328,25,19,31,FR,France
201553,7,14386,10110,18662,22,15,29,FR,France
201552,7,12550,8407,16693,19,13,25,FR,France
201551,7,16168,11913,20423,25,18,32,FR,France
201550,7,14600,10277,18923,23,16,30,FR,France
201549,7,10580,7148,14012,16,11,21,FR,France
201548,7,6694,3816,9572,10,6,14,FR,France
201547,7,7224,4543,9905,11,7,15,FR,France
201546,7,6377,3768,8986,10,6,14,FR,France
201545,7,7838,4650,11026,12,7,17,FR,France
201544,7,10638,7012,14264,16,10,22,FR,France
201543,7,8228,4766,11690,13,8,18,FR,France
201542,7,6730,3669,9791,10,5,15,FR,France
201541,7,8455,5347,11563,13,8,18,FR,France
201540,7,6242,3556,8928,10,6,14,FR,France
201539,7,5142,2663,7621,8,4,12,FR,France
201538,7,4845,2170,7520,8,4,12,FR,France
201537,7,1710,315,3105,3,1,5,FR,France
201536,7,3852,1413,6291,6,2,10,FR,France
201535,7,3158,1104,5212,5,2,8,FR,France
201534,7,6626,2734,10518,10,4,16,FR,France
201533,7,3005,815,5195,5,2,8,FR,France
201532,7,4592,1514,7670,7,2,12,FR,France
201531,7,5901,2320,9482,9,3,15,FR,France
201530,7,11437,6572,16302,18,10,26,FR,France
201529,7,16251,10104,22398,25,15,35,FR,France
201528,7,19181,12819,25543,30,20,40,FR,France
201527,7,20526,14918,26134,32,23,41,FR,France
201526,7,20491,15043,25939,32,24,40,FR,France
201525,7,18253,13349,23157,28,20,36,FR,France
201524,7,20522,15347,25697,32,24,40,FR,France
201523,7,22298,16988,27608,35,27,43,FR,France
201522,7,16681,11603,21759,26,18,34,FR,France
201521,7,19208,13976,24440,30,22,38,FR,France
201520,7,15791,10998,20584,24,17,31,FR,France
201519,7,17661,12845,22477,27,20,34,FR,France
201518,7,18126,13142,23110,28,20,36,FR,France
201517,7,22059,16386,27732,34,25,43,FR,France
201516,7,22837,17103,28571,35,26,44,FR,France
201515,7,20116,14743,25489,31,23,39,FR,France
201514,7,19969,14683,25255,31,23,39,FR,France
201513,7,14076,10028,18124,22,16,28,FR,France
201512,7,13120,9230,17010,20,14,26,FR,France
201511,7,12073,8302,15844,19,13,25,FR,France
201510,7,11340,7811,14869,18,13,23,FR,France
201509,7,9509,6202,12816,15,10,20,FR,France
201508,7,10045,6921,13169,16,11,21,FR,France
201507,7,13810,9930,17690,21,15,27,FR,France
201506,7,14586,10675,18497,23,17,29,FR,France
201505,7,8379,5519,11239,13,9,17,FR,France
201504,7,12373,8955,15791,19,14,24,FR,France
201503,7,8408,5545,11271,13,9,17,FR,France
201502,7,9656,6569,12743,15,10,20,FR,France
201501,7,15419,10638,20200,24,17,31,FR,France
201452,7,12109,7254,16964,19,11,27,FR,France
201451,7,13237,9282,17192,21,15,27,FR,France
201450,7,12272,8434,16110,19,13,25,FR,France
201449,7,6652,4023,9281,10,6,14,FR,France
201448,7,3785,1414,6156,6,2,10,FR,France
201447,7,4213,2058,6368,7,4,10,FR,France
201446,7,2638,808,4468,4,1,7,FR,France
201445,7,5138,2609,7667,8,4,12,FR,France
201444,7,7639,4394,10884,12,7,17,FR,France
201443,7,9721,6051,13391,15,9,21,FR,France
201442,7,7702,4827,10577,12,8,16,FR,France
201441,7,7853,4576,11130,12,7,17,FR,France
201440,7,5643,2875,8411,9,5,13,FR,France
201439,7,3067,959,5175,5,2,8,FR,France
201438,7,1431,130,2732,2,0,4,FR,France
201437,7,1034,0,2338,2,0,4,FR,France
201436,7,2765,707,4823,4,1,7,FR,France
201435,7,3052,734,5370,5,1,9,FR,France
201434,7,6443,1010,11876,10,2,18,FR,France
201433,7,5893,1698,10088,9,2,16,FR,France
201432,7,5574,1636,9512,9,3,15,FR,France
201431,7,11224,5825,16623,17,9,25,FR,France
201430,7,13856,7742,19970,22,12,32,FR,France
201429,7,13818,8249,19387,22,13,31,FR,France
201428,7,14452,8576,20328,23,14,32,FR,France
201427,7,10934,6552,15316,17,10,24,FR,France
201426,7,13972,9090,18854,22,14,30,FR,France
201425,7,15684,10131,21237,24,15,33,FR,France
201424,7,21981,15632,28330,34,24,44,FR,France
201423,7,24015,16956,31074,37,26,48,FR,France
201422,7,19748,13406,26090,31,21,41,FR,France
201421,7,18296,12087,24505,28,18,38,FR,France
201420,7,17693,11979,23407,28,19,37,FR,France
201419,7,18515,12667,24363,29,20,38,FR,France
201418,7,22172,15443,28901,35,25,45,FR,France
201417,7,22727,16224,29230,35,25,45,FR,France
201416,7,17010,11590,22430,26,18,34,FR,France
201415,7,20239,14242,26236,32,23,41,FR,France
201414,7,17565,12341,22789,27,19,35,FR,France
201413,7,17723,12128,23318,28,19,37,FR,France
201412,7,14097,9068,19126,22,14,30,FR,France
201411,7,15073,10122,20024,23,15,31,FR,France
201410,7,16941,11407,22475,26,17,35,FR,France
201409,7,15621,10397,20845,24,16,32,FR,France
201408,7,19870,14111,25629,31,22,40,FR,France
201407,7,15327,10359,20295,24,16,32,FR,France
201406,7,16534,11424,21644,26,18,34,FR,France
201405,7,12071,7897,16245,19,12,26,FR,France
201404,7,15767,10826,20708,25,17,33,FR,France
201403,7,12852,8190,17514,20,13,27,FR,France
201402,7,12465,7896,17034,19,12,26,FR,France
201401,7,22504,15572,29436,35,24,46,FR,France
201352,7,13843,8314,19372,22,13,31,FR,France
201351,7,12787,7843,17731,20,12,28,FR,France
201350,7,11421,7184,15658,18,11,25,FR,France
201349,7,10146,6171,14121,16,10,22,FR,France
201348,7,6708,3361,10055,11,6,16,FR,France
201347,7,9940,5667,14213,16,9,23,FR,France
201346,7,5110,2148,8072,8,3,13,FR,France
201345,7,7669,3726,11612,12,6,18,FR,France
201344,7,10655,5983,15327,17,10,24,FR,France
201343,7,8192,3927,12457,13,6,20,FR,France
201342,7,12324,7315,17333,19,11,27,FR,France
201341,7,9487,5101,13873,15,8,22,FR,France
201340,7,4114,1452,6776,6,2,10,FR,France
201339,7,5037,1810,8264,8,3,13,FR,France
201338,7,4449,1499,7399,7,2,12,FR,France
201337,7,5212,1954,8470,8,3,13,FR,France
201336,7,3481,606,6356,5,0,10,FR,France
201335,7,3486,281,6691,5,0,10,FR,France
201334,7,3994,670,7318,6,1,11,FR,France
201333,7,3758,372,7144,6,1,11,FR,France
201332,7,2986,635,5337,5,1,9,FR,France
201331,7,9137,3957,14317,14,6,22,FR,France
201330,7,13810,6870,20750,22,11,33,FR,France
201329,7,12278,6878,17678,19,11,27,FR,France
201328,7,17146,10622,23670,27,17,37,FR,France
201327,7,13859,8697,19021,22,14,30,FR,France
201326,7,17956,11585,24327,28,18,38,FR,France
201325,7,24609,17743,31475,39,28,50,FR,France
201324,7,23981,17469,30493,38,28,48,FR,France
201323,7,15848,10235,21461,25,16,34,FR,France
201322,7,12528,7759,17297,20,13,27,FR,France
201321,7,10637,6458,14816,17,10,24,FR,France
201320,7,12435,7726,17144,19,12,26,FR,France
201319,7,14230,8491,19969,22,13,31,FR,France
201318,7,17735,11898,23572,28,19,37,FR,France
201317,7,25213,18328,32098,39,28,50,FR,France
201316,7,23918,16084,31752,37,25,49,FR,France
201315,7,15307,10483,20131,24,16,32,FR,France
201314,7,19302,13484,25120,30,21,39,FR,France
201313,7,18224,11953,24495,29,19,39,FR,France
201312,7,17413,11819,23007,27,18,36,FR,France
201311,7,16229,10756,21702,25,16,34,FR,France
201310,7,16515,10966,22064,26,17,35,FR,France
201309,7,16338,11305,21371,26,18,34,FR,France
201308,7,17915,12458,23372,28,19,37,FR,France
201307,7,12245,7795,16695,19,12,26,FR,France
201306,7,13305,8249,18361,21,13,29,FR,France
201305,7,11184,6677,15691,18,11,25,FR,France
201304,7,16505,11326,21684,26,18,34,FR,France
201303,7,10434,6735,14133,16,10,22,FR,France
201302,7,14746,9924,19568,23,15,31,FR,France
201301,7,22537,16290,28784,35,25,45,FR,France
201252,7,14682,9011,20353,23,14,32,FR,France
201251,7,15811,10483,21139,25,17,33,FR,France
201250,7,19840,13797,25883,31,21,41,FR,France
201249,7,11967,7591,16343,19,12,26,FR,France
201248,7,12897,8376,17418,20,13,27,FR,France
201247,7,11934,7042,16826,19,11,27,FR,France
201246,7,10741,6201,15281,17,10,24,FR,France
201245,7,20339,12476,28202,32,20,44,FR,France
201244,7,8472,4834,12110,13,7,19,FR,France
201243,7,11375,7120,15630,18,11,25,FR,France
201242,7,11450,6987,15913,18,11,25,FR,France
201241,7,8700,4885,12515,14,8,20,FR,France
201240,7,9175,5327,13023,14,8,20,FR,France
201239,7,4058,1438,6678,6,2,10,FR,France
201238,7,2684,621,4747,4,1,7,FR,France
201237,7,2505,0,5339,4,0,8,FR,France
201236,7,3930,291,7569,6,0,12,FR,France
201235,7,3515,884,6146,6,2,10,FR,France
201234,7,5663,2195,9131,9,4,14,FR,France
201233,7,7969,3171,12767,13,5,21,FR,France
201232,7,9206,2073,16339,14,3,25,FR,France
201231,7,7579,3540,11618,12,6,18,FR,France
201230,7,11253,5812,16694,18,9,27,FR,France
201229,7,20711,13977,27445,33,22,44,FR,France
201228,7,16966,9789,24143,27,16,38,FR,France
201227,7,17733,11174,24292,28,18,38,FR,France
201226,7,20974,13153,28795,33,21,45,FR,France
201225,7,25480,17130,33830,40,27,53,FR,France
201224,7,17872,11690,24054,28,18,38,FR,France
201223,7,22034,15327,28741,35,24,46,FR,France
201222,7,18774,11901,25647,30,19,41,FR,France
201221,7,18515,9501,27529,29,15,43,FR,France
201220,7,17026,9608,24444,27,15,39,FR,France
201219,7,13599,8726,18472,21,13,29,FR,France
201218,7,16482,10836,22128,26,17,35,FR,France
201217,7,18041,12040,24042,28,19,37,FR,France
201216,7,16251,10239,22263,26,17,35,FR,France
201215,7,10203,5281,15125,16,8,24,FR,France
201214,7,7426,3526,11326,12,6,18,FR,France
201213,7,12507,5913,19101,20,10,30,FR,France
201212,7,12006,6344,17668,19,10,28,FR,France
201211,7,11997,7398,16596,19,12,26,FR,France
201210,7,15569,9700,21438,25,16,34,FR,France
201209,7,18085,12427,23743,28,19,37,FR,France
201208,7,13515,8822,18208,21,14,28,FR,France
201207,7,12594,7774,17414,20,12,28,FR,France
201206,7,15273,9953,20593,24,16,32,FR,France
201205,7,12192,7305,17079,19,11,27,FR,France
201204,7,10248,4996,15500,16,8,24,FR,France
201203,7,11474,6843,16105,18,11,25,FR,France
201202,7,13651,8191,19111,21,12,30,FR,France
201201,7,14028,9063,18993,22,14,30,FR,France
201152,7,21306,14321,28291,34,23,45,FR,France
201151,7,14945,8910,20980,24,14,34,FR,France
201150,7,10051,5417,14685,16,9,23,FR,France
201149,7,10075,5049,15101,16,8,24,FR,France
201148,7,9018,5083,12953,14,8,20,FR,France
201147,7,10055,4853,15257,16,8,24,FR,France
201146,7,7721,3993,11449,12,6,18,FR,France
201145,7,5764,1962,9566,9,3,15,FR,France
201144,7,6178,2704,9652,10,5,15,FR,France
201143,7,6168,2653,9683,10,4,16,FR,France
201142,7,6713,3036,10390,11,5,17,FR,France
201141,7,4184,1543,6825,7,3,11,FR,France
201140,7,3114,618,5610,5,1,9,FR,France
201139,7,2504,414,4594,4,1,7,FR,France
201138,7,3386,585,6187,5,1,9,FR,France
201137,7,1183,9,2357,2,0,4,FR,France
201136,7,3367,478,6256,5,0,10,FR,France
201135,7,5945,2380,9510,9,3,15,FR,France
201134,7,3180,891,5469,5,1,9,FR,France
201133,7,4960,1053,8867,8,2,14,FR,France
201132,7,7230,1500,12960,11,2,20,FR,France
201131,7,10789,4593,16985,17,7,27,FR,France
201130,7,23137,9828,36446,37,16,58,FR,France
201129,7,10056,4896,15216,16,8,24,FR,France
201128,7,13428,7761,19095,21,12,30,FR,France
201127,7,20770,13604,27936,33,22,44,FR,France
201126,7,16862,10623,23101,27,17,37,FR,France
201125,7,19411,12763,26059,31,20,42,FR,France
201124,7,18584,12337,24831,29,19,39,FR,France
201123,7,20707,14800,26614,33,24,42,FR,France
201122,7,16995,11552,22438,27,18,36,FR,France
201121,7,19179,12997,25361,30,20,40,FR,France
201120,7,21512,15082,27942,34,24,44,FR,France
201119,7,18038,12286,23790,29,20,38,FR,France
201118,7,18512,13142,23882,29,21,37,FR,France
201117,7,20715,14602,26828,33,23,43,FR,France
201116,7,18128,12859,23397,29,21,37,FR,France
201115,7,22169,16454,27884,35,26,44,FR,France
201114,7,17431,12573,22289,28,20,36,FR,France
201113,7,15637,10796,20478,25,17,33,FR,France
201112,7,14856,9810,19902,24,16,32,FR,France
201111,7,12156,7712,16600,19,12,26,FR,France
201110,7,12987,8644,17330,21,14,28,FR,France
201109,7,11971,7656,16286,19,12,26,FR,France
201108,7,17295,11843,22747,27,18,36,FR,France
201107,7,12488,7431,17545,20,12,28,FR,France
201106,7,9801,6179,13423,16,10,22,FR,France
201105,7,10857,7046,14668,17,11,23,FR,France
201104,7,13749,9496,18002,22,15,29,FR,France
201103,7,12936,8875,16997,20,14,26,FR,France
201102,7,9451,6208,12694,15,10,20,FR,France
201101,7,14380,10066,18694,23,16,30,FR,France
201052,7,13112,8997,17227,21,14,28,FR,France
201051,7,12055,8046,16064,19,13,25,FR,France
201050,7,8281,5242,11320,13,8,18,FR,France
201049,7,12525,8601,16449,20,14,26,FR,France
201048,7,9048,5627,12469,14,9,19,FR,France
201047,7,7329,4256,10402,12,7,17,FR,France
201046,7,8955,5377,12533,14,8,20,FR,France
201045,7,4800,2269,7331,8,4,12,FR,France
201044,7,11274,7155,15393,18,11,25,FR,France
201043,7,8144,4621,11667,13,7,19,FR,France
201042,7,9178,5507,12849,15,9,21,FR,France
201041,7,7110,3983,10237,11,6,16,FR,France
201040,7,5196,2450,7942,8,4,12,FR,France
201039,7,3415,964,5866,5,1,9,FR,France
201038,7,3057,681,5433,5,1,9,FR,France
201037,7,1056,0,2338,2,0,4,FR,France
201036,7,1629,241,3017,3,1,5,FR,France
201035,7,5847,1895,9799,9,3,15,FR,France
201034,7,4649,1665,7633,7,2,12,FR,France
201033,7,3972,1372,6572,6,2,10,FR,France
201032,7,4307,1345,7269,7,2,12,FR,France
201031,7,7403,3912,10894,12,6,18,FR,France
201030,7,8502,4404,12600,14,7,21,FR,France
201029,7,14481,8874,20088,23,14,32,FR,France
201028,7,28483,18947,38019,45,30,60,FR,France
201027,7,25965,18206,33724,41,29,53,FR,France
201026,7,22628,16253,29003,36,26,46,FR,France
201025,7,21027,15245,26809,33,24,42,FR,France
201024,7,26164,19503,32825,42,31,53,FR,France
201023,7,19858,14032,25684,32,23,41,FR,France
201022,7,22275,16460,28090,35,26,44,FR,France
201021,7,24815,18263,31367,40,30,50,FR,France
201020,7,22370,16020,28720,36,26,46,FR,France
201019,7,25552,18564,32540,41,30,52,FR,France
201018,7,18894,13264,24524,30,21,39,FR,France
201017,7,17512,12221,22803,28,20,36,FR,France
201016,7,21439,15519,27359,34,25,43,FR,France
201015,7,26362,19735,32989,42,31,53,FR,France
201014,7,20168,14274,26062,32,23,41,FR,France
201013,7,18917,13394,24440,30,21,39,FR,France
201012,7,18171,12995,23347,29,21,37,FR,France
201011,7,13401,9041,17761,21,14,28,FR,France
201010,7,18123,12614,23632,29,20,38,FR,France
201009,7,21145,14746,27544,34,24,44,FR,France
201008,7,30549,21013,40085,49,34,64,FR,France
201007,7,25017,17142,32892,40,27,53,FR,France
201006,7,22358,13688,31028,36,22,50,FR,France
201005,7,26817,18132,35502,43,29,57,FR,France
201004,7,14384,8912,19856,23,14,32,FR,France
201003,7,11821,7294,16348,19,12,26,FR,France
201002,7,12756,7177,18335,20,11,29,FR,France
201001,7,14182,9107,19257,23,15,31,FR,France
200953,7,28213,17662,38764,45,28,62,FR,France
200952,7,15203,9597,20809,24,15,33,FR,France
200951,7,17611,11223,23999,28,18,38,FR,France
200950,7,17430,9879,24981,28,16,40,FR,France
200949,7,7199,3960,10438,11,6,16,FR,France
200948,7,14656,9570,19742,23,15,31,FR,France
200947,7,7051,3901,10201,11,6,16,FR,France
200946,7,4662,2107,7217,7,3,11,FR,France
200945,7,15603,9790,21416,25,16,34,FR,France
200944,7,13165,6629,19701,21,11,31,FR,France
200943,7,9872,5298,14446,16,9,23,FR,France
200942,7,13992,7999,19985,22,12,32,FR,France
200941,7,7811,4267,11355,12,6,18,FR,France
200940,7,12414,7441,17387,20,12,28,FR,France
200939,7,4090,921,7259,7,2,12,FR,France
200938,7,2802,999,4605,4,1,7,FR,France
200937,7,1989,362,3616,3,0,6,FR,France
200936,7,1681,212,3150,3,1,5,FR,France
200935,7,3605,1131,6079,6,2,10,FR,France
200934,7,8863,3112,14614,14,5,23,FR,France
200933,7,6592,965,12219,10,1,19,FR,France
200932,7,9370,4069,14671,15,7,23,FR,France
200931,7,18728,0,38349,30,0,61,FR,France
200930,7,10418,5698,15138,17,9,25,FR,France
200929,7,14716,8450,20982,23,13,33,FR,France
200928,7,21297,14200,28394,34,23,45,FR,France
200927,7,22300,14361,30239,36,23,49,FR,France
200926,7,24817,17154,32480,40,28,52,FR,France
200925,7,22427,15617,29237,36,25,47,FR,France
200924,7,14666,9828,19504,23,15,31,FR,France
200923,7,18094,10701,25487,29,17,41,FR,France
200922,7,20358,14457,26259,32,23,41,FR,France
200921,7,23147,16066,30228,37,26,48,FR,France
200920,7,27753,19893,35613,44,31,57,FR,France
200919,7,29529,19088,39970,47,30,64,FR,France
200918,7,17676,11359,23993,28,18,38,FR,France
200917,7,21880,15613,28147,35,25,45,FR,France
200916,7,23899,16714,31084,38,27,49,FR,France
200915,7,21717,14784,28650,35,24,46,FR,France
200914,7,22143,14930,29356,35,24,46,FR,France
200913,7,23445,16436,30454,37,26,48,FR,France
200912,7,17997,11343,24651,29,18,40,FR,France
200911,7,22428,14154,30702,36,23,49,FR,France
200910,7,21362,13994,28730,34,22,46,FR,France
200909,7,26922,18447,35397,43,30,56,FR,France
200908,7,20424,13766,27082,33,22,44,FR,France
200907,7,23181,15024,31338,37,24,50,FR,France
200906,7,29147,20804,37490,46,33,59,FR,France
200905,7,14176,8933,19419,23,15,31,FR,France
200904,7,14887,10004,19770,24,16,32,FR,France
200903,7,12650,7578,17722,20,12,28,FR,France
200902,7,22806,13997,31615,36,22,50,FR,France
200901,7,27073,17648,36498,43,28,58,FR,France
200852,7,13485,8749,18221,22,14,30,FR,France
200851,7,10984,7406,14562,18,12,24,FR,France
200850,7,12868,7126,18610,21,12,30,FR,France
200849,7,11365,4402,18328,19,8,30,FR,France
200848,7,14199,5494,22904,23,9,37,FR,France
200847,7,15819,7899,23739,26,13,39,FR,France
200846,7,8147,4546,11748,13,7,19,FR,France
200845,7,10538,5244,15832,17,8,26,FR,France
200844,7,10753,6665,14841,18,11,25,FR,France
200843,7,9420,5654,13186,15,9,21,FR,France
200842,7,10865,5017,16713,18,8,28,FR,France
200841,7,8583,3541,13625,14,6,22,FR,France
200840,7,8164,3051,13277,13,5,21,FR,France
200839,7,5477,2331,8623,9,4,14,FR,France
200838,7,3780,1129,6431,6,2,10,FR,France
200837,7,4612,1860,7364,8,4,12,FR,France
200836,7,2821,365,5277,5,1,9,FR,France
200835,7,2304,0,4896,4,0,8,FR,France
200834,7,4452,915,7989,7,1,13,FR,France
200833,7,5347,1116,9578,9,2,16,FR,France
200832,7,5294,1512,9076,9,3,15,FR,France
200831,7,10207,5298,15116,17,9,25,FR,France
200830,7,10220,5331,15109,17,9,25,FR,France
200829,7,10071,5148,14994,16,8,24,FR,France
200828,7,9826,4460,15192,16,7,25,FR,France
200827,7,11768,6077,17459,19,10,28,FR,France
200826,7,15584,10821,20347,25,17,33,FR,France
200825,7,21617,15364,27870,35,25,45,FR,France
200824,7,18253,12292,24214,30,20,40,FR,France
200823,7,14388,8610,20166,23,14,32,FR,France
200822,7,13560,7829,19291,22,13,31,FR,France
200821,7,19074,4085,34063,31,7,55,FR,France
200820,7,18272,12040,24504,30,20,40,FR,France
200819,7,16110,10352,21868,26,17,35,FR,France
200818,7,17377,11105,23649,28,18,38,FR,France
200817,7,27000,19317,34683,44,31,57,FR,France
200816,7,23002,15304,30700,37,24,50,FR,France
200815,7,25454,15856,35052,41,25,57,FR,France
200814,7,22236,15623,28849,36,25,47,FR,France
200813,7,20308,13107,27509,33,21,45,FR,France
200812,7,22462,15587,29337,37,26,48,FR,France
200811,7,20505,13958,27052,33,22,44,FR,France
200810,7,18078,11784,24372,29,19,39,FR,France
200809,7,20474,14073,26875,33,23,43,FR,France
200808,7,21441,15042,27840,35,25,45,FR,France
200807,7,17894,12348,23440,29,20,38,FR,France
200806,7,16310,11091,21529,27,18,36,FR,France
200805,7,16684,11106,22262,27,18,36,FR,France
200804,7,20997,14662,27332,34,24,44,FR,France
200803,7,19263,11093,27433,31,18,44,FR,France
200802,7,20501,13032,27970,33,21,45,FR,France
200801,7,20780,14093,27467,34,23,45,FR,France
200752,7,18010,11329,24691,29,18,40,FR,France
200751,7,20052,12509,27595,33,21,45,FR,France
200750,7,19059,12513,25605,31,20,42,FR,France
200749,7,18394,12805,23983,30,21,39,FR,France
200748,7,10765,5871,15659,18,10,26,FR,France
200747,7,10703,1791,19615,17,2,32,FR,France
200746,7,12318,4207,20429,20,7,33,FR,France
200745,7,12352,0,29660,20,0,48,FR,France
200744,7,7897,3419,12375,13,6,20,FR,France
200743,7,5788,2306,9270,9,3,15,FR,France
200742,7,5993,2329,9657,10,4,16,FR,France
200741,7,7130,0,17274,12,0,29,FR,France
200740,7,8146,940,15352,13,1,25,FR,France
200739,7,3916,500,7332,6,0,12,FR,France
200738,7,2691,462,4920,4,0,8,FR,France
200737,7,4100,1263,6937,7,2,12,FR,France
200736,7,1580,0,3223,3,0,6,FR,France
200735,7,3471,0,7162,6,0,12,FR,France
200734,7,3333,0,6764,5,0,11,FR,France
200733,7,3241,451,6031,5,0,10,FR,France
200732,7,7321,2112,12530,12,4,20,FR,France
200731,7,9932,3688,16176,16,6,26,FR,France
200730,7,9879,3616,16142,16,6,26,FR,France
200729,7,17227,7803,26651,28,13,43,FR,France
200728,7,14874,7763,21985,24,12,36,FR,France
200727,7,13500,7382,19618,22,12,32,FR,France
200726,7,15454,9522,21386,25,15,35,FR,France
200725,7,20567,13847,27287,34,23,45,FR,France
200724,7,26470,18336,34604,43,30,56,FR,France
200723,7,23443,15824,31062,38,26,50,FR,France
200722,7,18811,11559,26063,31,19,43,FR,France
200721,7,15325,9347,21303,25,15,35,FR,France
200720,7,17507,11589,23425,29,19,39,FR,France
200719,7,22692,15113,30271,37,25,49,FR,France
200718,7,20630,13394,27866,34,22,46,FR,France
200717,7,23755,14388,33122,39,24,54,FR,France
200716,7,23388,16188,30588,38,26,50,FR,France
200715,7,25695,17711,33679,42,29,55,FR,France
200714,7,16974,9959,23989,28,17,39,FR,France
200713,7,24625,16598,32652,40,27,53,FR,France
200712,7,20303,11331,29275,33,18,48,FR,France
200711,7,33056,21724,44388,54,36,72,FR,France
200710,7,20775,12182,29368,34,20,48,FR,France
200709,7,18750,12252,25248,31,20,42,FR,France
200708,7,19458,12998,25918,32,21,43,FR,France
200707,7,20978,14822,27134,34,24,44,FR,France
200706,7,14466,9375,19557,24,16,32,FR,France
200705,7,15339,9771,20907,25,16,34,FR,France
200704,7,19661,13333,25989,32,22,42,FR,France
200703,7,16211,10323,22099,26,16,36,FR,France
200702,7,15631,10037,21225,25,16,34,FR,France
200701,7,16483,10582,22384,27,17,37,FR,France
200652,7,20472,13371,27573,34,22,46,FR,France
200651,7,20557,12905,28209,34,21,47,FR,France
200650,7,11364,6541,16187,19,11,27,FR,France
200649,7,12518,6273,18763,21,11,31,FR,France
200648,7,8028,2783,13273,13,4,22,FR,France
200647,7,6240,2268,10212,10,3,17,FR,France
200646,7,4953,1841,8065,8,3,13,FR,France
200645,7,4064,1178,6950,7,2,12,FR,France
200644,7,5300,1084,9516,9,2,16,FR,France
200643,7,3518,1027,6009,6,2,10,FR,France
200642,7,2885,539,5231,5,1,9,FR,France
200641,7,4405,123,8687,7,0,14,FR,France
200640,7,2513,0,5505,4,0,9,FR,France
200639,7,992,0,2812,2,0,5,FR,France
200638,7,1363,0,3045,2,0,5,FR,France
200637,7,992,0,2711,2,0,5,FR,France
200636,7,820,0,2313,1,0,3,FR,France
200635,7,614,0,1628,1,0,3,FR,France
200634,7,1149,0,2623,2,0,4,FR,France
200633,7,161,0,630,0,0,1,FR,France
200632,7,476,0,1785,1,0,3,FR,France
200631,7,6255,754,11756,10,1,19,FR,France
200630,7,7140,2123,12157,12,4,20,FR,France
200629,7,6227,2488,9966,10,4,16,FR,France
200628,7,13044,6388,19700,21,10,32,FR,France
200627,7,18263,9407,27119,30,15,45,FR,France
200626,7,12465,6504,18426,20,10,30,FR,France
200625,7,14114,8492,19736,23,14,32,FR,France
200624,7,14773,9362,20184,24,15,33,FR,France
200623,7,12338,7512,17164,20,12,28,FR,France
200622,7,12669,7540,17798,21,13,29,FR,France
200621,7,15426,9709,21143,25,16,34,FR,France
200620,7,10366,6001,14731,17,10,24,FR,France
200619,7,13862,8779,18945,23,15,31,FR,France
200618,7,11495,6482,16508,19,11,27,FR,France
200617,7,16230,9656,22804,27,16,38,FR,France
200616,7,17624,10886,24362,29,18,40,FR,France
200615,7,18171,11485,24857,30,19,41,FR,France
200614,7,19218,13041,25395,31,21,41,FR,France
200613,7,16805,11064,22546,28,19,37,FR,France
200612,7,17604,12029,23179,29,20,38,FR,France
200611,7,15789,10289,21289,26,17,35,FR,France
200610,7,16775,11238,22312,27,18,36,FR,France
200609,7,16734,11153,22315,27,18,36,FR,France
200608,7,16964,11317,22611,28,19,37,FR,France
200607,7,11878,7047,16709,19,11,27,FR,France
200606,7,18915,13000,24830,31,21,41,FR,France
200605,7,16029,10665,21393,26,17,35,FR,France
200604,7,11400,7136,15664,19,12,26,FR,France
200603,7,15577,10494,20660,26,18,34,FR,France
200602,7,10313,6274,14352,17,10,24,FR,France
200601,7,20058,13481,26635,33,22,44,FR,France
200552,7,16588,9246,23930,27,15,39,FR,France
200551,7,27150,14219,40081,45,24,66,FR,France
200550,7,14340,8527,20153,24,14,34,FR,France
200549,7,12056,6953,17159,20,12,28,FR,France
200548,7,15056,8846,21266,25,15,35,FR,France
200547,7,14805,7691,21919,24,12,36,FR,France
200546,7,8390,2583,14197,14,4,24,FR,France
200545,7,11513,3776,19250,19,6,32,FR,France
200544,7,10086,2788,17384,17,5,29,FR,France
200543,7,9316,2080,16552,15,3,27,FR,France
200542,7,8373,3760,12986,14,6,22,FR,France
200541,7,11587,6045,17129,19,10,28,FR,France
200540,7,12374,6622,18126,20,11,29,FR,France
200539,7,4450,1509,7391,7,2,12,FR,France
200538,7,2272,67,4477,4,0,8,FR,France
200537,7,1677,0,3664,3,0,6,FR,France
200536,7,3369,510,6228,6,1,11,FR,France
200535,7,3124,482,5766,5,1,9,FR,France
200534,7,6673,1394,11952,11,2,20,FR,France
200533,7,8588,1696,15480,14,3,25,FR,France
200532,7,7859,2362,13356,13,4,22,FR,France
200531,7,9570,3334,15806,16,6,26,FR,France
200530,7,6172,0,13912,10,0,23,FR,France
200529,7,12452,5092,19812,21,9,33,FR,France
200528,7,18277,5762,30792,30,9,51,FR,France
200527,7,17547,9967,25127,29,16,42,FR,France
200526,7,27248,18071,36425,45,30,60,FR,France
200525,7,14089,8408,19770,23,14,32,FR,France
200524,7,15632,9553,21711,26,16,36,FR,France
200523,7,20069,12360,27778,33,20,46,FR,France
200522,7,20392,9119,31665,34,15,53,FR,France
200521,7,13623,8254,18992,22,13,31,FR,France
200520,7,17482,10870,24094,29,18,40,FR,France
200519,7,12622,7407,17837,21,12,30,FR,France
200518,7,10630,5706,15554,18,10,26,FR,France
200517,7,14979,8429,21529,25,14,36,FR,France
200516,7,11520,6566,16474,19,11,27,FR,France
200515,7,9114,4530,13698,15,7,23,FR,France
200514,7,16876,10333,23419,28,17,39,FR,France
200513,7,12513,7324,17702,21,12,30,FR,France
200512,7,15395,9108,21682,25,15,35,FR,France
200511,7,12702,7588,17816,21,13,29,FR,France
200510,7,11279,6465,16093,19,11,27,FR,France
200509,7,13085,7767,18403,22,13,31,FR,France
200508,7,10359,6162,14556,17,10,24,FR,France
200507,7,18640,12932,24348,31,22,40,FR,France
200506,7,11814,7295,16333,20,13,27,FR,France
200505,7,15387,10293,20481,25,17,33,FR,France
200504,7,12525,7897,17153,21,13,29,FR,France
200503,7,15946,10225,21667,26,17,35,FR,France
200502,7,12669,7600,17738,21,13,29,FR,France
200501,7,14192,8841,19543,23,14,32,FR,France
200453,7,17869,11244,24494,30,19,41,FR,France
200452,7,16974,10864,23084,28,18,38,FR,France
200451,7,14890,9250,20530,25,16,34,FR,France
200450,7,17657,10659,24655,29,17,41,FR,France
200449,7,16219,8194,24244,27,14,40,FR,France
200448,7,7162,2532,11792,12,4,20,FR,France
200447,7,8816,4136,13496,15,7,23,FR,France
200446,7,6806,2939,10673,11,5,17,FR,France
200445,7,9065,2889,15241,15,5,25,FR,France
200444,7,9795,4169,15421,16,7,25,FR,France
200443,7,5673,2412,8934,9,4,14,FR,France
200442,7,3038,802,5274,5,1,9,FR,France
200441,7,5061,1296,8826,8,2,14,FR,France
200440,7,3409,690,6128,6,1,11,FR,France
200439,7,5226,1044,9408,9,2,16,FR,France
200438,7,3412,0,7137,6,0,12,FR,France
200437,7,4351,537,8165,7,1,13,FR,France
200436,7,5121,1260,8982,9,3,15,FR,France
200435,7,7279,2610,11948,12,4,20,FR,France
200434,7,6425,1962,10888,11,4,18,FR,France
200433,7,11183,5394,16972,19,9,29,FR,France
200432,7,15854,7918,23790,26,13,39,FR,France
200431,7,17793,5261,30325,30,9,51,FR,France
200430,7,23244,14352,32136,39,24,54,FR,France
200429,7,34645,23193,46097,58,39,77,FR,France
200428,7,19481,11767,27195,32,19,45,FR,France
200427,7,21322,8377,34267,35,13,57,FR,France
200426,7,17171,7899,26443,29,14,44,FR,France
200425,7,26606,17976,35236,44,30,58,FR,France
200424,7,26142,17142,35142,43,28,58,FR,France
200423,7,23643,15715,31571,39,26,52,FR,France
200422,7,16119,9794,22444,27,16,38,FR,France
200421,7,20283,12915,27651,34,22,46,FR,France
200420,7,15730,9735,21725,26,16,36,FR,France
200419,7,22791,15145,30437,38,25,51,FR,France
200418,7,17807,11014,24600,30,19,41,FR,France
200417,7,19913,12212,27614,33,20,46,FR,France
200416,7,19289,11424,27154,32,19,45,FR,France
200415,7,20587,13594,27580,34,22,46,FR,France
200414,7,24610,16629,32591,41,28,54,FR,France
200413,7,22910,15782,30038,38,26,50,FR,France
200412,7,23468,15220,31716,39,25,53,FR,France
200411,7,23977,16337,31617,40,27,53,FR,France
200410,7,25519,15764,35274,42,26,58,FR,France
200409,7,26592,17202,35982,44,28,60,FR,France
200408,7,22820,15102,30538,38,25,51,FR,France
200407,7,23871,16628,31114,40,28,52,FR,France
200406,7,24567,15700,33434,41,26,56,FR,France
200405,7,12869,7824,17914,21,13,29,FR,France
200404,7,13172,8314,18030,22,14,30,FR,France
200403,7,6442,3015,9869,11,5,17,FR,France
200402,7,11126,6305,15947,18,10,26,FR,France
200401,7,24971,13819,36123,41,22,60,FR,France
200352,7,4920,0,22288,8,0,37,FR,France
200351,7,10235,2435,18035,17,4,30,FR,France
200350,7,9805,5520,14090,16,9,23,FR,France
200349,7,11685,7721,15649,20,13,27,FR,France
200348,7,6201,3319,9083,10,5,15,FR,France
200347,7,4897,1842,7952,8,3,13,FR,France
200346,7,4596,1236,7956,8,2,14,FR,France
200345,7,3501,1090,5912,6,2,10,FR,France
200344,7,3469,894,6044,6,2,10,FR,France
200343,7,4671,1766,7576,8,3,13,FR,France
200342,7,3855,955,6755,6,1,11,FR,France
200341,7,3179,427,5931,5,0,10,FR,France
200340,7,6983,2852,11114,12,5,19,FR,France
200339,7,952,0,2308,2,0,4,FR,France
200338,7,1628,0,3406,3,0,6,FR,France
200337,7,2995,0,6029,5,0,10,FR,France
200336,7,3595,0,7784,6,0,13,FR,France
200335,7,1340,0,4253,2,0,7,FR,France
200334,7,3842,0,10414,6,0,17,FR,France
200333,7,7269,0,18830,12,0,31,FR,France
200332,7,2908,0,6463,5,0,11,FR,France
200331,7,2053,0,4640,3,0,7,FR,France
200330,7,5106,259,9953,9,1,17,FR,France
200329,7,8195,0,21289,14,0,36,FR,France
200328,7,9002,3511,14493,15,6,24,FR,France
200327,7,4902,1397,8407,8,2,14,FR,France
200326,7,17746,7867,27625,30,13,47,FR,France
200325,7,8190,3460,12920,14,6,22,FR,France
200324,7,33803,13366,54240,56,22,90,FR,France
200323,7,14278,6733,21823,24,11,37,FR,France
200322,7,13397,7140,19654,22,12,32,FR,France
200321,7,12113,3506,20720,20,6,34,FR,France
200320,7,10454,5534,15374,17,9,25,FR,France
200319,7,12833,6772,18894,21,11,31,FR,France
200318,7,25572,16325,34819,43,28,58,FR,France
200317,7,21556,11493,31619,36,19,53,FR,France
200316,7,20007,12091,27923,33,20,46,FR,France
200315,7,26837,18106,35568,45,30,60,FR,France
200314,7,19148,10594,27702,32,18,46,FR,France
200313,7,27087,16490,37684,45,27,63,FR,France
200312,7,24322,15256,33388,41,26,56,FR,France
200311,7,21652,12929,30375,36,21,51,FR,France
200310,7,29033,19506,38560,49,33,65,FR,France
200309,7,28198,17625,38771,47,29,65,FR,France
200308,7,36298,22548,50048,61,38,84,FR,France
200307,7,27050,14994,39106,45,25,65,FR,France
200306,7,25101,14828,35374,42,25,59,FR,France
200305,7,15588,7493,23683,26,12,40,FR,France
200304,7,17141,9713,24569,29,17,41,FR,France
200303,7,18329,11799,24859,31,20,42,FR,France
200302,7,18829,10035,27623,31,16,46,FR,France
200301,7,22582,11488,33676,38,19,57,FR,France
200252,7,20417,12258,28576,34,20,48,FR,France
200251,7,22444,14164,30724,38,24,52,FR,France
200250,7,10873,6406,15340,18,10,26,FR,France
200249,7,16468,2559,30377,28,5,51,FR,France
200248,7,10264,4123,16405,17,7,27,FR,France
200247,7,12129,4283,19975,20,7,33,FR,France
200246,7,5507,1186,9828,9,2,16,FR,France
200245,7,9335,4813,13857,16,8,24,FR,France
200244,7,9388,2462,16314,16,4,28,FR,France
200243,7,10756,4601,16911,18,8,28,FR,France
200242,7,8703,3946,13460,15,7,23,FR,France
200241,7,7695,3062,12328,13,5,21,FR,France
200240,7,7097,2512,11682,12,4,20,FR,France
200239,7,6215,2540,9890,10,4,16,FR,France
200238,7,4237,1165,7309,7,2,12,FR,France
200237,7,1210,0,2674,2,0,4,FR,France
200236,7,2671,314,5028,4,0,8,FR,France
200235,7,1193,0,3093,2,0,5,FR,France
200234,7,5394,1014,9774,9,2,16,FR,France
200233,7,5395,510,10280,9,1,17,FR,France
200232,7,11308,1117,21499,19,2,36,FR,France
200231,7,7163,1350,12976,12,2,22,FR,France
200230,7,10184,3615,16753,17,6,28,FR,France
200229,7,11146,5228,17064,19,9,29,FR,France
200228,7,15908,8318,23498,27,14,40,FR,France
200227,7,12124,441,23807,20,0,40,FR,France
200226,7,18706,4188,33224,31,7,55,FR,France
200225,7,18807,9408,28206,32,16,48,FR,France
200224,7,15035,9084,20986,25,15,35,FR,France
200223,7,12617,6916,18318,21,11,31,FR,France
200222,7,18851,10747,26955,32,18,46,FR,France
200221,7,14282,7527,21037,24,13,35,FR,France
200220,7,12558,6860,18256,21,11,31,FR,France
200219,7,18605,11518,25692,31,19,43,FR,France
200218,7,10857,5495,16219,18,9,27,FR,France
200217,7,16252,9537,22967,27,16,38,FR,France
200216,7,10284,5016,15552,17,8,26,FR,France
200215,7,19217,9502,28932,32,16,48,FR,France
200214,7,15585,6215,24955,26,10,42,FR,France
200213,7,29411,13274,45548,49,22,76,FR,France
200212,7,12354,7208,17500,21,12,30,FR,France
200211,7,11781,7053,16509,20,12,28,FR,France
200210,7,9450,5283,13617,16,9,23,FR,France
200209,7,11735,5297,18173,20,9,31,FR,France
200208,7,8153,3653,12653,14,6,22,FR,France
200207,7,6992,3354,10630,12,6,18,FR,France
200206,7,7857,3052,12662,13,5,21,FR,France
200205,7,7405,2868,11942,12,4,20,FR,France
200204,7,13562,7935,19189,23,14,32,FR,France
200203,7,8152,4543,11761,14,8,20,FR,France
200202,7,9486,4411,14561,16,7,25,FR,France
200201,7,6329,1565,11093,11,3,19,FR,France
200152,7,5566,2267,8865,9,3,15,FR,France
200151,7,6045,2630,9460,10,4,16,FR,France
200150,7,11601,4100,19102,20,7,33,FR,France
200149,7,5828,851,10805,10,2,18,FR,France
200148,7,9965,5007,14923,17,9,25,FR,France
200147,7,6292,2021,10563,11,4,18,FR,France
200146,7,5424,2218,8630,9,4,14,FR,France
200145,7,9468,5023,13913,16,8,24,FR,France
200144,7,4941,1881,8001,8,3,13,FR,France
200143,7,6978,3201,10755,12,6,18,FR,France
200142,7,6726,3147,10305,11,5,17,FR,France
200141,7,5410,1849,8971,9,3,15,FR,France
200140,7,3320,637,6003,6,1,11,FR,France
200139,7,1152,0,2569,2,0,4,FR,France
200138,7,864,0,2411,1,0,4,FR,France
200137,7,1234,0,3393,2,0,6,FR,France
200136,7,391,0,1256,1,0,2,FR,France
200135,7,2539,0,6274,4,0,10,FR,France
200134,7,1946,0,4439,3,0,7,FR,France
200133,7,655,0,2046,1,0,3,FR,France
200132,7,4619,0,10912,8,0,19,FR,France
200131,7,7622,1190,14054,13,2,24,FR,France
200130,7,13686,4678,22694,23,8,38,FR,France
200129,7,12966,4727,21205,22,8,36,FR,France
200128,7,20908,11957,29859,35,20,50,FR,France
200127,7,26634,17739,35529,45,30,60,FR,France
200126,7,13863,7666,20060,23,13,33,FR,France
200125,7,17329,9452,25206,29,16,42,FR,France
200124,7,10961,6673,15249,19,12,26,FR,France
200123,7,7892,3888,11896,13,6,20,FR,France
200122,7,10912,4621,17203,18,7,29,FR,France
200121,7,10194,5217,15171,17,9,25,FR,France
200120,7,10390,5710,15070,18,10,26,FR,France
200119,7,10976,5927,16025,19,10,28,FR,France
200118,7,11933,6833,17033,20,11,29,FR,France
200117,7,16250,9256,23244,27,15,39,FR,France
200116,7,14131,8691,19571,24,15,33,FR,France
200115,7,11033,6411,15655,19,11,27,FR,France
200114,7,18381,12349,24413,31,21,41,FR,France
200113,7,15253,9582,20924,26,16,36,FR,France
200112,7,12761,8155,17367,22,14,30,FR,France
200111,7,11592,6790,16394,20,12,28,FR,France
200110,7,11220,6697,15743,19,11,27,FR,France
200109,7,10984,6431,15537,19,11,27,FR,France
200108,7,18335,10145,26525,31,17,45,FR,France
200107,7,17404,10389,24419,29,17,41,FR,France
200106,7,18382,10498,26266,31,18,44,FR,France
200105,7,13455,7904,19006,23,14,32,FR,France
200104,7,16438,10780,22096,28,18,38,FR,France
200103,7,18174,12049,24299,31,21,41,FR,France
200102,7,22905,16080,29730,39,27,51,FR,France
200101,7,29487,21117,37857,50,36,64,FR,France
200052,7,17041,10342,23740,29,18,40,FR,France
200051,7,11749,7358,16140,20,13,27,FR,France
200050,7,14215,8706,19724,24,15,33,FR,France
200049,7,10172,5845,14499,17,10,24,FR,France
200048,7,13683,8322,19044,23,14,32,FR,France
200047,7,9924,5066,14782,17,9,25,FR,France
200046,7,11103,5449,16757,19,9,29,FR,France
200045,7,7870,3542,12198,13,6,20,FR,France
200044,7,11328,6118,16538,19,10,28,FR,France
200043,7,5292,1687,8897,9,3,15,FR,France
200042,7,4410,1293,7527,8,3,13,FR,France
200041,7,5242,1813,8671,9,3,15,FR,France
200040,7,4066,1351,6781,7,2,12,FR,France
200039,7,4574,885,8263,8,2,14,FR,France
200038,7,8241,3875,12607,14,7,21,FR,France
200037,7,3124,423,5825,5,0,10,FR,France
200036,7,731,0,2044,1,0,3,FR,France
200035,7,6605,959,12251,11,1,21,FR,France
200034,7,6924,931,12917,12,2,22,FR,France
200033,7,10713,3957,17469,18,7,29,FR,France
200032,7,15736,5003,26469,27,9,45,FR,France
200031,7,13088,5542,20634,22,9,35,FR,France
200030,7,16422,9062,23782,28,15,41,FR,France
200029,7,16543,8116,24970,28,14,42,FR,France
200028,7,12868,5178,20558,22,9,35,FR,France
200027,7,18228,10887,25569,31,19,43,FR,France
200026,7,17377,10789,23965,30,19,41,FR,France
200025,7,22600,15119,30081,38,25,51,FR,France
200024,7,16046,10504,21588,27,18,36,FR,France
200023,7,11887,6681,17093,20,11,29,FR,France
200022,7,26275,18762,33788,45,32,58,FR,France
200021,7,15921,9967,21875,27,17,37,FR,France
200020,7,19178,12565,25791,33,22,44,FR,France
200019,7,17152,10424,23880,29,18,40,FR,France
200018,7,17571,10754,24388,30,18,42,FR,France
200017,7,9999,5672,14326,17,10,24,FR,France
200016,7,17506,11461,23551,30,20,40,FR,France
200015,7,23333,14747,31919,40,25,55,FR,France
200014,7,15027,9838,20216,26,17,35,FR,France
200013,7,17924,12383,23465,30,21,39,FR,France
200012,7,15415,9917,20913,26,17,35,FR,France
200011,7,12359,7372,17346,21,13,29,FR,France
200010,7,13858,9167,18549,24,16,32,FR,France
200009,7,9096,5451,12741,15,9,21,FR,France
200008,7,10596,6574,14618,18,11,25,FR,France
200007,7,13593,8816,18370,23,15,31,FR,France
200006,7,9017,5391,12643,15,9,21,FR,France
200005,7,12681,7750,17612,22,14,30,FR,France
200004,7,11889,7253,16525,20,12,28,FR,France
200003,7,9171,5628,12714,16,10,22,FR,France
200002,7,10268,5957,14579,17,10,24,FR,France
200001,7,10986,6521,15451,19,11,27,FR,France
199952,7,10358,5667,15049,18,10,26,FR,France
199951,7,10099,6132,14066,17,10,24,FR,France
199950,7,10439,6481,14397,18,11,25,FR,France
199949,7,7736,4269,11203,13,7,19,FR,France
199948,7,11414,6754,16074,20,12,28,FR,France
199947,7,7639,2705,12573,13,5,21,FR,France
199946,7,6544,0,15074,11,0,26,FR,France
199945,7,11273,3165,19381,19,5,33,FR,France
199944,7,8049,3828,12270,14,7,21,FR,France
199943,7,7788,4226,11350,13,7,19,FR,France
199942,7,6779,3659,9899,12,7,17,FR,France
199941,7,5213,2646,7780,9,5,13,FR,France
199940,7,5018,2256,7780,9,4,14,FR,France
199939,7,3108,1141,5075,5,2,8,FR,France
199938,7,2095,143,4047,4,1,7,FR,France
199937,7,3611,1095,6127,6,2,10,FR,France
199936,7,2085,116,4054,4,1,7,FR,France
199935,7,1102,0,2231,2,0,4,FR,France
199934,7,2813,468,5158,5,1,9,FR,France
199933,7,7210,2996,11424,12,5,19,FR,France
199932,7,6981,2822,11140,12,5,19,FR,France
199931,7,6389,2284,10494,11,4,18,FR,France
199930,7,10567,4364,16770,18,7,29,FR,France
199929,7,18284,11145,25423,31,19,43,FR,France
199928,7,21079,13832,28326,36,24,48,FR,France
199927,7,18824,12647,25001,32,21,43,FR,France
199926,7,18098,12190,24006,31,21,41,FR,France
199925,7,23863,16911,30815,41,29,53,FR,France
199924,7,18038,12162,23914,31,21,41,FR,France
199923,7,19660,13601,25719,34,24,44,FR,France
199922,7,18093,12570,23616,31,22,40,FR,France
199921,7,15850,10129,21571,27,17,37,FR,France
199920,7,12241,7408,17074,21,13,29,FR,France
199919,7,10738,6273,15203,18,10,26,FR,France
199918,7,20739,14823,26655,35,25,45,FR,France
199917,7,13993,9229,18757,24,16,32,FR,France
199916,7,16199,10966,21432,28,19,37,FR,France
199915,7,19936,13939,25933,34,24,44,FR,France
199914,7,22907,15999,29815,39,27,51,FR,France
199913,7,18404,11277,25531,31,19,43,FR,France
199912,7,19242,13136,25348,33,23,43,FR,France
199911,7,14923,9872,19974,26,17,35,FR,France
199910,7,16058,10370,21746,27,17,37,FR,France
199909,7,11125,6841,15409,19,12,26,FR,France
199908,7,10840,7075,14605,19,13,25,FR,France
199907,7,13655,9263,18047,23,15,31,FR,France
199906,7,17654,12681,22627,30,21,39,FR,France
199905,7,16838,11942,21734,29,21,37,FR,France
199904,7,17056,12124,21988,29,21,37,FR,France
199903,7,18805,13967,23643,32,24,40,FR,France
199902,7,14863,10135,19591,25,17,33,FR,France
199901,7,13707,9075,18339,23,15,31,FR,France
199853,7,24797,17975,31619,43,31,55,FR,France
199852,7,23616,16902,30330,41,29,53,FR,France
199851,7,13919,9478,18360,24,16,32,FR,France
199850,7,20556,15164,25948,35,26,44,FR,France
199849,7,16232,11327,21137,28,20,36,FR,France
199848,7,11998,7691,16305,21,14,28,FR,France
199847,7,13617,8934,18300,23,15,31,FR,France
199846,7,7646,4419,10873,13,7,19,FR,France
199845,7,15930,10713,21147,27,18,36,FR,France
199844,7,14145,9390,18900,24,16,32,FR,France
199843,7,16707,11447,21967,29,20,38,FR,France
199842,7,12475,7806,17144,21,13,29,FR,France
199841,7,13018,8151,17885,22,14,30,FR,France
199840,7,7396,3653,11139,13,7,19,FR,France
199839,7,4467,1896,7038,8,4,12,FR,France
199838,7,3421,1176,5666,6,2,10,FR,France
199837,7,4489,2136,6842,8,4,12,FR,France
199836,7,6355,2914,9796,11,5,17,FR,France
199835,7,7689,3867,11511,13,6,20,FR,France
199834,7,7235,3191,11279,12,5,19,FR,France
199833,7,11431,6018,16844,20,11,29,FR,France
199832,7,20493,9237,31749,35,16,54,FR,France
199831,7,15619,9125,22113,27,16,38,FR,France
199830,7,19360,12617,26103,33,21,45,FR,France
199829,7,17816,11414,24218,31,20,42,FR,France
199828,7,20757,14385,27129,36,25,47,FR,France
199827,7,20714,14671,26757,36,26,46,FR,France
199826,7,24479,17611,31347,42,30,54,FR,France
199825,7,24462,17924,31000,42,31,53,FR,France
199824,7,18928,13945,23911,32,23,41,FR,France
199823,7,13478,8876,18080,23,15,31,FR,France
199822,7,13213,8997,17429,23,16,30,FR,France
199821,7,10741,6627,14855,18,11,25,FR,France
199820,7,23223,17217,29229,40,30,50,FR,France
199819,7,16130,10667,21593,28,19,37,FR,France
199818,7,15802,10374,21230,27,18,36,FR,France
199817,7,14119,8452,19786,24,14,34,FR,France
199816,7,11744,7632,15856,20,13,27,FR,France
199815,7,17422,12372,22472,30,21,39,FR,France
199814,7,20962,15699,26225,36,27,45,FR,France
199813,7,17029,12181,21877,29,21,37,FR,France
199812,7,14960,10393,19527,26,18,34,FR,France
199811,7,13687,9540,17834,23,16,30,FR,France
199810,7,14294,9623,18965,25,17,33,FR,France
199809,7,12550,8183,16917,22,15,29,FR,France
199808,7,15378,10656,20100,26,18,34,FR,France
199807,7,14618,10083,19153,25,17,33,FR,France
199806,7,15316,10683,19949,26,18,34,FR,France
199805,7,11805,7653,15957,20,13,27,FR,France
199804,7,15746,10733,20759,27,18,36,FR,France
199803,7,13085,8916,17254,22,15,29,FR,France
199802,7,10764,6882,14646,18,11,25,FR,France
199801,7,19222,13376,25068,33,23,43,FR,France
199752,7,18582,12576,24588,32,22,42,FR,France
199751,7,10933,6829,15037,19,12,26,FR,France
199750,7,9622,6005,13239,17,11,23,FR,France
199749,7,12183,8157,16209,21,14,28,FR,France
199748,7,7368,4022,10714,13,7,19,FR,France
199747,7,10482,6595,14369,18,11,25,FR,France
199746,7,8391,4342,12440,14,7,21,FR,France
199745,7,7499,3716,11282,13,6,20,FR,France
199744,7,5492,2442,8542,9,4,14,FR,France
199743,7,4829,2314,7344,8,4,12,FR,France
199742,7,4781,2027,7535,8,3,13,FR,France
199741,7,6622,3367,9877,11,5,17,FR,France
199740,7,2851,764,4938,5,1,9,FR,France
199739,7,3242,851,5633,6,2,10,FR,France
199738,7,2916,579,5253,5,1,9,FR,France
199737,7,4944,2248,7640,9,4,14,FR,France
199736,7,2767,679,4855,5,1,9,FR,France
199735,7,1245,12,2478,2,0,4,FR,France
199734,7,6971,2145,11797,12,4,20,FR,France
199733,7,11167,5245,17089,19,9,29,FR,France
199732,7,12349,6916,17782,21,12,30,FR,France
199731,7,13276,8068,18484,23,14,32,FR,France
199730,7,16463,10419,22507,28,18,38,FR,France
199729,7,12458,6536,18380,21,11,31,FR,France
199728,7,14155,8553,19757,24,14,34,FR,France
199727,7,16611,11473,21749,29,20,38,FR,France
199726,7,14303,10203,18403,25,18,32,FR,France
199725,7,11562,7487,15637,20,13,27,FR,France
199724,7,20722,15143,26301,36,26,46,FR,France
199723,7,11958,8064,15852,21,14,28,FR,France
199722,7,19175,14023,24327,33,24,42,FR,France
199721,7,15933,11074,20792,27,19,35,FR,France
199720,7,16512,11798,21226,28,20,36,FR,France
199719,7,14490,10231,18749,25,18,32,FR,France
199718,7,14033,9863,18203,24,17,31,FR,France
199717,7,17029,12579,21479,29,21,37,FR,France
199716,7,14686,10709,18663,25,18,32,FR,France
199715,7,19100,14311,23889,33,25,41,FR,France
199714,7,17746,13153,22339,31,23,39,FR,France
199713,7,17384,12873,21895,30,22,38,FR,France
199712,7,13589,9321,17857,23,16,30,FR,France
199711,7,16033,11789,20277,28,21,35,FR,France
199710,7,12351,8688,16014,21,15,27,FR,France
199709,7,16809,12329,21289,29,21,37,FR,France
199708,7,9660,6429,12891,17,11,23,FR,France
199707,7,16751,12377,21125,29,21,37,FR,France
199706,7,17151,13029,21273,30,23,37,FR,France
199705,7,12543,9128,15958,22,16,28,FR,France
199704,7,14475,10891,18059,25,19,31,FR,France
199703,7,12135,8727,15543,21,15,27,FR,France
199702,7,15541,11574,19508,27,20,34,FR,France
199701,7,14432,10701,18163,25,19,31,FR,France
199652,7,15556,11735,19377,27,20,34,FR,France
199651,7,14038,10500,17576,24,18,30,FR,France
199650,7,14236,10857,17615,25,19,31,FR,France
199649,7,10776,7924,13628,19,14,24,FR,France
199648,7,7489,4949,10029,13,9,17,FR,France
199647,7,11826,8573,15079,20,14,26,FR,France
199646,7,10269,7201,13337,18,13,23,FR,France
199645,7,17313,12967,21659,30,22,38,FR,France
199644,7,12095,8643,15547,21,15,27,FR,France
199643,7,14958,10739,19177,26,19,33,FR,France
199642,7,14106,10196,18016,24,17,31,FR,France
199641,7,10302,6968,13636,18,12,24,FR,France
199640,7,9514,5990,13038,16,10,22,FR,France
199639,7,6376,3651,9101,11,6,16,FR,France
199638,7,3835,1587,6083,7,3,11,FR,France
199637,7,2746,1100,4392,5,2,8,FR,France
199636,7,4577,2320,6834,8,4,12,FR,France
199635,7,2624,902,4346,5,2,8,FR,France
199634,7,6280,3139,9421,11,6,16,FR,France
199633,7,10194,5347,15041,18,10,26,FR,France
199632,7,10116,5942,14290,17,10,24,FR,France
199631,7,14292,9640,18944,25,17,33,FR,France
199630,7,20862,14786,26938,36,26,46,FR,France
199629,7,17243,12463,22023,30,22,38,FR,France
199628,7,16021,11796,20246,28,21,35,FR,France
199627,7,19880,14406,25354,34,25,43,FR,France
199626,7,12565,8783,16347,22,15,29,FR,France
199625,7,19360,14570,24150,33,25,41,FR,France
199624,7,20778,15610,25946,36,27,45,FR,France
199623,7,17991,13162,22820,31,23,39,FR,France
199622,7,18294,13971,22617,32,25,39,FR,France
199621,7,14000,10136,17864,24,17,31,FR,France
199620,7,16598,12361,20835,29,22,36,FR,France
199619,7,11710,8148,15272,20,14,26,FR,France
199618,7,12140,8325,15955,21,14,28,FR,France
199617,7,17984,13059,22909,31,22,40,FR,France
199616,7,10796,7250,14342,19,13,25,FR,France
199615,7,12766,9101,16431,22,16,28,FR,France
199614,7,14952,10656,19248,26,19,33,FR,France
199613,7,12861,9266,16456,22,16,28,FR,France
199612,7,11592,8202,14982,20,14,26,FR,France
199611,7,15991,12026,19956,28,21,35,FR,France
199610,7,13551,9873,17229,23,17,29,FR,France
199609,7,9737,6799,12675,17,12,22,FR,France
199608,7,11835,8569,15101,20,14,26,FR,France
199607,7,9296,6455,12137,16,11,21,FR,France
199606,7,11330,8078,14582,20,14,26,FR,France
199605,7,10249,7092,13406,18,13,23,FR,France
199604,7,9004,6336,11672,16,11,21,FR,France
199603,7,5904,3709,8099,10,6,14,FR,France
199602,7,6166,4027,8305,11,7,15,FR,France
199601,7,7238,4902,9574,12,8,16,FR,France
199552,7,7808,5225,10391,14,10,18,FR,France
199551,7,10505,7602,13408,18,13,23,FR,France
199550,7,9513,7014,12012,16,12,20,FR,France
199549,7,10263,7482,13044,18,13,23,FR,France
199548,7,9491,6551,12431,16,11,21,FR,France
199547,7,11221,8016,14426,19,13,25,FR,France
199546,7,5104,2852,7356,9,5,13,FR,France
199545,7,5017,2797,7237,9,5,13,FR,France
199544,7,8374,5440,11308,14,9,19,FR,France
199543,7,6365,3429,9301,11,6,16,FR,France
199542,7,5827,3427,8227,10,6,14,FR,France
199541,7,5884,3274,8494,10,5,15,FR,France
199540,7,4653,2571,6735,8,4,12,FR,France
199539,7,4334,2014,6654,8,4,12,FR,France
199538,7,3821,1909,5733,7,4,10,FR,France
199537,7,2297,884,3710,4,2,6,FR,France
199536,7,2317,870,3764,4,1,7,FR,France
199535,7,2531,1035,4027,4,1,7,FR,France
199534,7,5067,2070,8064,9,4,14,FR,France
199533,7,4709,1793,7625,8,3,13,FR,France
199532,7,8030,3945,12115,14,7,21,FR,France
199531,7,12034,7228,16840,21,13,29,FR,France
199530,7,16283,11419,21147,28,20,36,FR,France
199529,7,15520,11209,19831,27,20,34,FR,France
199528,7,21385,16186,26584,37,28,46,FR,France
199527,7,31707,25490,37924,55,44,66,FR,France
199526,7,23680,18921,28439,41,33,49,FR,France
199525,7,27941,22665,33217,48,39,57,FR,France
199524,7,24813,19263,30363,43,33,53,FR,France
199523,7,19371,14610,24132,34,26,42,FR,France
199522,7,16158,12114,20202,28,21,35,FR,France
199521,7,14986,10952,19020,26,19,33,FR,France
199520,7,12831,9059,16603,22,15,29,FR,France
199519,7,15806,11585,20027,27,20,34,FR,France
199518,7,15333,10987,19679,27,19,35,FR,France
199517,7,15551,11471,19631,27,20,34,FR,France
199516,7,15939,12349,19529,28,22,34,FR,France
199515,7,16126,12689,19563,28,22,34,FR,France
199514,7,15247,11965,18529,26,20,32,FR,France
199513,7,16864,13368,20360,29,23,35,FR,France
199512,7,15875,12429,19321,27,21,33,FR,France
199511,7,12844,9644,16044,22,16,28,FR,France
199510,7,15346,11782,18910,27,21,33,FR,France
199509,7,14754,11260,18248,26,20,32,FR,France
199508,7,14521,11077,17965,25,19,31,FR,France
199507,7,14315,10809,17821,25,19,31,FR,France
199506,7,18089,14383,21795,31,25,37,FR,France
199505,7,13414,10176,16652,23,17,29,FR,France
199504,7,15743,12316,19170,27,21,33,FR,France
199503,7,13763,10614,16912,24,19,29,FR,France
199502,7,11495,8490,14500,20,15,25,FR,France
199501,7,13733,10266,17200,24,18,30,FR,France
199452,7,12696,9453,15939,22,16,28,FR,France
199451,7,10390,7458,13322,18,13,23,FR,France
199450,7,8048,5524,10572,14,10,18,FR,France
199449,7,8212,5651,10773,14,10,18,FR,France
199448,7,6481,4250,8712,11,7,15,FR,France
199447,7,7140,4666,9614,12,8,16,FR,France
199446,7,5021,2972,7070,9,5,13,FR,France
199445,7,6759,4267,9251,12,8,16,FR,France
199444,7,9276,5996,12556,16,10,22,FR,France
199443,7,5622,3091,8153,10,6,14,FR,France
199442,7,5848,3383,8313,10,6,14,FR,France
199441,7,4921,2796,7046,9,5,13,FR,France
199440,7,5936,3694,8178,10,6,14,FR,France
199439,7,4090,2080,6100,7,4,10,FR,France
199438,7,2734,1164,4304,5,2,8,FR,France
199437,7,4364,1957,6771,8,4,12,FR,France
199436,7,1991,509,3473,3,0,6,FR,France
199435,7,3676,1494,5858,6,2,10,FR,France
199434,7,6830,3728,9932,12,7,17,FR,France
199433,7,6933,3534,10332,12,6,18,FR,France
199432,7,4851,2299,7403,8,4,12,FR,France
199431,7,7346,3935,10757,13,7,19,FR,France
199430,7,17674,12807,22541,31,23,39,FR,France
199429,7,17175,12461,21889,30,22,38,FR,France
199428,7,16743,12021,21465,29,21,37,FR,France
199427,7,22335,17343,27327,39,30,48,FR,France
199426,7,23679,18832,28526,41,33,49,FR,France
199425,7,24951,20263,29639,43,35,51,FR,France
199424,7,29139,22549,35729,51,40,62,FR,France
199423,7,13583,3641,23525,24,7,41,FR,France
199422,7,16336,4640,28032,28,8,48,FR,France
199421,7,16477,11025,21929,29,20,38,FR,France
199420,7,12872,9458,16286,22,16,28,FR,France
199419,7,13769,10440,17098,24,18,30,FR,France
199418,7,13066,9917,16215,23,18,28,FR,France
199417,7,18648,14838,22458,32,25,39,FR,France
199416,7,17629,13660,21598,31,24,38,FR,France
199415,7,23128,18550,27706,40,32,48,FR,France
199414,7,20128,15971,24285,35,28,42,FR,France
199413,7,16259,12721,19797,28,22,34,FR,France
199412,7,15215,11581,18849,26,20,32,FR,France
199411,7,16439,12812,20066,29,23,35,FR,France
199410,7,20681,16433,24929,36,29,43,FR,France
199409,7,22652,17519,27785,39,30,48,FR,France
199408,7,22067,17044,27090,38,29,47,FR,France
199407,7,15332,11563,19101,27,20,34,FR,France
199406,7,15321,11710,18932,27,21,33,FR,France
199405,7,15264,11523,19005,27,21,33,FR,France
199404,7,10871,7697,14045,19,13,25,FR,France
199403,7,10882,7808,13956,19,14,24,FR,France
199402,7,11834,8348,15320,21,15,27,FR,France
199401,7,11104,8142,14066,19,14,24,FR,France
199352,7,9874,6746,13002,17,12,22,FR,France
199351,7,9565,6818,12312,17,12,22,FR,France
199350,7,6195,4181,8209,11,7,15,FR,France
199349,7,10095,7443,12747,18,13,23,FR,France
199348,7,6413,4261,8565,11,7,15,FR,France
199347,7,7543,4934,10152,13,8,18,FR,France
199346,7,7862,5175,10549,14,9,19,FR,France
199345,7,5648,3511,7785,10,6,14,FR,France
199344,7,6964,4509,9419,12,8,16,FR,France
199343,7,5976,3632,8320,10,6,14,FR,France
199342,7,7669,4853,10485,13,8,18,FR,France
199341,7,9657,6648,12666,17,12,22,FR,France
199340,7,5725,3082,8368,10,5,15,FR,France
199339,7,5520,3207,7833,10,6,14,FR,France
199338,7,2179,888,3470,4,2,6,FR,France
199337,7,1762,557,2967,3,1,5,FR,France
199336,7,3214,1526,4902,6,3,9,FR,France
199335,7,2335,910,3760,4,2,6,FR,France
199334,7,3770,1712,5828,7,3,11,FR,France
199333,7,5925,3250,8600,10,5,15,FR,France
199332,7,12711,8079,17343,22,14,30,FR,France
199331,7,12481,7874,17088,22,14,30,FR,France
199330,7,12584,8619,16549,22,15,29,FR,France
199329,7,13179,8991,17367,23,16,30,FR,France
199328,7,15293,11335,19251,27,20,34,FR,France
199327,7,14134,9791,18477,25,17,33,FR,France
199326,7,17937,13577,22297,31,23,39,FR,France
199325,7,19581,14916,24246,34,26,42,FR,France
199324,7,18285,13450,23120,32,24,40,FR,France
199323,7,16003,11927,20079,28,21,35,FR,France
199322,7,12652,8597,16707,22,15,29,FR,France
199321,7,15218,10970,19466,27,20,34,FR,France
199320,7,11343,7655,15031,20,14,26,FR,France
199319,7,12086,8856,15316,21,15,27,FR,France
199318,7,18898,14305,23491,33,25,41,FR,France
199317,7,14969,10565,19373,26,18,34,FR,France
199316,7,15102,11226,18978,26,19,33,FR,France
199315,7,15058,11183,18933,26,19,33,FR,France
199314,7,12425,9045,15805,22,16,28,FR,France
199313,7,12266,8927,15605,21,15,27,FR,France
199312,7,10821,7884,13758,19,14,24,FR,France
199311,7,11021,8006,14036,19,14,24,FR,France
199310,7,15847,12158,19536,28,22,34,FR,France
199309,7,15084,11059,19109,26,19,33,FR,France
199308,7,16967,12936,20998,30,23,37,FR,France
199307,7,16057,12350,19764,28,22,34,FR,France
199306,7,15887,12275,19499,28,22,34,FR,France
199305,7,15954,12443,19465,28,22,34,FR,France
199304,7,12374,9426,15322,22,17,27,FR,France
199303,7,15283,11831,18735,27,21,33,FR,France
199302,7,13366,10262,16470,23,18,28,FR,France
199301,7,18678,14977,22379,33,27,39,FR,France
199253,7,17829,13827,21831,31,24,38,FR,France
199252,7,14330,10582,18078,25,18,32,FR,France
199251,7,14635,11262,18008,26,20,32,FR,France
199250,7,15252,11566,18938,27,21,33,FR,France
199249,7,14411,11187,17635,25,19,31,FR,France
199248,7,10048,7396,12700,18,13,23,FR,France
199247,7,13069,9752,16386,23,17,29,FR,France
199246,7,6900,4727,9073,12,8,16,FR,France
199245,7,10791,7794,13788,19,14,24,FR,France
199244,7,10205,7482,12928,18,13,23,FR,France
199243,7,7196,4908,9484,13,9,17,FR,France
199242,7,5748,3738,7758,10,6,14,FR,France
199241,7,3587,2045,5129,6,3,9,FR,France
199240,7,5654,3442,7866,10,6,14,FR,France
199239,7,4747,2751,6743,8,5,11,FR,France
199238,7,2842,1306,4378,5,2,8,FR,France
199237,7,4103,2203,6003,7,4,10,FR,France
199236,7,2801,1200,4402,5,2,8,FR,France
199235,7,6428,3717,9139,11,6,16,FR,France
199234,7,7517,4190,10844,13,7,19,FR,France
199233,7,9951,5955,13947,17,10,24,FR,France
199232,7,16090,11337,20843,28,20,36,FR,France
199231,7,17156,12441,21871,30,22,38,FR,France
199230,7,21780,16301,27259,38,28,48,FR,France
199229,7,18926,13397,24455,33,23,43,FR,France
199228,7,28144,20384,35904,49,35,63,FR,France
199227,7,29388,22331,36445,51,39,63,FR,France
199226,7,27933,21686,34180,49,38,60,FR,France
199225,7,26446,21153,31739,46,37,55,FR,France
199224,7,19614,14769,24459,34,26,42,FR,France
199223,7,23628,17852,29404,41,31,51,FR,France
199222,7,20438,14868,26008,36,26,46,FR,France
199221,7,22595,17395,27795,40,31,49,FR,France
199220,7,21092,15963,26221,37,28,46,FR,France
199219,7,19210,13934,24486,34,25,43,FR,France
199218,7,30273,22605,37941,53,40,66,FR,France
199217,7,19162,14251,24073,34,25,43,FR,France
199216,7,15583,11158,20008,27,19,35,FR,France
199215,7,15473,10723,20223,27,19,35,FR,France
199214,7,14455,10040,18870,25,17,33,FR,France
199213,7,17146,12105,22187,30,21,39,FR,France
199212,7,15838,10923,20753,28,19,37,FR,France
199211,7,20003,13824,26182,35,24,46,FR,France
199210,7,22906,16060,29752,40,28,52,FR,France
199209,7,21824,15687,27961,38,27,49,FR,France
199208,7,15243,10265,20221,27,18,36,FR,France
199207,7,22633,16160,29106,40,29,51,FR,France
199206,7,17009,12219,21799,30,22,38,FR,France
199205,7,15997,11590,20404,28,20,36,FR,France
199204,7,20690,15075,26305,36,26,46,FR,France
199203,7,18586,12684,24488,33,23,43,FR,France
199202,7,16588,10590,22586,29,18,40,FR,France
199201,7,23607,16552,30662,41,29,53,FR,France
199152,7,15184,10392,19976,27,19,35,FR,France
199151,7,15043,10624,19462,26,18,34,FR,France
199150,7,14115,9737,18493,25,17,33,FR,France
199149,7,13304,8548,18060,23,15,31,FR,France
199148,7,15370,10164,20576,27,18,36,FR,France
199147,7,12813,8139,17487,23,15,31,FR,France
199146,7,6453,3123,9783,11,5,17,FR,France
199145,7,8048,4083,12013,14,7,21,FR,France
199144,7,9882,5623,14141,17,10,24,FR,France
199143,7,14307,8645,19969,25,15,35,FR,France
199142,7,6419,3334,9504,11,6,16,FR,France
199141,7,6168,3113,9223,11,6,16,FR,France
199140,7,3615,1159,6071,6,2,10,FR,France
199139,7,3105,472,5738,5,0,10,FR,France
199138,7,4446,1435,7457,8,3,13,FR,France
199137,7,1457,0,3262,3,0,6,FR,France
199136,7,3053,29,6077,5,0,10,FR,France
199135,7,805,0,2556,1,0,4,FR,France
199134,7,5512,856,10168,10,2,18,FR,France
199133,7,7347,2903,11791,13,5,21,FR,France
199132,7,16099,7334,24864,28,13,43,FR,France
199131,7,16803,8145,25461,30,15,45,FR,France
199130,7,15915,6368,25462,28,11,45,FR,France
199129,7,23744,14703,32785,42,26,58,FR,France
199128,7,24222,15617,32827,43,28,58,FR,France
199127,7,20309,12868,27750,36,23,49,FR,France
199126,7,17608,11304,23912,31,20,42,FR,France
199125,7,16169,10700,21638,28,18,38,FR,France
199124,7,16171,10071,22271,28,17,39,FR,France
199123,7,11947,7671,16223,21,13,29,FR,France
199122,7,15452,9953,20951,27,17,37,FR,France
199121,7,14903,8975,20831,26,16,36,FR,France
199120,7,19053,12742,25364,34,23,45,FR,France
199119,7,16739,11246,22232,29,19,39,FR,France
199118,7,21385,13882,28888,38,25,51,FR,France
199117,7,13462,8877,18047,24,16,32,FR,France
199116,7,14857,10068,19646,26,18,34,FR,France
199115,7,13975,9781,18169,25,18,32,FR,France
199114,7,12265,7684,16846,22,14,30,FR,France
199113,7,9567,6041,13093,17,11,23,FR,France
199112,7,10864,7331,14397,19,13,25,FR,France
199111,7,15574,11184,19964,27,19,35,FR,France
199110,7,16643,11372,21914,29,20,38,FR,France
199109,7,13741,8780,18702,24,15,33,FR,France
199108,7,13289,8813,17765,23,15,31,FR,France
199107,7,12337,8077,16597,22,15,29,FR,France
199106,7,10877,7013,14741,19,12,26,FR,France
199105,7,10442,6544,14340,18,11,25,FR,France
199104,7,7913,4563,11263,14,8,20,FR,France
199103,7,15387,10484,20290,27,18,36,FR,France
199102,7,16277,11046,21508,29,20,38,FR,France
199101,7,15565,10271,20859,27,18,36,FR,France
199052,7,19375,13295,25455,34,23,45,FR,France
199051,7,19080,13807,24353,34,25,43,FR,France
199050,7,11079,6660,15498,20,12,28,FR,France
199049,7,1143,0,2610,2,0,5,FR,France
